=== poging 1 — 20:38:13 ===
HERVAT bij stap 2501. Vorige keer eindigde met 'incident', 0 minuten geleden.
========================================================================
Leven in de wereld
========================================================================
14,368,528 parameters op cuda
170000 stappen, herhaling 37.5%, wereld open tot diepte 5
proefwerk elke 500 stappen, 150 opgaven per stuk

  stap     0 | diepte  18%  diepte2  26%  gemengd  29%  grondslag  27%  ladder  57%
  stap  2516 | wereld open: code tot 6
Traceback (most recent call last):
  File "/home/arch/amber-werk/fase1/leven.py", line 99, in <module>
    uit = leerder.werk(stap)
  File "/home/arch/amber-werk/fase1/../kern/leren.py", line 509, in werk
    fout = self.leer(brokje)
  File "/home/arch/amber-werk/fase1/../kern/leren.py", line 439, in leer
    fouten.append(self._stap(brokje))
                  ~~~~~~~~~~^^^^^^^^
  File "/home/arch/amber-werk/fase1/../kern/leren.py", line 371, in _stap
    return self._stap_echt(brokje)
           ~~~~~~~~~~~~~~~^^^^^^^^
  File "/home/arch/amber-werk/fase1/../kern/leren.py", line 392, in _stap_echt
    fout.backward()
    ~~~~~~~~~~~~~^^
  File "/home/arch/.local/lib/python3.14/site-packages/torch/_tensor.py", line 631, in backward
    torch.autograd.backward(
    ~~~~~~~~~~~~~~~~~~~~~~~^
        self, gradient, retain_graph, create_graph, inputs=inputs
        ^^^^^^^^^^^^^^^^^^^^^^^^^^^^^^^^^^^^^^^^^^^^^^^^^^^^^^^^^
    )
    ^
  File "/home/arch/.local/lib/python3.14/site-packages/torch/autograd/__init__.py", line 379, in backward
    _engine_run_backward(
    ~~~~~~~~~~~~~~~~~~~~^
        tensors,
        ^^^^^^^^
    ...<5 lines>...
        accumulate_grad=True,
        ^^^^^^^^^^^^^^^^^^^^^
    )
    ^
  File "/home/arch/.local/lib/python3.14/site-packages/torch/autograd/graph.py", line 882, in _engine_run_backward
    return Variable._execution_engine.run_backward(  # Calls into the C++ engine to run the backward pass
           ~~~~~~~~~~~~~~~~~~~~~~~~~~~~~~~~~~~~~~~^^^^^^^^^^^^^^^^^^^^^^^^^^^^^^^^^^^^^^^^^^^^^^^^^^^^^^^
        t_outputs, *args, **kwargs
        ^^^^^^^^^^^^^^^^^^^^^^^^^^
    )  # Calls into the C++ engine to run the backward pass
    ^
torch.OutOfMemoryError: CUDA out of memory. Tried to allocate 236.00 MiB. GPU 0 has a total capacity of 7.66 GiB of which 37.69 MiB is free. Including non-PyTorch memory, this process has 7.35 GiB memory in use. Of the allocated memory 6.15 GiB is allocated by PyTorch, and 971.33 MiB is reserved by PyTorch but unallocated. If reserved but unallocated memory is large try setting PYTORCH_CUDA_ALLOC_CONF=expandable_segments:True to avoid fragmentation.  See documentation for Memory Management  (https://docs.pytorch.org/docs/stable/notes/cuda.html#optimizing-memory-usage-with-pytorch-cuda-alloc-conf)
=== omgevallen, opnieuw over 15 s ===
=== poging 2 — 20:39:27 ===
HERVAT bij stap 2501. Vorige keer eindigde met 'incident', 0 minuten geleden.
========================================================================
Leven in de wereld
========================================================================
14,368,528 parameters op cuda
170000 stappen, herhaling 37.5%, wereld open tot diepte 5
proefwerk elke 500 stappen, 150 opgaven per stuk

  stap     0 | diepte  18%  diepte2  26%  gemengd  29%  grondslag  27%  ladder  57%
  stap  2516 | wereld open: code tot 6
Traceback (most recent call last):
  File "/home/arch/amber-werk/fase1/leven.py", line 99, in <module>
    uit = leerder.werk(stap)
  File "/home/arch/amber-werk/fase1/../kern/leren.py", line 509, in werk
    fout = self.leer(brokje)
  File "/home/arch/amber-werk/fase1/../kern/leren.py", line 439, in leer
    fouten.append(self._stap(brokje))
                  ~~~~~~~~~~^^^^^^^^
  File "/home/arch/amber-werk/fase1/../kern/leren.py", line 371, in _stap
    return self._stap_echt(brokje)
           ~~~~~~~~~~~~~~~^^^^^^^^
  File "/home/arch/amber-werk/fase1/../kern/leren.py", line 392, in _stap_echt
    fout.backward()
    ~~~~~~~~~~~~~^^
  File "/home/arch/.local/lib/python3.14/site-packages/torch/_tensor.py", line 631, in backward
    torch.autograd.backward(
    ~~~~~~~~~~~~~~~~~~~~~~~^
        self, gradient, retain_graph, create_graph, inputs=inputs
        ^^^^^^^^^^^^^^^^^^^^^^^^^^^^^^^^^^^^^^^^^^^^^^^^^^^^^^^^^
    )
    ^
  File "/home/arch/.local/lib/python3.14/site-packages/torch/autograd/__init__.py", line 379, in backward
    _engine_run_backward(
    ~~~~~~~~~~~~~~~~~~~~^
        tensors,
        ^^^^^^^^
    ...<5 lines>...
        accumulate_grad=True,
        ^^^^^^^^^^^^^^^^^^^^^
    )
    ^
  File "/home/arch/.local/lib/python3.14/site-packages/torch/autograd/graph.py", line 882, in _engine_run_backward
    return Variable._execution_engine.run_backward(  # Calls into the C++ engine to run the backward pass
           ~~~~~~~~~~~~~~~~~~~~~~~~~~~~~~~~~~~~~~~^^^^^^^^^^^^^^^^^^^^^^^^^^^^^^^^^^^^^^^^^^^^^^^^^^^^^^^
        t_outputs, *args, **kwargs
        ^^^^^^^^^^^^^^^^^^^^^^^^^^
    )  # Calls into the C++ engine to run the backward pass
    ^
torch.OutOfMemoryError: CUDA out of memory. Tried to allocate 230.00 MiB. GPU 0 has a total capacity of 7.66 GiB of which 183.69 MiB is free. Including non-PyTorch memory, this process has 7.21 GiB memory in use. Of the allocated memory 6.06 GiB is allocated by PyTorch, and 914.37 MiB is reserved by PyTorch but unallocated. If reserved but unallocated memory is large try setting PYTORCH_CUDA_ALLOC_CONF=expandable_segments:True to avoid fragmentation.  See documentation for Memory Management  (https://docs.pytorch.org/docs/stable/notes/cuda.html#optimizing-memory-usage-with-pytorch-cuda-alloc-conf)
=== omgevallen, opnieuw over 15 s ===
=== poging 3 — 20:40:41 ===
HERVAT bij stap 2501. Vorige keer eindigde met 'incident', 0 minuten geleden.
========================================================================
Leven in de wereld
========================================================================
14,368,528 parameters op cuda
170000 stappen, herhaling 37.5%, wereld open tot diepte 5
proefwerk elke 500 stappen, 150 opgaven per stuk

  stap     0 | diepte  18%  diepte2  26%  gemengd  29%  grondslag  27%  ladder  57%
  stap  2516 | wereld open: code tot 6
Traceback (most recent call last):
  File "/home/arch/amber-werk/fase1/leven.py", line 99, in <module>
    uit = leerder.werk(stap)
  File "/home/arch/amber-werk/fase1/../kern/leren.py", line 509, in werk
    fout = self.leer(brokje)
  File "/home/arch/amber-werk/fase1/../kern/leren.py", line 439, in leer
    fouten.append(self._stap(brokje))
                  ~~~~~~~~~~^^^^^^^^
  File "/home/arch/amber-werk/fase1/../kern/leren.py", line 371, in _stap
    return self._stap_echt(brokje)
           ~~~~~~~~~~~~~~~^^^^^^^^
  File "/home/arch/amber-werk/fase1/../kern/leren.py", line 392, in _stap_echt
    fout.backward()
    ~~~~~~~~~~~~~^^
  File "/home/arch/.local/lib/python3.14/site-packages/torch/_tensor.py", line 631, in backward
    torch.autograd.backward(
    ~~~~~~~~~~~~~~~~~~~~~~~^
        self, gradient, retain_graph, create_graph, inputs=inputs
        ^^^^^^^^^^^^^^^^^^^^^^^^^^^^^^^^^^^^^^^^^^^^^^^^^^^^^^^^^
    )
    ^
  File "/home/arch/.local/lib/python3.14/site-packages/torch/autograd/__init__.py", line 379, in backward
    _engine_run_backward(
    ~~~~~~~~~~~~~~~~~~~~^
        tensors,
        ^^^^^^^^
    ...<5 lines>...
        accumulate_grad=True,
        ^^^^^^^^^^^^^^^^^^^^^
    )
    ^
  File "/home/arch/.local/lib/python3.14/site-packages/torch/autograd/graph.py", line 882, in _engine_run_backward
    return Variable._execution_engine.run_backward(  # Calls into the C++ engine to run the backward pass
           ~~~~~~~~~~~~~~~~~~~~~~~~~~~~~~~~~~~~~~~^^^^^^^^^^^^^^^^^^^^^^^^^^^^^^^^^^^^^^^^^^^^^^^^^^^^^^^
        t_outputs, *args, **kwargs
        ^^^^^^^^^^^^^^^^^^^^^^^^^^
    )  # Calls into the C++ engine to run the backward pass
    ^
torch.OutOfMemoryError: CUDA out of memory. Tried to allocate 236.00 MiB. GPU 0 has a total capacity of 7.66 GiB of which 37.69 MiB is free. Including non-PyTorch memory, this process has 7.35 GiB memory in use. Of the allocated memory 6.15 GiB is allocated by PyTorch, and 971.33 MiB is reserved by PyTorch but unallocated. If reserved but unallocated memory is large try setting PYTORCH_CUDA_ALLOC_CONF=expandable_segments:True to avoid fragmentation.  See documentation for Memory Management  (https://docs.pytorch.org/docs/stable/notes/cuda.html#optimizing-memory-usage-with-pytorch-cuda-alloc-conf)
=== omgevallen, opnieuw over 15 s ===
=== poging 4 — 20:41:54 ===
HERVAT bij stap 2501. Vorige keer eindigde met 'incident', 0 minuten geleden.
========================================================================
Leven in de wereld
========================================================================
14,368,528 parameters op cuda
170000 stappen, herhaling 37.5%, wereld open tot diepte 5
proefwerk elke 500 stappen, 150 opgaven per stuk

  stap     0 | diepte  18%  diepte2  26%  gemengd  29%  grondslag  27%  ladder  57%
  stap  2516 | wereld open: code tot 6
Traceback (most recent call last):
  File "/home/arch/amber-werk/fase1/leven.py", line 104, in <module>
    uit = leerder.werk(stap)
  File "/home/arch/amber-werk/fase1/../kern/leren.py", line 509, in werk
    fout = self.leer(brokje)
  File "/home/arch/amber-werk/fase1/../kern/leren.py", line 439, in leer
    fouten.append(self._stap(brokje))
                  ~~~~~~~~~~^^^^^^^^
  File "/home/arch/amber-werk/fase1/../kern/leren.py", line 371, in _stap
    return self._stap_echt(brokje)
           ~~~~~~~~~~~~~~~^^^^^^^^
  File "/home/arch/amber-werk/fase1/../kern/leren.py", line 392, in _stap_echt
    fout.backward()
    ~~~~~~~~~~~~~^^
  File "/home/arch/.local/lib/python3.14/site-packages/torch/_tensor.py", line 631, in backward
    torch.autograd.backward(
    ~~~~~~~~~~~~~~~~~~~~~~~^
        self, gradient, retain_graph, create_graph, inputs=inputs
        ^^^^^^^^^^^^^^^^^^^^^^^^^^^^^^^^^^^^^^^^^^^^^^^^^^^^^^^^^
    )
    ^
  File "/home/arch/.local/lib/python3.14/site-packages/torch/autograd/__init__.py", line 379, in backward
    _engine_run_backward(
    ~~~~~~~~~~~~~~~~~~~~^
        tensors,
        ^^^^^^^^
    ...<5 lines>...
        accumulate_grad=True,
        ^^^^^^^^^^^^^^^^^^^^^
    )
    ^
  File "/home/arch/.local/lib/python3.14/site-packages/torch/autograd/graph.py", line 882, in _engine_run_backward
    return Variable._execution_engine.run_backward(  # Calls into the C++ engine to run the backward pass
           ~~~~~~~~~~~~~~~~~~~~~~~~~~~~~~~~~~~~~~~^^^^^^^^^^^^^^^^^^^^^^^^^^^^^^^^^^^^^^^^^^^^^^^^^^^^^^^
        t_outputs, *args, **kwargs
        ^^^^^^^^^^^^^^^^^^^^^^^^^^
    )  # Calls into the C++ engine to run the backward pass
    ^
torch.OutOfMemoryError: CUDA out of memory. Tried to allocate 230.00 MiB. GPU 0 has a total capacity of 7.66 GiB of which 181.69 MiB is free. Including non-PyTorch memory, this process has 7.21 GiB memory in use. Of the allocated memory 6.06 GiB is allocated by PyTorch, and 916.37 MiB is reserved by PyTorch but unallocated. If reserved but unallocated memory is large try setting PYTORCH_CUDA_ALLOC_CONF=expandable_segments:True to avoid fragmentation.  See documentation for Memory Management  (https://docs.pytorch.org/docs/stable/notes/cuda.html#optimizing-memory-usage-with-pytorch-cuda-alloc-conf)
=== omgevallen, opnieuw over 15 s ===
=== poging 5 — 20:43:07 ===
HERVAT bij stap 2501. Vorige keer eindigde met 'incident', 0 minuten geleden.
========================================================================
Leven in de wereld
========================================================================
14,368,528 parameters op cuda
170000 stappen, herhaling 37.5%, wereld open tot diepte 5
proefwerk elke 500 stappen, 150 opgaven per stuk

  stap     0 | diepte  18%  diepte2  26%  gemengd  29%  grondslag  27%  ladder  57%
  stap  2516 | wereld open: code tot 6
Traceback (most recent call last):
  File "/home/arch/amber-werk/fase1/leven.py", line 104, in <module>
    uit = leerder.werk(stap)
  File "/home/arch/amber-werk/fase1/../kern/leren.py", line 509, in werk
    fout = self.leer(brokje)
  File "/home/arch/amber-werk/fase1/../kern/leren.py", line 439, in leer
    fouten.append(self._stap(brokje))
                  ~~~~~~~~~~^^^^^^^^
  File "/home/arch/amber-werk/fase1/../kern/leren.py", line 371, in _stap
    return self._stap_echt(brokje)
           ~~~~~~~~~~~~~~~^^^^^^^^
  File "/home/arch/amber-werk/fase1/../kern/leren.py", line 392, in _stap_echt
    fout.backward()
    ~~~~~~~~~~~~~^^
  File "/home/arch/.local/lib/python3.14/site-packages/torch/_tensor.py", line 631, in backward
    torch.autograd.backward(
    ~~~~~~~~~~~~~~~~~~~~~~~^
        self, gradient, retain_graph, create_graph, inputs=inputs
        ^^^^^^^^^^^^^^^^^^^^^^^^^^^^^^^^^^^^^^^^^^^^^^^^^^^^^^^^^
    )
    ^
  File "/home/arch/.local/lib/python3.14/site-packages/torch/autograd/__init__.py", line 379, in backward
    _engine_run_backward(
    ~~~~~~~~~~~~~~~~~~~~^
        tensors,
        ^^^^^^^^
    ...<5 lines>...
        accumulate_grad=True,
        ^^^^^^^^^^^^^^^^^^^^^
    )
    ^
  File "/home/arch/.local/lib/python3.14/site-packages/torch/autograd/graph.py", line 882, in _engine_run_backward
    return Variable._execution_engine.run_backward(  # Calls into the C++ engine to run the backward pass
           ~~~~~~~~~~~~~~~~~~~~~~~~~~~~~~~~~~~~~~~^^^^^^^^^^^^^^^^^^^^^^^^^^^^^^^^^^^^^^^^^^^^^^^^^^^^^^^
        t_outputs, *args, **kwargs
        ^^^^^^^^^^^^^^^^^^^^^^^^^^
    )  # Calls into the C++ engine to run the backward pass
    ^
torch.OutOfMemoryError: CUDA out of memory. Tried to allocate 230.00 MiB. GPU 0 has a total capacity of 7.66 GiB of which 181.69 MiB is free. Including non-PyTorch memory, this process has 7.21 GiB memory in use. Of the allocated memory 6.06 GiB is allocated by PyTorch, and 916.37 MiB is reserved by PyTorch but unallocated. If reserved but unallocated memory is large try setting PYTORCH_CUDA_ALLOC_CONF=expandable_segments:True to avoid fragmentation.  See documentation for Memory Management  (https://docs.pytorch.org/docs/stable/notes/cuda.html#optimizing-memory-usage-with-pytorch-cuda-alloc-conf)
=== omgevallen, opnieuw over 15 s ===
=== poging 6 — 20:44:21 ===
HERVAT bij stap 2501. Vorige keer eindigde met 'incident', 0 minuten geleden.
========================================================================
Leven in de wereld
========================================================================
14,368,528 parameters op cuda
170000 stappen, herhaling 37.5%, wereld open tot diepte 5
proefwerk elke 500 stappen, 150 opgaven per stuk

  stap     0 | diepte  18%  diepte2  26%  gemengd  29%  grondslag  27%  ladder  57%
  stap  2516 | wereld open: code tot 6
Traceback (most recent call last):
  File "/home/arch/amber-werk/fase1/leven.py", line 104, in <module>
    uit = leerder.werk(stap)
  File "/home/arch/amber-werk/fase1/../kern/leren.py", line 509, in werk
    fout = self.leer(brokje)
  File "/home/arch/amber-werk/fase1/../kern/leren.py", line 439, in leer
    fouten.append(self._stap(brokje))
                  ~~~~~~~~~~^^^^^^^^
  File "/home/arch/amber-werk/fase1/../kern/leren.py", line 371, in _stap
    return self._stap_echt(brokje)
           ~~~~~~~~~~~~~~~^^^^^^^^
  File "/home/arch/amber-werk/fase1/../kern/leren.py", line 392, in _stap_echt
    fout.backward()
    ~~~~~~~~~~~~~^^
  File "/home/arch/.local/lib/python3.14/site-packages/torch/_tensor.py", line 631, in backward
    torch.autograd.backward(
    ~~~~~~~~~~~~~~~~~~~~~~~^
        self, gradient, retain_graph, create_graph, inputs=inputs
        ^^^^^^^^^^^^^^^^^^^^^^^^^^^^^^^^^^^^^^^^^^^^^^^^^^^^^^^^^
    )
    ^
  File "/home/arch/.local/lib/python3.14/site-packages/torch/autograd/__init__.py", line 379, in backward
    _engine_run_backward(
    ~~~~~~~~~~~~~~~~~~~~^
        tensors,
        ^^^^^^^^
    ...<5 lines>...
        accumulate_grad=True,
        ^^^^^^^^^^^^^^^^^^^^^
    )
    ^
  File "/home/arch/.local/lib/python3.14/site-packages/torch/autograd/graph.py", line 882, in _engine_run_backward
    return Variable._execution_engine.run_backward(  # Calls into the C++ engine to run the backward pass
           ~~~~~~~~~~~~~~~~~~~~~~~~~~~~~~~~~~~~~~~^^^^^^^^^^^^^^^^^^^^^^^^^^^^^^^^^^^^^^^^^^^^^^^^^^^^^^^
        t_outputs, *args, **kwargs
        ^^^^^^^^^^^^^^^^^^^^^^^^^^
    )  # Calls into the C++ engine to run the backward pass
    ^
torch.OutOfMemoryError: CUDA out of memory. Tried to allocate 230.00 MiB. GPU 0 has a total capacity of 7.66 GiB of which 183.69 MiB is free. Including non-PyTorch memory, this process has 7.21 GiB memory in use. Of the allocated memory 6.06 GiB is allocated by PyTorch, and 914.37 MiB is reserved by PyTorch but unallocated. If reserved but unallocated memory is large try setting PYTORCH_CUDA_ALLOC_CONF=expandable_segments:True to avoid fragmentation.  See documentation for Memory Management  (https://docs.pytorch.org/docs/stable/notes/cuda.html#optimizing-memory-usage-with-pytorch-cuda-alloc-conf)
=== omgevallen, opnieuw over 15 s ===
=== poging 7 — 20:45:34 ===
HERVAT bij stap 2501. Vorige keer eindigde met 'incident', 0 minuten geleden.
========================================================================
Leven in de wereld
========================================================================
14,368,528 parameters op cuda
170000 stappen, herhaling 37.5%, wereld open tot diepte 5
proefwerk elke 500 stappen, 150 opgaven per stuk

  stap     0 | diepte  18%  diepte2  26%  gemengd  29%  grondslag  27%  ladder  57%
  stap  2516 | wereld open: code tot 6
Traceback (most recent call last):
  File "/home/arch/amber-werk/fase1/leven.py", line 104, in <module>
    uit = leerder.werk(stap)
  File "/home/arch/amber-werk/fase1/../kern/leren.py", line 509, in werk
    fout = self.leer(brokje)
  File "/home/arch/amber-werk/fase1/../kern/leren.py", line 439, in leer
    fouten.append(self._stap(brokje))
                  ~~~~~~~~~~^^^^^^^^
  File "/home/arch/amber-werk/fase1/../kern/leren.py", line 371, in _stap
    return self._stap_echt(brokje)
           ~~~~~~~~~~~~~~~^^^^^^^^
  File "/home/arch/amber-werk/fase1/../kern/leren.py", line 392, in _stap_echt
    fout.backward()
    ~~~~~~~~~~~~~^^
  File "/home/arch/.local/lib/python3.14/site-packages/torch/_tensor.py", line 631, in backward
    torch.autograd.backward(
    ~~~~~~~~~~~~~~~~~~~~~~~^
        self, gradient, retain_graph, create_graph, inputs=inputs
        ^^^^^^^^^^^^^^^^^^^^^^^^^^^^^^^^^^^^^^^^^^^^^^^^^^^^^^^^^
    )
    ^
  File "/home/arch/.local/lib/python3.14/site-packages/torch/autograd/__init__.py", line 379, in backward
    _engine_run_backward(
    ~~~~~~~~~~~~~~~~~~~~^
        tensors,
        ^^^^^^^^
    ...<5 lines>...
        accumulate_grad=True,
        ^^^^^^^^^^^^^^^^^^^^^
    )
    ^
  File "/home/arch/.local/lib/python3.14/site-packages/torch/autograd/graph.py", line 882, in _engine_run_backward
    return Variable._execution_engine.run_backward(  # Calls into the C++ engine to run the backward pass
           ~~~~~~~~~~~~~~~~~~~~~~~~~~~~~~~~~~~~~~~^^^^^^^^^^^^^^^^^^^^^^^^^^^^^^^^^^^^^^^^^^^^^^^^^^^^^^^
        t_outputs, *args, **kwargs
        ^^^^^^^^^^^^^^^^^^^^^^^^^^
    )  # Calls into the C++ engine to run the backward pass
    ^
torch.OutOfMemoryError: CUDA out of memory. Tried to allocate 230.00 MiB. GPU 0 has a total capacity of 7.66 GiB of which 183.69 MiB is free. Including non-PyTorch memory, this process has 7.21 GiB memory in use. Of the allocated memory 6.06 GiB is allocated by PyTorch, and 914.37 MiB is reserved by PyTorch but unallocated. If reserved but unallocated memory is large try setting PYTORCH_CUDA_ALLOC_CONF=expandable_segments:True to avoid fragmentation.  See documentation for Memory Management  (https://docs.pytorch.org/docs/stable/notes/cuda.html#optimizing-memory-usage-with-pytorch-cuda-alloc-conf)
=== omgevallen, opnieuw over 15 s ===
=== poging 8 — 20:46:48 ===
HERVAT bij stap 2501. Vorige keer eindigde met 'incident', 0 minuten geleden.
========================================================================
Leven in de wereld
========================================================================
14,368,528 parameters op cuda
170000 stappen, herhaling 37.5%, wereld open tot diepte 5
proefwerk elke 500 stappen, 150 opgaven per stuk

  stap     0 | diepte  18%  diepte2  26%  gemengd  29%  grondslag  27%  ladder  57%
  stap  2516 | wereld open: code tot 6
Traceback (most recent call last):
  File "/home/arch/amber-werk/fase1/leven.py", line 104, in <module>
    uit = leerder.werk(stap)
  File "/home/arch/amber-werk/fase1/../kern/leren.py", line 509, in werk
    fout = self.leer(brokje)
  File "/home/arch/amber-werk/fase1/../kern/leren.py", line 439, in leer
    fouten.append(self._stap(brokje))
                  ~~~~~~~~~~^^^^^^^^
  File "/home/arch/amber-werk/fase1/../kern/leren.py", line 371, in _stap
    return self._stap_echt(brokje)
           ~~~~~~~~~~~~~~~^^^^^^^^
  File "/home/arch/amber-werk/fase1/../kern/leren.py", line 392, in _stap_echt
    fout.backward()
    ~~~~~~~~~~~~~^^
  File "/home/arch/.local/lib/python3.14/site-packages/torch/_tensor.py", line 631, in backward
    torch.autograd.backward(
    ~~~~~~~~~~~~~~~~~~~~~~~^
        self, gradient, retain_graph, create_graph, inputs=inputs
        ^^^^^^^^^^^^^^^^^^^^^^^^^^^^^^^^^^^^^^^^^^^^^^^^^^^^^^^^^
    )
    ^
  File "/home/arch/.local/lib/python3.14/site-packages/torch/autograd/__init__.py", line 379, in backward
    _engine_run_backward(
    ~~~~~~~~~~~~~~~~~~~~^
        tensors,
        ^^^^^^^^
    ...<5 lines>...
        accumulate_grad=True,
        ^^^^^^^^^^^^^^^^^^^^^
    )
    ^
  File "/home/arch/.local/lib/python3.14/site-packages/torch/autograd/graph.py", line 882, in _engine_run_backward
    return Variable._execution_engine.run_backward(  # Calls into the C++ engine to run the backward pass
           ~~~~~~~~~~~~~~~~~~~~~~~~~~~~~~~~~~~~~~~^^^^^^^^^^^^^^^^^^^^^^^^^^^^^^^^^^^^^^^^^^^^^^^^^^^^^^^
        t_outputs, *args, **kwargs
        ^^^^^^^^^^^^^^^^^^^^^^^^^^
    )  # Calls into the C++ engine to run the backward pass
    ^
torch.OutOfMemoryError: CUDA out of memory. Tried to allocate 230.00 MiB. GPU 0 has a total capacity of 7.66 GiB of which 183.69 MiB is free. Including non-PyTorch memory, this process has 7.21 GiB memory in use. Of the allocated memory 6.06 GiB is allocated by PyTorch, and 914.37 MiB is reserved by PyTorch but unallocated. If reserved but unallocated memory is large try setting PYTORCH_CUDA_ALLOC_CONF=expandable_segments:True to avoid fragmentation.  See documentation for Memory Management  (https://docs.pytorch.org/docs/stable/notes/cuda.html#optimizing-memory-usage-with-pytorch-cuda-alloc-conf)
=== omgevallen, opnieuw over 15 s ===
=== poging 9 — 20:48:01 ===
HERVAT bij stap 2501. Vorige keer eindigde met 'incident', 0 minuten geleden.
========================================================================
Leven in de wereld
========================================================================
14,368,528 parameters op cuda
170000 stappen, herhaling 37.5%, wereld open tot diepte 5
proefwerk elke 500 stappen, 150 opgaven per stuk

  stap     0 | diepte  18%  diepte2  26%  gemengd  29%  grondslag  27%  ladder  57%
  stap  2516 | wereld open: code tot 6
Traceback (most recent call last):
  File "/home/arch/amber-werk/fase1/leven.py", line 104, in <module>
    uit = leerder.werk(stap)
  File "/home/arch/amber-werk/fase1/../kern/leren.py", line 509, in werk
    fout = self.leer(brokje)
  File "/home/arch/amber-werk/fase1/../kern/leren.py", line 439, in leer
    fouten.append(self._stap(brokje))
                  ~~~~~~~~~~^^^^^^^^
  File "/home/arch/amber-werk/fase1/../kern/leren.py", line 371, in _stap
    return self._stap_echt(brokje)
           ~~~~~~~~~~~~~~~^^^^^^^^
  File "/home/arch/amber-werk/fase1/../kern/leren.py", line 392, in _stap_echt
    fout.backward()
    ~~~~~~~~~~~~~^^
  File "/home/arch/.local/lib/python3.14/site-packages/torch/_tensor.py", line 631, in backward
    torch.autograd.backward(
    ~~~~~~~~~~~~~~~~~~~~~~~^
        self, gradient, retain_graph, create_graph, inputs=inputs
        ^^^^^^^^^^^^^^^^^^^^^^^^^^^^^^^^^^^^^^^^^^^^^^^^^^^^^^^^^
    )
    ^
  File "/home/arch/.local/lib/python3.14/site-packages/torch/autograd/__init__.py", line 379, in backward
    _engine_run_backward(
    ~~~~~~~~~~~~~~~~~~~~^
        tensors,
        ^^^^^^^^
    ...<5 lines>...
        accumulate_grad=True,
        ^^^^^^^^^^^^^^^^^^^^^
    )
    ^
  File "/home/arch/.local/lib/python3.14/site-packages/torch/autograd/graph.py", line 882, in _engine_run_backward
    return Variable._execution_engine.run_backward(  # Calls into the C++ engine to run the backward pass
           ~~~~~~~~~~~~~~~~~~~~~~~~~~~~~~~~~~~~~~~^^^^^^^^^^^^^^^^^^^^^^^^^^^^^^^^^^^^^^^^^^^^^^^^^^^^^^^
        t_outputs, *args, **kwargs
        ^^^^^^^^^^^^^^^^^^^^^^^^^^
    )  # Calls into the C++ engine to run the backward pass
    ^
torch.OutOfMemoryError: CUDA out of memory. Tried to allocate 230.00 MiB. GPU 0 has a total capacity of 7.66 GiB of which 181.69 MiB is free. Including non-PyTorch memory, this process has 7.21 GiB memory in use. Of the allocated memory 6.06 GiB is allocated by PyTorch, and 916.37 MiB is reserved by PyTorch but unallocated. If reserved but unallocated memory is large try setting PYTORCH_CUDA_ALLOC_CONF=expandable_segments:True to avoid fragmentation.  See documentation for Memory Management  (https://docs.pytorch.org/docs/stable/notes/cuda.html#optimizing-memory-usage-with-pytorch-cuda-alloc-conf)
=== omgevallen, opnieuw over 15 s ===
=== poging 10 — 20:49:15 ===
HERVAT bij stap 2501. Vorige keer eindigde met 'incident', 0 minuten geleden.
========================================================================
Leven in de wereld
========================================================================
14,368,528 parameters op cuda
170000 stappen, herhaling 37.5%, wereld open tot diepte 5
proefwerk elke 500 stappen, 150 opgaven per stuk

  stap     0 | diepte  18%  diepte2  26%  gemengd  29%  grondslag  27%  ladder  57%
  stap  2516 | wereld open: code tot 6
Traceback (most recent call last):
  File "/home/arch/amber-werk/fase1/leven.py", line 104, in <module>
    uit = leerder.werk(stap)
  File "/home/arch/amber-werk/fase1/../kern/leren.py", line 509, in werk
    fout = self.leer(brokje)
  File "/home/arch/amber-werk/fase1/../kern/leren.py", line 439, in leer
    fouten.append(self._stap(brokje))
                  ~~~~~~~~~~^^^^^^^^
  File "/home/arch/amber-werk/fase1/../kern/leren.py", line 371, in _stap
    return self._stap_echt(brokje)
           ~~~~~~~~~~~~~~~^^^^^^^^
  File "/home/arch/amber-werk/fase1/../kern/leren.py", line 392, in _stap_echt
    fout.backward()
    ~~~~~~~~~~~~~^^
  File "/home/arch/.local/lib/python3.14/site-packages/torch/_tensor.py", line 631, in backward
    torch.autograd.backward(
    ~~~~~~~~~~~~~~~~~~~~~~~^
        self, gradient, retain_graph, create_graph, inputs=inputs
        ^^^^^^^^^^^^^^^^^^^^^^^^^^^^^^^^^^^^^^^^^^^^^^^^^^^^^^^^^
    )
    ^
  File "/home/arch/.local/lib/python3.14/site-packages/torch/autograd/__init__.py", line 379, in backward
    _engine_run_backward(
    ~~~~~~~~~~~~~~~~~~~~^
        tensors,
        ^^^^^^^^
    ...<5 lines>...
        accumulate_grad=True,
        ^^^^^^^^^^^^^^^^^^^^^
    )
    ^
  File "/home/arch/.local/lib/python3.14/site-packages/torch/autograd/graph.py", line 882, in _engine_run_backward
    return Variable._execution_engine.run_backward(  # Calls into the C++ engine to run the backward pass
           ~~~~~~~~~~~~~~~~~~~~~~~~~~~~~~~~~~~~~~~^^^^^^^^^^^^^^^^^^^^^^^^^^^^^^^^^^^^^^^^^^^^^^^^^^^^^^^
        t_outputs, *args, **kwargs
        ^^^^^^^^^^^^^^^^^^^^^^^^^^
    )  # Calls into the C++ engine to run the backward pass
    ^
torch.OutOfMemoryError: CUDA out of memory. Tried to allocate 236.00 MiB. GPU 0 has a total capacity of 7.66 GiB of which 37.69 MiB is free. Including non-PyTorch memory, this process has 7.35 GiB memory in use. Of the allocated memory 6.15 GiB is allocated by PyTorch, and 971.33 MiB is reserved by PyTorch but unallocated. If reserved but unallocated memory is large try setting PYTORCH_CUDA_ALLOC_CONF=expandable_segments:True to avoid fragmentation.  See documentation for Memory Management  (https://docs.pytorch.org/docs/stable/notes/cuda.html#optimizing-memory-usage-with-pytorch-cuda-alloc-conf)
=== omgevallen, opnieuw over 15 s ===
=== poging 11 — 20:50:29 ===
HERVAT bij stap 2501. Vorige keer eindigde met 'incident', 0 minuten geleden.
========================================================================
Leven in de wereld
========================================================================
14,368,528 parameters op cuda
170000 stappen, herhaling 37.5%, wereld open tot diepte 5
proefwerk elke 500 stappen, 150 opgaven per stuk

  stap     0 | diepte  18%  diepte2  26%  gemengd  29%  grondslag  27%  ladder  57%
  stap  2516 | wereld open: code tot 6
Traceback (most recent call last):
  File "/home/arch/amber-werk/fase1/leven.py", line 104, in <module>
    uit = leerder.werk(stap)
  File "/home/arch/amber-werk/fase1/../kern/leren.py", line 509, in werk
    fout = self.leer(brokje)
  File "/home/arch/amber-werk/fase1/../kern/leren.py", line 439, in leer
    fouten.append(self._stap(brokje))
                  ~~~~~~~~~~^^^^^^^^
  File "/home/arch/amber-werk/fase1/../kern/leren.py", line 371, in _stap
    return self._stap_echt(brokje)
           ~~~~~~~~~~~~~~~^^^^^^^^
  File "/home/arch/amber-werk/fase1/../kern/leren.py", line 392, in _stap_echt
    fout.backward()
    ~~~~~~~~~~~~~^^
  File "/home/arch/.local/lib/python3.14/site-packages/torch/_tensor.py", line 631, in backward
    torch.autograd.backward(
    ~~~~~~~~~~~~~~~~~~~~~~~^
        self, gradient, retain_graph, create_graph, inputs=inputs
        ^^^^^^^^^^^^^^^^^^^^^^^^^^^^^^^^^^^^^^^^^^^^^^^^^^^^^^^^^
    )
    ^
  File "/home/arch/.local/lib/python3.14/site-packages/torch/autograd/__init__.py", line 379, in backward
    _engine_run_backward(
    ~~~~~~~~~~~~~~~~~~~~^
        tensors,
        ^^^^^^^^
    ...<5 lines>...
        accumulate_grad=True,
        ^^^^^^^^^^^^^^^^^^^^^
    )
    ^
  File "/home/arch/.local/lib/python3.14/site-packages/torch/autograd/graph.py", line 882, in _engine_run_backward
    return Variable._execution_engine.run_backward(  # Calls into the C++ engine to run the backward pass
           ~~~~~~~~~~~~~~~~~~~~~~~~~~~~~~~~~~~~~~~^^^^^^^^^^^^^^^^^^^^^^^^^^^^^^^^^^^^^^^^^^^^^^^^^^^^^^^
        t_outputs, *args, **kwargs
        ^^^^^^^^^^^^^^^^^^^^^^^^^^
    )  # Calls into the C++ engine to run the backward pass
    ^
torch.OutOfMemoryError: CUDA out of memory. Tried to allocate 230.00 MiB. GPU 0 has a total capacity of 7.66 GiB of which 183.69 MiB is free. Including non-PyTorch memory, this process has 7.21 GiB memory in use. Of the allocated memory 6.06 GiB is allocated by PyTorch, and 914.37 MiB is reserved by PyTorch but unallocated. If reserved but unallocated memory is large try setting PYTORCH_CUDA_ALLOC_CONF=expandable_segments:True to avoid fragmentation.  See documentation for Memory Management  (https://docs.pytorch.org/docs/stable/notes/cuda.html#optimizing-memory-usage-with-pytorch-cuda-alloc-conf)
=== omgevallen, opnieuw over 15 s ===
=== poging 12 — 20:51:43 ===
HERVAT bij stap 2501. Vorige keer eindigde met 'incident', 0 minuten geleden.
========================================================================
Leven in de wereld
========================================================================
14,368,528 parameters op cuda
170000 stappen, herhaling 37.5%, wereld open tot diepte 5
proefwerk elke 500 stappen, 150 opgaven per stuk

  stap     0 | diepte  18%  diepte2  26%  gemengd  29%  grondslag  27%  ladder  57%
  stap  2516 | wereld open: code tot 6
Traceback (most recent call last):
  File "/home/arch/amber-werk/fase1/leven.py", line 104, in <module>
    uit = leerder.werk(stap)
  File "/home/arch/amber-werk/fase1/../kern/leren.py", line 509, in werk
    fout = self.leer(brokje)
  File "/home/arch/amber-werk/fase1/../kern/leren.py", line 439, in leer
    fouten.append(self._stap(brokje))
                  ~~~~~~~~~~^^^^^^^^
  File "/home/arch/amber-werk/fase1/../kern/leren.py", line 371, in _stap
    return self._stap_echt(brokje)
           ~~~~~~~~~~~~~~~^^^^^^^^
  File "/home/arch/amber-werk/fase1/../kern/leren.py", line 392, in _stap_echt
    fout.backward()
    ~~~~~~~~~~~~~^^
  File "/home/arch/.local/lib/python3.14/site-packages/torch/_tensor.py", line 631, in backward
    torch.autograd.backward(
    ~~~~~~~~~~~~~~~~~~~~~~~^
        self, gradient, retain_graph, create_graph, inputs=inputs
        ^^^^^^^^^^^^^^^^^^^^^^^^^^^^^^^^^^^^^^^^^^^^^^^^^^^^^^^^^
    )
    ^
  File "/home/arch/.local/lib/python3.14/site-packages/torch/autograd/__init__.py", line 379, in backward
    _engine_run_backward(
    ~~~~~~~~~~~~~~~~~~~~^
        tensors,
        ^^^^^^^^
    ...<5 lines>...
        accumulate_grad=True,
        ^^^^^^^^^^^^^^^^^^^^^
    )
    ^
  File "/home/arch/.local/lib/python3.14/site-packages/torch/autograd/graph.py", line 882, in _engine_run_backward
    return Variable._execution_engine.run_backward(  # Calls into the C++ engine to run the backward pass
           ~~~~~~~~~~~~~~~~~~~~~~~~~~~~~~~~~~~~~~~^^^^^^^^^^^^^^^^^^^^^^^^^^^^^^^^^^^^^^^^^^^^^^^^^^^^^^^
        t_outputs, *args, **kwargs
        ^^^^^^^^^^^^^^^^^^^^^^^^^^
    )  # Calls into the C++ engine to run the backward pass
    ^
torch.OutOfMemoryError: CUDA out of memory. Tried to allocate 230.00 MiB. GPU 0 has a total capacity of 7.66 GiB of which 183.69 MiB is free. Including non-PyTorch memory, this process has 7.21 GiB memory in use. Of the allocated memory 6.06 GiB is allocated by PyTorch, and 914.37 MiB is reserved by PyTorch but unallocated. If reserved but unallocated memory is large try setting PYTORCH_CUDA_ALLOC_CONF=expandable_segments:True to avoid fragmentation.  See documentation for Memory Management  (https://docs.pytorch.org/docs/stable/notes/cuda.html#optimizing-memory-usage-with-pytorch-cuda-alloc-conf)
=== omgevallen, opnieuw over 15 s ===
=== poging 13 — 20:52:54 ===
HERVAT bij stap 2501. Vorige keer eindigde met 'incident', 0 minuten geleden.
========================================================================
Leven in de wereld
========================================================================
14,368,528 parameters op cuda
170000 stappen, herhaling 37.5%, wereld open tot diepte 5
proefwerk elke 500 stappen, 150 opgaven per stuk

  stap     0 | diepte  18%  diepte2  26%  gemengd  29%  grondslag  27%  ladder  57%
  stap  2516 | wereld open: code tot 6
Traceback (most recent call last):
  File "/home/arch/amber-werk/fase1/leven.py", line 104, in <module>
    uit = leerder.werk(stap)
  File "/home/arch/amber-werk/fase1/../kern/leren.py", line 509, in werk
    fout = self.leer(brokje)
  File "/home/arch/amber-werk/fase1/../kern/leren.py", line 439, in leer
    fouten.append(self._stap(brokje))
                  ~~~~~~~~~~^^^^^^^^
  File "/home/arch/amber-werk/fase1/../kern/leren.py", line 371, in _stap
    return self._stap_echt(brokje)
           ~~~~~~~~~~~~~~~^^^^^^^^
  File "/home/arch/amber-werk/fase1/../kern/leren.py", line 392, in _stap_echt
    fout.backward()
    ~~~~~~~~~~~~~^^
  File "/home/arch/.local/lib/python3.14/site-packages/torch/_tensor.py", line 631, in backward
    torch.autograd.backward(
    ~~~~~~~~~~~~~~~~~~~~~~~^
        self, gradient, retain_graph, create_graph, inputs=inputs
        ^^^^^^^^^^^^^^^^^^^^^^^^^^^^^^^^^^^^^^^^^^^^^^^^^^^^^^^^^
    )
    ^
  File "/home/arch/.local/lib/python3.14/site-packages/torch/autograd/__init__.py", line 379, in backward
    _engine_run_backward(
    ~~~~~~~~~~~~~~~~~~~~^
        tensors,
        ^^^^^^^^
    ...<5 lines>...
        accumulate_grad=True,
        ^^^^^^^^^^^^^^^^^^^^^
    )
    ^
  File "/home/arch/.local/lib/python3.14/site-packages/torch/autograd/graph.py", line 882, in _engine_run_backward
    return Variable._execution_engine.run_backward(  # Calls into the C++ engine to run the backward pass
           ~~~~~~~~~~~~~~~~~~~~~~~~~~~~~~~~~~~~~~~^^^^^^^^^^^^^^^^^^^^^^^^^^^^^^^^^^^^^^^^^^^^^^^^^^^^^^^
        t_outputs, *args, **kwargs
        ^^^^^^^^^^^^^^^^^^^^^^^^^^
    )  # Calls into the C++ engine to run the backward pass
    ^
torch.OutOfMemoryError: CUDA out of memory. Tried to allocate 236.00 MiB. GPU 0 has a total capacity of 7.66 GiB of which 37.69 MiB is free. Including non-PyTorch memory, this process has 7.35 GiB memory in use. Of the allocated memory 6.15 GiB is allocated by PyTorch, and 971.33 MiB is reserved by PyTorch but unallocated. If reserved but unallocated memory is large try setting PYTORCH_CUDA_ALLOC_CONF=expandable_segments:True to avoid fragmentation.  See documentation for Memory Management  (https://docs.pytorch.org/docs/stable/notes/cuda.html#optimizing-memory-usage-with-pytorch-cuda-alloc-conf)
=== omgevallen, opnieuw over 15 s ===
=== poging 14 — 20:54:07 ===
HERVAT bij stap 2501. Vorige keer eindigde met 'incident', 0 minuten geleden.
========================================================================
Leven in de wereld
========================================================================
14,368,528 parameters op cuda
170000 stappen, herhaling 37.5%, wereld open tot diepte 5
proefwerk elke 500 stappen, 150 opgaven per stuk

  stap     0 | diepte  18%  diepte2  26%  gemengd  29%  grondslag  27%  ladder  57%
  stap  2516 | wereld open: code tot 6
Traceback (most recent call last):
  File "/home/arch/amber-werk/fase1/leven.py", line 104, in <module>
    uit = leerder.werk(stap)
  File "/home/arch/amber-werk/fase1/../kern/leren.py", line 509, in werk
    fout = self.leer(brokje)
  File "/home/arch/amber-werk/fase1/../kern/leren.py", line 439, in leer
    fouten.append(self._stap(brokje))
                  ~~~~~~~~~~^^^^^^^^
  File "/home/arch/amber-werk/fase1/../kern/leren.py", line 371, in _stap
    return self._stap_echt(brokje)
           ~~~~~~~~~~~~~~~^^^^^^^^
  File "/home/arch/amber-werk/fase1/../kern/leren.py", line 392, in _stap_echt
    fout.backward()
    ~~~~~~~~~~~~~^^
  File "/home/arch/.local/lib/python3.14/site-packages/torch/_tensor.py", line 631, in backward
    torch.autograd.backward(
    ~~~~~~~~~~~~~~~~~~~~~~~^
        self, gradient, retain_graph, create_graph, inputs=inputs
        ^^^^^^^^^^^^^^^^^^^^^^^^^^^^^^^^^^^^^^^^^^^^^^^^^^^^^^^^^
    )
    ^
  File "/home/arch/.local/lib/python3.14/site-packages/torch/autograd/__init__.py", line 379, in backward
    _engine_run_backward(
    ~~~~~~~~~~~~~~~~~~~~^
        tensors,
        ^^^^^^^^
    ...<5 lines>...
        accumulate_grad=True,
        ^^^^^^^^^^^^^^^^^^^^^
    )
    ^
  File "/home/arch/.local/lib/python3.14/site-packages/torch/autograd/graph.py", line 882, in _engine_run_backward
    return Variable._execution_engine.run_backward(  # Calls into the C++ engine to run the backward pass
           ~~~~~~~~~~~~~~~~~~~~~~~~~~~~~~~~~~~~~~~^^^^^^^^^^^^^^^^^^^^^^^^^^^^^^^^^^^^^^^^^^^^^^^^^^^^^^^
        t_outputs, *args, **kwargs
        ^^^^^^^^^^^^^^^^^^^^^^^^^^
    )  # Calls into the C++ engine to run the backward pass
    ^
torch.OutOfMemoryError: CUDA out of memory. Tried to allocate 230.00 MiB. GPU 0 has a total capacity of 7.66 GiB of which 181.69 MiB is free. Including non-PyTorch memory, this process has 7.21 GiB memory in use. Of the allocated memory 6.06 GiB is allocated by PyTorch, and 916.37 MiB is reserved by PyTorch but unallocated. If reserved but unallocated memory is large try setting PYTORCH_CUDA_ALLOC_CONF=expandable_segments:True to avoid fragmentation.  See documentation for Memory Management  (https://docs.pytorch.org/docs/stable/notes/cuda.html#optimizing-memory-usage-with-pytorch-cuda-alloc-conf)
=== omgevallen, opnieuw over 15 s ===
=== poging 15 — 20:55:20 ===
HERVAT bij stap 2501. Vorige keer eindigde met 'incident', 0 minuten geleden.
========================================================================
Leven in de wereld
========================================================================
14,368,528 parameters op cuda
170000 stappen, herhaling 37.5%, wereld open tot diepte 5
proefwerk elke 500 stappen, 150 opgaven per stuk

  stap     0 | diepte  18%  diepte2  26%  gemengd  29%  grondslag  27%  ladder  57%
  stap  2516 | wereld open: code tot 6
Traceback (most recent call last):
  File "/home/arch/amber-werk/fase1/leven.py", line 104, in <module>
    uit = leerder.werk(stap)
  File "/home/arch/amber-werk/fase1/../kern/leren.py", line 509, in werk
    fout = self.leer(brokje)
  File "/home/arch/amber-werk/fase1/../kern/leren.py", line 439, in leer
    fouten.append(self._stap(brokje))
                  ~~~~~~~~~~^^^^^^^^
  File "/home/arch/amber-werk/fase1/../kern/leren.py", line 371, in _stap
    return self._stap_echt(brokje)
           ~~~~~~~~~~~~~~~^^^^^^^^
  File "/home/arch/amber-werk/fase1/../kern/leren.py", line 392, in _stap_echt
    fout.backward()
    ~~~~~~~~~~~~~^^
  File "/home/arch/.local/lib/python3.14/site-packages/torch/_tensor.py", line 631, in backward
    torch.autograd.backward(
    ~~~~~~~~~~~~~~~~~~~~~~~^
        self, gradient, retain_graph, create_graph, inputs=inputs
        ^^^^^^^^^^^^^^^^^^^^^^^^^^^^^^^^^^^^^^^^^^^^^^^^^^^^^^^^^
    )
    ^
  File "/home/arch/.local/lib/python3.14/site-packages/torch/autograd/__init__.py", line 379, in backward
    _engine_run_backward(
    ~~~~~~~~~~~~~~~~~~~~^
        tensors,
        ^^^^^^^^
    ...<5 lines>...
        accumulate_grad=True,
        ^^^^^^^^^^^^^^^^^^^^^
    )
    ^
  File "/home/arch/.local/lib/python3.14/site-packages/torch/autograd/graph.py", line 882, in _engine_run_backward
    return Variable._execution_engine.run_backward(  # Calls into the C++ engine to run the backward pass
           ~~~~~~~~~~~~~~~~~~~~~~~~~~~~~~~~~~~~~~~^^^^^^^^^^^^^^^^^^^^^^^^^^^^^^^^^^^^^^^^^^^^^^^^^^^^^^^
        t_outputs, *args, **kwargs
        ^^^^^^^^^^^^^^^^^^^^^^^^^^
    )  # Calls into the C++ engine to run the backward pass
    ^
torch.OutOfMemoryError: CUDA out of memory. Tried to allocate 236.00 MiB. GPU 0 has a total capacity of 7.66 GiB of which 37.69 MiB is free. Including non-PyTorch memory, this process has 7.35 GiB memory in use. Of the allocated memory 6.15 GiB is allocated by PyTorch, and 971.33 MiB is reserved by PyTorch but unallocated. If reserved but unallocated memory is large try setting PYTORCH_CUDA_ALLOC_CONF=expandable_segments:True to avoid fragmentation.  See documentation for Memory Management  (https://docs.pytorch.org/docs/stable/notes/cuda.html#optimizing-memory-usage-with-pytorch-cuda-alloc-conf)
=== omgevallen, opnieuw over 15 s ===
=== poging 16 — 20:56:35 ===
HERVAT bij stap 2501. Vorige keer eindigde met 'incident', 0 minuten geleden.
========================================================================
Leven in de wereld
========================================================================
14,368,528 parameters op cuda
170000 stappen, herhaling 37.5%, wereld open tot diepte 5
proefwerk elke 500 stappen, 150 opgaven per stuk

  stap     0 | diepte  18%  diepte2  26%  gemengd  29%  grondslag  27%  ladder  57%
  stap  2516 | wereld open: code tot 6
Traceback (most recent call last):
  File "/home/arch/amber-werk/fase1/leven.py", line 104, in <module>
    uit = leerder.werk(stap)
  File "/home/arch/amber-werk/fase1/../kern/leren.py", line 509, in werk
    fout = self.leer(brokje)
  File "/home/arch/amber-werk/fase1/../kern/leren.py", line 439, in leer
    fouten.append(self._stap(brokje))
                  ~~~~~~~~~~^^^^^^^^
  File "/home/arch/amber-werk/fase1/../kern/leren.py", line 371, in _stap
    return self._stap_echt(brokje)
           ~~~~~~~~~~~~~~~^^^^^^^^
  File "/home/arch/amber-werk/fase1/../kern/leren.py", line 392, in _stap_echt
    fout.backward()
    ~~~~~~~~~~~~~^^
  File "/home/arch/.local/lib/python3.14/site-packages/torch/_tensor.py", line 631, in backward
    torch.autograd.backward(
    ~~~~~~~~~~~~~~~~~~~~~~~^
        self, gradient, retain_graph, create_graph, inputs=inputs
        ^^^^^^^^^^^^^^^^^^^^^^^^^^^^^^^^^^^^^^^^^^^^^^^^^^^^^^^^^
    )
    ^
  File "/home/arch/.local/lib/python3.14/site-packages/torch/autograd/__init__.py", line 379, in backward
    _engine_run_backward(
    ~~~~~~~~~~~~~~~~~~~~^
        tensors,
        ^^^^^^^^
    ...<5 lines>...
        accumulate_grad=True,
        ^^^^^^^^^^^^^^^^^^^^^
    )
    ^
  File "/home/arch/.local/lib/python3.14/site-packages/torch/autograd/graph.py", line 882, in _engine_run_backward
    return Variable._execution_engine.run_backward(  # Calls into the C++ engine to run the backward pass
           ~~~~~~~~~~~~~~~~~~~~~~~~~~~~~~~~~~~~~~~^^^^^^^^^^^^^^^^^^^^^^^^^^^^^^^^^^^^^^^^^^^^^^^^^^^^^^^
        t_outputs, *args, **kwargs
        ^^^^^^^^^^^^^^^^^^^^^^^^^^
    )  # Calls into the C++ engine to run the backward pass
    ^
torch.OutOfMemoryError: CUDA out of memory. Tried to allocate 230.00 MiB. GPU 0 has a total capacity of 7.66 GiB of which 183.69 MiB is free. Including non-PyTorch memory, this process has 7.21 GiB memory in use. Of the allocated memory 6.06 GiB is allocated by PyTorch, and 914.37 MiB is reserved by PyTorch but unallocated. If reserved but unallocated memory is large try setting PYTORCH_CUDA_ALLOC_CONF=expandable_segments:True to avoid fragmentation.  See documentation for Memory Management  (https://docs.pytorch.org/docs/stable/notes/cuda.html#optimizing-memory-usage-with-pytorch-cuda-alloc-conf)
=== omgevallen, opnieuw over 15 s ===
=== poging 17 — 20:57:48 ===
HERVAT bij stap 2501. Vorige keer eindigde met 'incident', 0 minuten geleden.
========================================================================
Leven in de wereld
========================================================================
14,368,528 parameters op cuda
170000 stappen, herhaling 37.5%, wereld open tot diepte 5
proefwerk elke 500 stappen, 150 opgaven per stuk

  stap     0 | diepte  18%  diepte2  26%  gemengd  29%  grondslag  27%  ladder  57%
  stap  2516 | wereld open: code tot 6
Traceback (most recent call last):
  File "/home/arch/amber-werk/fase1/leven.py", line 104, in <module>
    uit = leerder.werk(stap)
  File "/home/arch/amber-werk/fase1/../kern/leren.py", line 509, in werk
    fout = self.leer(brokje)
  File "/home/arch/amber-werk/fase1/../kern/leren.py", line 439, in leer
    fouten.append(self._stap(brokje))
                  ~~~~~~~~~~^^^^^^^^
  File "/home/arch/amber-werk/fase1/../kern/leren.py", line 371, in _stap
    return self._stap_echt(brokje)
           ~~~~~~~~~~~~~~~^^^^^^^^
  File "/home/arch/amber-werk/fase1/../kern/leren.py", line 392, in _stap_echt
    fout.backward()
    ~~~~~~~~~~~~~^^
  File "/home/arch/.local/lib/python3.14/site-packages/torch/_tensor.py", line 631, in backward
    torch.autograd.backward(
    ~~~~~~~~~~~~~~~~~~~~~~~^
        self, gradient, retain_graph, create_graph, inputs=inputs
        ^^^^^^^^^^^^^^^^^^^^^^^^^^^^^^^^^^^^^^^^^^^^^^^^^^^^^^^^^
    )
    ^
  File "/home/arch/.local/lib/python3.14/site-packages/torch/autograd/__init__.py", line 379, in backward
    _engine_run_backward(
    ~~~~~~~~~~~~~~~~~~~~^
        tensors,
        ^^^^^^^^
    ...<5 lines>...
        accumulate_grad=True,
        ^^^^^^^^^^^^^^^^^^^^^
    )
    ^
  File "/home/arch/.local/lib/python3.14/site-packages/torch/autograd/graph.py", line 882, in _engine_run_backward
    return Variable._execution_engine.run_backward(  # Calls into the C++ engine to run the backward pass
           ~~~~~~~~~~~~~~~~~~~~~~~~~~~~~~~~~~~~~~~^^^^^^^^^^^^^^^^^^^^^^^^^^^^^^^^^^^^^^^^^^^^^^^^^^^^^^^
        t_outputs, *args, **kwargs
        ^^^^^^^^^^^^^^^^^^^^^^^^^^
    )  # Calls into the C++ engine to run the backward pass
    ^
torch.OutOfMemoryError: CUDA out of memory. Tried to allocate 230.00 MiB. GPU 0 has a total capacity of 7.66 GiB of which 183.69 MiB is free. Including non-PyTorch memory, this process has 7.21 GiB memory in use. Of the allocated memory 6.06 GiB is allocated by PyTorch, and 914.37 MiB is reserved by PyTorch but unallocated. If reserved but unallocated memory is large try setting PYTORCH_CUDA_ALLOC_CONF=expandable_segments:True to avoid fragmentation.  See documentation for Memory Management  (https://docs.pytorch.org/docs/stable/notes/cuda.html#optimizing-memory-usage-with-pytorch-cuda-alloc-conf)
=== omgevallen, opnieuw over 15 s ===
=== poging 18 — 20:59:00 ===
HERVAT bij stap 2501. Vorige keer eindigde met 'incident', 0 minuten geleden.
========================================================================
Leven in de wereld
========================================================================
14,368,528 parameters op cuda
170000 stappen, herhaling 37.5%, wereld open tot diepte 5
proefwerk elke 500 stappen, 150 opgaven per stuk

  stap     0 | diepte  18%  diepte2  26%  gemengd  29%  grondslag  27%  ladder  57%
  stap  2516 | wereld open: code tot 6
Traceback (most recent call last):
  File "/home/arch/amber-werk/fase1/leven.py", line 104, in <module>
    uit = leerder.werk(stap)
  File "/home/arch/amber-werk/fase1/../kern/leren.py", line 509, in werk
    fout = self.leer(brokje)
  File "/home/arch/amber-werk/fase1/../kern/leren.py", line 439, in leer
    fouten.append(self._stap(brokje))
                  ~~~~~~~~~~^^^^^^^^
  File "/home/arch/amber-werk/fase1/../kern/leren.py", line 371, in _stap
    return self._stap_echt(brokje)
           ~~~~~~~~~~~~~~~^^^^^^^^
  File "/home/arch/amber-werk/fase1/../kern/leren.py", line 392, in _stap_echt
    fout.backward()
    ~~~~~~~~~~~~~^^
  File "/home/arch/.local/lib/python3.14/site-packages/torch/_tensor.py", line 631, in backward
    torch.autograd.backward(
    ~~~~~~~~~~~~~~~~~~~~~~~^
        self, gradient, retain_graph, create_graph, inputs=inputs
        ^^^^^^^^^^^^^^^^^^^^^^^^^^^^^^^^^^^^^^^^^^^^^^^^^^^^^^^^^
    )
    ^
  File "/home/arch/.local/lib/python3.14/site-packages/torch/autograd/__init__.py", line 379, in backward
    _engine_run_backward(
    ~~~~~~~~~~~~~~~~~~~~^
        tensors,
        ^^^^^^^^
    ...<5 lines>...
        accumulate_grad=True,
        ^^^^^^^^^^^^^^^^^^^^^
    )
    ^
  File "/home/arch/.local/lib/python3.14/site-packages/torch/autograd/graph.py", line 882, in _engine_run_backward
    return Variable._execution_engine.run_backward(  # Calls into the C++ engine to run the backward pass
           ~~~~~~~~~~~~~~~~~~~~~~~~~~~~~~~~~~~~~~~^^^^^^^^^^^^^^^^^^^^^^^^^^^^^^^^^^^^^^^^^^^^^^^^^^^^^^^
        t_outputs, *args, **kwargs
        ^^^^^^^^^^^^^^^^^^^^^^^^^^
    )  # Calls into the C++ engine to run the backward pass
    ^
torch.OutOfMemoryError: CUDA out of memory. Tried to allocate 230.00 MiB. GPU 0 has a total capacity of 7.66 GiB of which 183.69 MiB is free. Including non-PyTorch memory, this process has 7.21 GiB memory in use. Of the allocated memory 6.06 GiB is allocated by PyTorch, and 914.37 MiB is reserved by PyTorch but unallocated. If reserved but unallocated memory is large try setting PYTORCH_CUDA_ALLOC_CONF=expandable_segments:True to avoid fragmentation.  See documentation for Memory Management  (https://docs.pytorch.org/docs/stable/notes/cuda.html#optimizing-memory-usage-with-pytorch-cuda-alloc-conf)
=== omgevallen, opnieuw over 15 s ===
=== poging 19 — 21:00:13 ===
HERVAT bij stap 2501. Vorige keer eindigde met 'incident', 0 minuten geleden.
========================================================================
Leven in de wereld
========================================================================
14,368,528 parameters op cuda
170000 stappen, herhaling 37.5%, wereld open tot diepte 5
proefwerk elke 500 stappen, 150 opgaven per stuk

  stap     0 | diepte  18%  diepte2  26%  gemengd  29%  grondslag  27%  ladder  57%
  stap  2516 | wereld open: code tot 6
Traceback (most recent call last):
  File "/home/arch/amber-werk/fase1/leven.py", line 104, in <module>
    uit = leerder.werk(stap)
  File "/home/arch/amber-werk/fase1/../kern/leren.py", line 509, in werk
    fout = self.leer(brokje)
  File "/home/arch/amber-werk/fase1/../kern/leren.py", line 439, in leer
    fouten.append(self._stap(brokje))
                  ~~~~~~~~~~^^^^^^^^
  File "/home/arch/amber-werk/fase1/../kern/leren.py", line 371, in _stap
    return self._stap_echt(brokje)
           ~~~~~~~~~~~~~~~^^^^^^^^
  File "/home/arch/amber-werk/fase1/../kern/leren.py", line 392, in _stap_echt
    fout.backward()
    ~~~~~~~~~~~~~^^
  File "/home/arch/.local/lib/python3.14/site-packages/torch/_tensor.py", line 631, in backward
    torch.autograd.backward(
    ~~~~~~~~~~~~~~~~~~~~~~~^
        self, gradient, retain_graph, create_graph, inputs=inputs
        ^^^^^^^^^^^^^^^^^^^^^^^^^^^^^^^^^^^^^^^^^^^^^^^^^^^^^^^^^
    )
    ^
  File "/home/arch/.local/lib/python3.14/site-packages/torch/autograd/__init__.py", line 379, in backward
    _engine_run_backward(
    ~~~~~~~~~~~~~~~~~~~~^
        tensors,
        ^^^^^^^^
    ...<5 lines>...
        accumulate_grad=True,
        ^^^^^^^^^^^^^^^^^^^^^
    )
    ^
  File "/home/arch/.local/lib/python3.14/site-packages/torch/autograd/graph.py", line 882, in _engine_run_backward
    return Variable._execution_engine.run_backward(  # Calls into the C++ engine to run the backward pass
           ~~~~~~~~~~~~~~~~~~~~~~~~~~~~~~~~~~~~~~~^^^^^^^^^^^^^^^^^^^^^^^^^^^^^^^^^^^^^^^^^^^^^^^^^^^^^^^
        t_outputs, *args, **kwargs
        ^^^^^^^^^^^^^^^^^^^^^^^^^^
    )  # Calls into the C++ engine to run the backward pass
    ^
torch.OutOfMemoryError: CUDA out of memory. Tried to allocate 230.00 MiB. GPU 0 has a total capacity of 7.66 GiB of which 181.69 MiB is free. Including non-PyTorch memory, this process has 7.21 GiB memory in use. Of the allocated memory 6.06 GiB is allocated by PyTorch, and 916.37 MiB is reserved by PyTorch but unallocated. If reserved but unallocated memory is large try setting PYTORCH_CUDA_ALLOC_CONF=expandable_segments:True to avoid fragmentation.  See documentation for Memory Management  (https://docs.pytorch.org/docs/stable/notes/cuda.html#optimizing-memory-usage-with-pytorch-cuda-alloc-conf)
=== omgevallen, opnieuw over 15 s ===
=== poging 20 — 21:01:27 ===
HERVAT bij stap 2501. Vorige keer eindigde met 'incident', 0 minuten geleden.
========================================================================
Leven in de wereld
========================================================================
14,368,528 parameters op cuda
170000 stappen, herhaling 37.5%, wereld open tot diepte 5
proefwerk elke 500 stappen, 150 opgaven per stuk

  stap     0 | diepte  18%  diepte2  26%  gemengd  29%  grondslag  27%  ladder  57%
  stap  2516 | wereld open: code tot 6
Traceback (most recent call last):
  File "/home/arch/amber-werk/fase1/leven.py", line 104, in <module>
    uit = leerder.werk(stap)
  File "/home/arch/amber-werk/fase1/../kern/leren.py", line 509, in werk
    fout = self.leer(brokje)
  File "/home/arch/amber-werk/fase1/../kern/leren.py", line 439, in leer
    fouten.append(self._stap(brokje))
                  ~~~~~~~~~~^^^^^^^^
  File "/home/arch/amber-werk/fase1/../kern/leren.py", line 371, in _stap
    return self._stap_echt(brokje)
           ~~~~~~~~~~~~~~~^^^^^^^^
  File "/home/arch/amber-werk/fase1/../kern/leren.py", line 392, in _stap_echt
    fout.backward()
    ~~~~~~~~~~~~~^^
  File "/home/arch/.local/lib/python3.14/site-packages/torch/_tensor.py", line 631, in backward
    torch.autograd.backward(
    ~~~~~~~~~~~~~~~~~~~~~~~^
        self, gradient, retain_graph, create_graph, inputs=inputs
        ^^^^^^^^^^^^^^^^^^^^^^^^^^^^^^^^^^^^^^^^^^^^^^^^^^^^^^^^^
    )
    ^
  File "/home/arch/.local/lib/python3.14/site-packages/torch/autograd/__init__.py", line 379, in backward
    _engine_run_backward(
    ~~~~~~~~~~~~~~~~~~~~^
        tensors,
        ^^^^^^^^
    ...<5 lines>...
        accumulate_grad=True,
        ^^^^^^^^^^^^^^^^^^^^^
    )
    ^
  File "/home/arch/.local/lib/python3.14/site-packages/torch/autograd/graph.py", line 882, in _engine_run_backward
    return Variable._execution_engine.run_backward(  # Calls into the C++ engine to run the backward pass
           ~~~~~~~~~~~~~~~~~~~~~~~~~~~~~~~~~~~~~~~^^^^^^^^^^^^^^^^^^^^^^^^^^^^^^^^^^^^^^^^^^^^^^^^^^^^^^^
        t_outputs, *args, **kwargs
        ^^^^^^^^^^^^^^^^^^^^^^^^^^
    )  # Calls into the C++ engine to run the backward pass
    ^
torch.OutOfMemoryError: CUDA out of memory. Tried to allocate 230.00 MiB. GPU 0 has a total capacity of 7.66 GiB of which 183.69 MiB is free. Including non-PyTorch memory, this process has 7.21 GiB memory in use. Of the allocated memory 6.06 GiB is allocated by PyTorch, and 914.37 MiB is reserved by PyTorch but unallocated. If reserved but unallocated memory is large try setting PYTORCH_CUDA_ALLOC_CONF=expandable_segments:True to avoid fragmentation.  See documentation for Memory Management  (https://docs.pytorch.org/docs/stable/notes/cuda.html#optimizing-memory-usage-with-pytorch-cuda-alloc-conf)
=== omgevallen, opnieuw over 15 s ===
=== poging 21 — 21:02:40 ===
HERVAT bij stap 2501. Vorige keer eindigde met 'incident', 0 minuten geleden.
========================================================================
Leven in de wereld
========================================================================
14,368,528 parameters op cuda
170000 stappen, herhaling 37.5%, wereld open tot diepte 5
proefwerk elke 500 stappen, 150 opgaven per stuk

  stap     0 | diepte  18%  diepte2  26%  gemengd  29%  grondslag  27%  ladder  57%
  stap  2516 | wereld open: code tot 6
Traceback (most recent call last):
  File "/home/arch/amber-werk/fase1/leven.py", line 104, in <module>
    uit = leerder.werk(stap)
  File "/home/arch/amber-werk/fase1/../kern/leren.py", line 509, in werk
    fout = self.leer(brokje)
  File "/home/arch/amber-werk/fase1/../kern/leren.py", line 439, in leer
    fouten.append(self._stap(brokje))
                  ~~~~~~~~~~^^^^^^^^
  File "/home/arch/amber-werk/fase1/../kern/leren.py", line 371, in _stap
    return self._stap_echt(brokje)
           ~~~~~~~~~~~~~~~^^^^^^^^
  File "/home/arch/amber-werk/fase1/../kern/leren.py", line 392, in _stap_echt
    fout.backward()
    ~~~~~~~~~~~~~^^
  File "/home/arch/.local/lib/python3.14/site-packages/torch/_tensor.py", line 631, in backward
    torch.autograd.backward(
    ~~~~~~~~~~~~~~~~~~~~~~~^
        self, gradient, retain_graph, create_graph, inputs=inputs
        ^^^^^^^^^^^^^^^^^^^^^^^^^^^^^^^^^^^^^^^^^^^^^^^^^^^^^^^^^
    )
    ^
  File "/home/arch/.local/lib/python3.14/site-packages/torch/autograd/__init__.py", line 379, in backward
    _engine_run_backward(
    ~~~~~~~~~~~~~~~~~~~~^
        tensors,
        ^^^^^^^^
    ...<5 lines>...
        accumulate_grad=True,
        ^^^^^^^^^^^^^^^^^^^^^
    )
    ^
  File "/home/arch/.local/lib/python3.14/site-packages/torch/autograd/graph.py", line 882, in _engine_run_backward
    return Variable._execution_engine.run_backward(  # Calls into the C++ engine to run the backward pass
           ~~~~~~~~~~~~~~~~~~~~~~~~~~~~~~~~~~~~~~~^^^^^^^^^^^^^^^^^^^^^^^^^^^^^^^^^^^^^^^^^^^^^^^^^^^^^^^
        t_outputs, *args, **kwargs
        ^^^^^^^^^^^^^^^^^^^^^^^^^^
    )  # Calls into the C++ engine to run the backward pass
    ^
torch.OutOfMemoryError: CUDA out of memory. Tried to allocate 230.00 MiB. GPU 0 has a total capacity of 7.66 GiB of which 183.69 MiB is free. Including non-PyTorch memory, this process has 7.21 GiB memory in use. Of the allocated memory 6.06 GiB is allocated by PyTorch, and 914.37 MiB is reserved by PyTorch but unallocated. If reserved but unallocated memory is large try setting PYTORCH_CUDA_ALLOC_CONF=expandable_segments:True to avoid fragmentation.  See documentation for Memory Management  (https://docs.pytorch.org/docs/stable/notes/cuda.html#optimizing-memory-usage-with-pytorch-cuda-alloc-conf)
=== omgevallen, opnieuw over 15 s ===
=== poging 22 — 21:03:54 ===
HERVAT bij stap 2501. Vorige keer eindigde met 'incident', 0 minuten geleden.
========================================================================
Leven in de wereld
========================================================================
14,368,528 parameters op cuda
170000 stappen, herhaling 37.5%, wereld open tot diepte 5
proefwerk elke 500 stappen, 150 opgaven per stuk

  stap     0 | diepte  18%  diepte2  26%  gemengd  29%  grondslag  27%  ladder  57%
  stap  2516 | wereld open: code tot 6
Traceback (most recent call last):
  File "/home/arch/amber-werk/fase1/leven.py", line 104, in <module>
    uit = leerder.werk(stap)
  File "/home/arch/amber-werk/fase1/../kern/leren.py", line 509, in werk
    fout = self.leer(brokje)
  File "/home/arch/amber-werk/fase1/../kern/leren.py", line 439, in leer
    fouten.append(self._stap(brokje))
                  ~~~~~~~~~~^^^^^^^^
  File "/home/arch/amber-werk/fase1/../kern/leren.py", line 371, in _stap
    return self._stap_echt(brokje)
           ~~~~~~~~~~~~~~~^^^^^^^^
  File "/home/arch/amber-werk/fase1/../kern/leren.py", line 392, in _stap_echt
    fout.backward()
    ~~~~~~~~~~~~~^^
  File "/home/arch/.local/lib/python3.14/site-packages/torch/_tensor.py", line 631, in backward
    torch.autograd.backward(
    ~~~~~~~~~~~~~~~~~~~~~~~^
        self, gradient, retain_graph, create_graph, inputs=inputs
        ^^^^^^^^^^^^^^^^^^^^^^^^^^^^^^^^^^^^^^^^^^^^^^^^^^^^^^^^^
    )
    ^
  File "/home/arch/.local/lib/python3.14/site-packages/torch/autograd/__init__.py", line 379, in backward
    _engine_run_backward(
    ~~~~~~~~~~~~~~~~~~~~^
        tensors,
        ^^^^^^^^
    ...<5 lines>...
        accumulate_grad=True,
        ^^^^^^^^^^^^^^^^^^^^^
    )
    ^
  File "/home/arch/.local/lib/python3.14/site-packages/torch/autograd/graph.py", line 882, in _engine_run_backward
    return Variable._execution_engine.run_backward(  # Calls into the C++ engine to run the backward pass
           ~~~~~~~~~~~~~~~~~~~~~~~~~~~~~~~~~~~~~~~^^^^^^^^^^^^^^^^^^^^^^^^^^^^^^^^^^^^^^^^^^^^^^^^^^^^^^^
        t_outputs, *args, **kwargs
        ^^^^^^^^^^^^^^^^^^^^^^^^^^
    )  # Calls into the C++ engine to run the backward pass
    ^
torch.OutOfMemoryError: CUDA out of memory. Tried to allocate 230.00 MiB. GPU 0 has a total capacity of 7.66 GiB of which 181.69 MiB is free. Including non-PyTorch memory, this process has 7.21 GiB memory in use. Of the allocated memory 6.06 GiB is allocated by PyTorch, and 916.37 MiB is reserved by PyTorch but unallocated. If reserved but unallocated memory is large try setting PYTORCH_CUDA_ALLOC_CONF=expandable_segments:True to avoid fragmentation.  See documentation for Memory Management  (https://docs.pytorch.org/docs/stable/notes/cuda.html#optimizing-memory-usage-with-pytorch-cuda-alloc-conf)
=== omgevallen, opnieuw over 15 s ===
=== poging 23 — 21:05:06 ===
HERVAT bij stap 2501. Vorige keer eindigde met 'incident', 0 minuten geleden.
========================================================================
Leven in de wereld
========================================================================
14,368,528 parameters op cuda
170000 stappen, herhaling 37.5%, wereld open tot diepte 5
proefwerk elke 500 stappen, 150 opgaven per stuk

  stap     0 | diepte  18%  diepte2  26%  gemengd  29%  grondslag  27%  ladder  57%
  stap  2516 | wereld open: code tot 6
Traceback (most recent call last):
  File "/home/arch/amber-werk/fase1/leven.py", line 104, in <module>
    uit = leerder.werk(stap)
  File "/home/arch/amber-werk/fase1/../kern/leren.py", line 509, in werk
    fout = self.leer(brokje)
  File "/home/arch/amber-werk/fase1/../kern/leren.py", line 439, in leer
    fouten.append(self._stap(brokje))
                  ~~~~~~~~~~^^^^^^^^
  File "/home/arch/amber-werk/fase1/../kern/leren.py", line 371, in _stap
    return self._stap_echt(brokje)
           ~~~~~~~~~~~~~~~^^^^^^^^
  File "/home/arch/amber-werk/fase1/../kern/leren.py", line 392, in _stap_echt
    fout.backward()
    ~~~~~~~~~~~~~^^
  File "/home/arch/.local/lib/python3.14/site-packages/torch/_tensor.py", line 631, in backward
    torch.autograd.backward(
    ~~~~~~~~~~~~~~~~~~~~~~~^
        self, gradient, retain_graph, create_graph, inputs=inputs
        ^^^^^^^^^^^^^^^^^^^^^^^^^^^^^^^^^^^^^^^^^^^^^^^^^^^^^^^^^
    )
    ^
  File "/home/arch/.local/lib/python3.14/site-packages/torch/autograd/__init__.py", line 379, in backward
    _engine_run_backward(
    ~~~~~~~~~~~~~~~~~~~~^
        tensors,
        ^^^^^^^^
    ...<5 lines>...
        accumulate_grad=True,
        ^^^^^^^^^^^^^^^^^^^^^
    )
    ^
  File "/home/arch/.local/lib/python3.14/site-packages/torch/autograd/graph.py", line 882, in _engine_run_backward
    return Variable._execution_engine.run_backward(  # Calls into the C++ engine to run the backward pass
           ~~~~~~~~~~~~~~~~~~~~~~~~~~~~~~~~~~~~~~~^^^^^^^^^^^^^^^^^^^^^^^^^^^^^^^^^^^^^^^^^^^^^^^^^^^^^^^
        t_outputs, *args, **kwargs
        ^^^^^^^^^^^^^^^^^^^^^^^^^^
    )  # Calls into the C++ engine to run the backward pass
    ^
torch.OutOfMemoryError: CUDA out of memory. Tried to allocate 230.00 MiB. GPU 0 has a total capacity of 7.66 GiB of which 183.69 MiB is free. Including non-PyTorch memory, this process has 7.21 GiB memory in use. Of the allocated memory 6.06 GiB is allocated by PyTorch, and 914.37 MiB is reserved by PyTorch but unallocated. If reserved but unallocated memory is large try setting PYTORCH_CUDA_ALLOC_CONF=expandable_segments:True to avoid fragmentation.  See documentation for Memory Management  (https://docs.pytorch.org/docs/stable/notes/cuda.html#optimizing-memory-usage-with-pytorch-cuda-alloc-conf)
=== omgevallen, opnieuw over 15 s ===
=== poging 24 — 21:06:18 ===
HERVAT bij stap 2501. Vorige keer eindigde met 'incident', 0 minuten geleden.
========================================================================
Leven in de wereld
========================================================================
14,368,528 parameters op cuda
170000 stappen, herhaling 37.5%, wereld open tot diepte 5
proefwerk elke 500 stappen, 150 opgaven per stuk

  stap     0 | diepte  18%  diepte2  26%  gemengd  29%  grondslag  27%  ladder  57%
  stap  2516 | wereld open: code tot 6
Traceback (most recent call last):
  File "/home/arch/amber-werk/fase1/leven.py", line 104, in <module>
    uit = leerder.werk(stap)
  File "/home/arch/amber-werk/fase1/../kern/leren.py", line 509, in werk
    fout = self.leer(brokje)
  File "/home/arch/amber-werk/fase1/../kern/leren.py", line 439, in leer
    fouten.append(self._stap(brokje))
                  ~~~~~~~~~~^^^^^^^^
  File "/home/arch/amber-werk/fase1/../kern/leren.py", line 371, in _stap
    return self._stap_echt(brokje)
           ~~~~~~~~~~~~~~~^^^^^^^^
  File "/home/arch/amber-werk/fase1/../kern/leren.py", line 392, in _stap_echt
    fout.backward()
    ~~~~~~~~~~~~~^^
  File "/home/arch/.local/lib/python3.14/site-packages/torch/_tensor.py", line 631, in backward
    torch.autograd.backward(
    ~~~~~~~~~~~~~~~~~~~~~~~^
        self, gradient, retain_graph, create_graph, inputs=inputs
        ^^^^^^^^^^^^^^^^^^^^^^^^^^^^^^^^^^^^^^^^^^^^^^^^^^^^^^^^^
    )
    ^
  File "/home/arch/.local/lib/python3.14/site-packages/torch/autograd/__init__.py", line 379, in backward
    _engine_run_backward(
    ~~~~~~~~~~~~~~~~~~~~^
        tensors,
        ^^^^^^^^
    ...<5 lines>...
        accumulate_grad=True,
        ^^^^^^^^^^^^^^^^^^^^^
    )
    ^
  File "/home/arch/.local/lib/python3.14/site-packages/torch/autograd/graph.py", line 882, in _engine_run_backward
    return Variable._execution_engine.run_backward(  # Calls into the C++ engine to run the backward pass
           ~~~~~~~~~~~~~~~~~~~~~~~~~~~~~~~~~~~~~~~^^^^^^^^^^^^^^^^^^^^^^^^^^^^^^^^^^^^^^^^^^^^^^^^^^^^^^^
        t_outputs, *args, **kwargs
        ^^^^^^^^^^^^^^^^^^^^^^^^^^
    )  # Calls into the C++ engine to run the backward pass
    ^
torch.OutOfMemoryError: CUDA out of memory. Tried to allocate 236.00 MiB. GPU 0 has a total capacity of 7.66 GiB of which 37.69 MiB is free. Including non-PyTorch memory, this process has 7.35 GiB memory in use. Of the allocated memory 6.15 GiB is allocated by PyTorch, and 971.33 MiB is reserved by PyTorch but unallocated. If reserved but unallocated memory is large try setting PYTORCH_CUDA_ALLOC_CONF=expandable_segments:True to avoid fragmentation.  See documentation for Memory Management  (https://docs.pytorch.org/docs/stable/notes/cuda.html#optimizing-memory-usage-with-pytorch-cuda-alloc-conf)
=== omgevallen, opnieuw over 15 s ===
=== poging 25 — 21:07:33 ===
HERVAT bij stap 2501. Vorige keer eindigde met 'incident', 0 minuten geleden.
========================================================================
Leven in de wereld
========================================================================
14,368,528 parameters op cuda
170000 stappen, herhaling 37.5%, wereld open tot diepte 5
proefwerk elke 500 stappen, 150 opgaven per stuk

  stap     0 | diepte  18%  diepte2  26%  gemengd  29%  grondslag  27%  ladder  57%
  stap  2516 | wereld open: code tot 6
Traceback (most recent call last):
  File "/home/arch/amber-werk/fase1/leven.py", line 104, in <module>
    uit = leerder.werk(stap)
  File "/home/arch/amber-werk/fase1/../kern/leren.py", line 509, in werk
    fout = self.leer(brokje)
  File "/home/arch/amber-werk/fase1/../kern/leren.py", line 439, in leer
    fouten.append(self._stap(brokje))
                  ~~~~~~~~~~^^^^^^^^
  File "/home/arch/amber-werk/fase1/../kern/leren.py", line 371, in _stap
    return self._stap_echt(brokje)
           ~~~~~~~~~~~~~~~^^^^^^^^
  File "/home/arch/amber-werk/fase1/../kern/leren.py", line 392, in _stap_echt
    fout.backward()
    ~~~~~~~~~~~~~^^
  File "/home/arch/.local/lib/python3.14/site-packages/torch/_tensor.py", line 631, in backward
    torch.autograd.backward(
    ~~~~~~~~~~~~~~~~~~~~~~~^
        self, gradient, retain_graph, create_graph, inputs=inputs
        ^^^^^^^^^^^^^^^^^^^^^^^^^^^^^^^^^^^^^^^^^^^^^^^^^^^^^^^^^
    )
    ^
  File "/home/arch/.local/lib/python3.14/site-packages/torch/autograd/__init__.py", line 379, in backward
    _engine_run_backward(
    ~~~~~~~~~~~~~~~~~~~~^
        tensors,
        ^^^^^^^^
    ...<5 lines>...
        accumulate_grad=True,
        ^^^^^^^^^^^^^^^^^^^^^
    )
    ^
  File "/home/arch/.local/lib/python3.14/site-packages/torch/autograd/graph.py", line 882, in _engine_run_backward
    return Variable._execution_engine.run_backward(  # Calls into the C++ engine to run the backward pass
           ~~~~~~~~~~~~~~~~~~~~~~~~~~~~~~~~~~~~~~~^^^^^^^^^^^^^^^^^^^^^^^^^^^^^^^^^^^^^^^^^^^^^^^^^^^^^^^
        t_outputs, *args, **kwargs
        ^^^^^^^^^^^^^^^^^^^^^^^^^^
    )  # Calls into the C++ engine to run the backward pass
    ^
torch.OutOfMemoryError: CUDA out of memory. Tried to allocate 236.00 MiB. GPU 0 has a total capacity of 7.66 GiB of which 37.69 MiB is free. Including non-PyTorch memory, this process has 7.35 GiB memory in use. Of the allocated memory 6.15 GiB is allocated by PyTorch, and 971.33 MiB is reserved by PyTorch but unallocated. If reserved but unallocated memory is large try setting PYTORCH_CUDA_ALLOC_CONF=expandable_segments:True to avoid fragmentation.  See documentation for Memory Management  (https://docs.pytorch.org/docs/stable/notes/cuda.html#optimizing-memory-usage-with-pytorch-cuda-alloc-conf)
=== omgevallen, opnieuw over 15 s ===
=== poging 26 — 21:08:47 ===
HERVAT bij stap 2501. Vorige keer eindigde met 'incident', 0 minuten geleden.
========================================================================
Leven in de wereld
========================================================================
14,368,528 parameters op cuda
170000 stappen, herhaling 37.5%, wereld open tot diepte 5
proefwerk elke 500 stappen, 150 opgaven per stuk

  stap     0 | diepte  18%  diepte2  26%  gemengd  29%  grondslag  27%  ladder  57%
  stap  2516 | wereld open: code tot 6
Traceback (most recent call last):
  File "/home/arch/amber-werk/fase1/leven.py", line 104, in <module>
    uit = leerder.werk(stap)
  File "/home/arch/amber-werk/fase1/../kern/leren.py", line 509, in werk
    fout = self.leer(brokje)
  File "/home/arch/amber-werk/fase1/../kern/leren.py", line 439, in leer
    fouten.append(self._stap(brokje))
                  ~~~~~~~~~~^^^^^^^^
  File "/home/arch/amber-werk/fase1/../kern/leren.py", line 371, in _stap
    return self._stap_echt(brokje)
           ~~~~~~~~~~~~~~~^^^^^^^^
  File "/home/arch/amber-werk/fase1/../kern/leren.py", line 392, in _stap_echt
    fout.backward()
    ~~~~~~~~~~~~~^^
  File "/home/arch/.local/lib/python3.14/site-packages/torch/_tensor.py", line 631, in backward
    torch.autograd.backward(
    ~~~~~~~~~~~~~~~~~~~~~~~^
        self, gradient, retain_graph, create_graph, inputs=inputs
        ^^^^^^^^^^^^^^^^^^^^^^^^^^^^^^^^^^^^^^^^^^^^^^^^^^^^^^^^^
    )
    ^
  File "/home/arch/.local/lib/python3.14/site-packages/torch/autograd/__init__.py", line 379, in backward
    _engine_run_backward(
    ~~~~~~~~~~~~~~~~~~~~^
        tensors,
        ^^^^^^^^
    ...<5 lines>...
        accumulate_grad=True,
        ^^^^^^^^^^^^^^^^^^^^^
    )
    ^
  File "/home/arch/.local/lib/python3.14/site-packages/torch/autograd/graph.py", line 882, in _engine_run_backward
    return Variable._execution_engine.run_backward(  # Calls into the C++ engine to run the backward pass
           ~~~~~~~~~~~~~~~~~~~~~~~~~~~~~~~~~~~~~~~^^^^^^^^^^^^^^^^^^^^^^^^^^^^^^^^^^^^^^^^^^^^^^^^^^^^^^^
        t_outputs, *args, **kwargs
        ^^^^^^^^^^^^^^^^^^^^^^^^^^
    )  # Calls into the C++ engine to run the backward pass
    ^
torch.OutOfMemoryError: CUDA out of memory. Tried to allocate 236.00 MiB. GPU 0 has a total capacity of 7.66 GiB of which 37.69 MiB is free. Including non-PyTorch memory, this process has 7.35 GiB memory in use. Of the allocated memory 6.15 GiB is allocated by PyTorch, and 971.33 MiB is reserved by PyTorch but unallocated. If reserved but unallocated memory is large try setting PYTORCH_CUDA_ALLOC_CONF=expandable_segments:True to avoid fragmentation.  See documentation for Memory Management  (https://docs.pytorch.org/docs/stable/notes/cuda.html#optimizing-memory-usage-with-pytorch-cuda-alloc-conf)
=== omgevallen, opnieuw over 15 s ===
=== poging 27 — 21:09:59 ===
HERVAT bij stap 2501. Vorige keer eindigde met 'incident', 0 minuten geleden.
========================================================================
Leven in de wereld
========================================================================
14,368,528 parameters op cuda
170000 stappen, herhaling 37.5%, wereld open tot diepte 5
proefwerk elke 500 stappen, 150 opgaven per stuk

  stap     0 | diepte  18%  diepte2  26%  gemengd  29%  grondslag  27%  ladder  57%
  stap  2516 | wereld open: code tot 6
Traceback (most recent call last):
  File "/home/arch/amber-werk/fase1/leven.py", line 104, in <module>
    uit = leerder.werk(stap)
  File "/home/arch/amber-werk/fase1/../kern/leren.py", line 509, in werk
    fout = self.leer(brokje)
  File "/home/arch/amber-werk/fase1/../kern/leren.py", line 439, in leer
    fouten.append(self._stap(brokje))
                  ~~~~~~~~~~^^^^^^^^
  File "/home/arch/amber-werk/fase1/../kern/leren.py", line 371, in _stap
    return self._stap_echt(brokje)
           ~~~~~~~~~~~~~~~^^^^^^^^
  File "/home/arch/amber-werk/fase1/../kern/leren.py", line 392, in _stap_echt
    fout.backward()
    ~~~~~~~~~~~~~^^
  File "/home/arch/.local/lib/python3.14/site-packages/torch/_tensor.py", line 631, in backward
    torch.autograd.backward(
    ~~~~~~~~~~~~~~~~~~~~~~~^
        self, gradient, retain_graph, create_graph, inputs=inputs
        ^^^^^^^^^^^^^^^^^^^^^^^^^^^^^^^^^^^^^^^^^^^^^^^^^^^^^^^^^
    )
    ^
  File "/home/arch/.local/lib/python3.14/site-packages/torch/autograd/__init__.py", line 379, in backward
    _engine_run_backward(
    ~~~~~~~~~~~~~~~~~~~~^
        tensors,
        ^^^^^^^^
    ...<5 lines>...
        accumulate_grad=True,
        ^^^^^^^^^^^^^^^^^^^^^
    )
    ^
  File "/home/arch/.local/lib/python3.14/site-packages/torch/autograd/graph.py", line 882, in _engine_run_backward
    return Variable._execution_engine.run_backward(  # Calls into the C++ engine to run the backward pass
           ~~~~~~~~~~~~~~~~~~~~~~~~~~~~~~~~~~~~~~~^^^^^^^^^^^^^^^^^^^^^^^^^^^^^^^^^^^^^^^^^^^^^^^^^^^^^^^
        t_outputs, *args, **kwargs
        ^^^^^^^^^^^^^^^^^^^^^^^^^^
    )  # Calls into the C++ engine to run the backward pass
    ^
torch.OutOfMemoryError: CUDA out of memory. Tried to allocate 230.00 MiB. GPU 0 has a total capacity of 7.66 GiB of which 183.69 MiB is free. Including non-PyTorch memory, this process has 7.21 GiB memory in use. Of the allocated memory 6.06 GiB is allocated by PyTorch, and 914.37 MiB is reserved by PyTorch but unallocated. If reserved but unallocated memory is large try setting PYTORCH_CUDA_ALLOC_CONF=expandable_segments:True to avoid fragmentation.  See documentation for Memory Management  (https://docs.pytorch.org/docs/stable/notes/cuda.html#optimizing-memory-usage-with-pytorch-cuda-alloc-conf)
=== omgevallen, opnieuw over 15 s ===
=== poging 28 — 21:11:13 ===
HERVAT bij stap 2501. Vorige keer eindigde met 'incident', 0 minuten geleden.
========================================================================
Leven in de wereld
========================================================================
14,368,528 parameters op cuda
170000 stappen, herhaling 37.5%, wereld open tot diepte 5
proefwerk elke 500 stappen, 150 opgaven per stuk

  stap     0 | diepte  18%  diepte2  26%  gemengd  29%  grondslag  27%  ladder  57%
  stap  2516 | wereld open: code tot 6
Traceback (most recent call last):
  File "/home/arch/amber-werk/fase1/leven.py", line 104, in <module>
    uit = leerder.werk(stap)
  File "/home/arch/amber-werk/fase1/../kern/leren.py", line 509, in werk
    fout = self.leer(brokje)
  File "/home/arch/amber-werk/fase1/../kern/leren.py", line 439, in leer
    fouten.append(self._stap(brokje))
                  ~~~~~~~~~~^^^^^^^^
  File "/home/arch/amber-werk/fase1/../kern/leren.py", line 371, in _stap
    return self._stap_echt(brokje)
           ~~~~~~~~~~~~~~~^^^^^^^^
  File "/home/arch/amber-werk/fase1/../kern/leren.py", line 392, in _stap_echt
    fout.backward()
    ~~~~~~~~~~~~~^^
  File "/home/arch/.local/lib/python3.14/site-packages/torch/_tensor.py", line 631, in backward
    torch.autograd.backward(
    ~~~~~~~~~~~~~~~~~~~~~~~^
        self, gradient, retain_graph, create_graph, inputs=inputs
        ^^^^^^^^^^^^^^^^^^^^^^^^^^^^^^^^^^^^^^^^^^^^^^^^^^^^^^^^^
    )
    ^
  File "/home/arch/.local/lib/python3.14/site-packages/torch/autograd/__init__.py", line 379, in backward
    _engine_run_backward(
    ~~~~~~~~~~~~~~~~~~~~^
        tensors,
        ^^^^^^^^
    ...<5 lines>...
        accumulate_grad=True,
        ^^^^^^^^^^^^^^^^^^^^^
    )
    ^
  File "/home/arch/.local/lib/python3.14/site-packages/torch/autograd/graph.py", line 882, in _engine_run_backward
    return Variable._execution_engine.run_backward(  # Calls into the C++ engine to run the backward pass
           ~~~~~~~~~~~~~~~~~~~~~~~~~~~~~~~~~~~~~~~^^^^^^^^^^^^^^^^^^^^^^^^^^^^^^^^^^^^^^^^^^^^^^^^^^^^^^^
        t_outputs, *args, **kwargs
        ^^^^^^^^^^^^^^^^^^^^^^^^^^
    )  # Calls into the C++ engine to run the backward pass
    ^
torch.OutOfMemoryError: CUDA out of memory. Tried to allocate 236.00 MiB. GPU 0 has a total capacity of 7.66 GiB of which 37.69 MiB is free. Including non-PyTorch memory, this process has 7.35 GiB memory in use. Of the allocated memory 6.15 GiB is allocated by PyTorch, and 971.33 MiB is reserved by PyTorch but unallocated. If reserved but unallocated memory is large try setting PYTORCH_CUDA_ALLOC_CONF=expandable_segments:True to avoid fragmentation.  See documentation for Memory Management  (https://docs.pytorch.org/docs/stable/notes/cuda.html#optimizing-memory-usage-with-pytorch-cuda-alloc-conf)
=== omgevallen, opnieuw over 15 s ===
=== poging 29 — 21:12:27 ===
HERVAT bij stap 2501. Vorige keer eindigde met 'incident', 0 minuten geleden.
========================================================================
Leven in de wereld
========================================================================
14,368,528 parameters op cuda
170000 stappen, herhaling 37.5%, wereld open tot diepte 5
proefwerk elke 500 stappen, 150 opgaven per stuk

  stap     0 | diepte  18%  diepte2  26%  gemengd  29%  grondslag  27%  ladder  57%
  stap  2516 | wereld open: code tot 6
Traceback (most recent call last):
  File "/home/arch/amber-werk/fase1/leven.py", line 104, in <module>
    uit = leerder.werk(stap)
  File "/home/arch/amber-werk/fase1/../kern/leren.py", line 509, in werk
    fout = self.leer(brokje)
  File "/home/arch/amber-werk/fase1/../kern/leren.py", line 439, in leer
    fouten.append(self._stap(brokje))
                  ~~~~~~~~~~^^^^^^^^
  File "/home/arch/amber-werk/fase1/../kern/leren.py", line 371, in _stap
    return self._stap_echt(brokje)
           ~~~~~~~~~~~~~~~^^^^^^^^
  File "/home/arch/amber-werk/fase1/../kern/leren.py", line 392, in _stap_echt
    fout.backward()
    ~~~~~~~~~~~~~^^
  File "/home/arch/.local/lib/python3.14/site-packages/torch/_tensor.py", line 631, in backward
    torch.autograd.backward(
    ~~~~~~~~~~~~~~~~~~~~~~~^
        self, gradient, retain_graph, create_graph, inputs=inputs
        ^^^^^^^^^^^^^^^^^^^^^^^^^^^^^^^^^^^^^^^^^^^^^^^^^^^^^^^^^
    )
    ^
  File "/home/arch/.local/lib/python3.14/site-packages/torch/autograd/__init__.py", line 379, in backward
    _engine_run_backward(
    ~~~~~~~~~~~~~~~~~~~~^
        tensors,
        ^^^^^^^^
    ...<5 lines>...
        accumulate_grad=True,
        ^^^^^^^^^^^^^^^^^^^^^
    )
    ^
  File "/home/arch/.local/lib/python3.14/site-packages/torch/autograd/graph.py", line 882, in _engine_run_backward
    return Variable._execution_engine.run_backward(  # Calls into the C++ engine to run the backward pass
           ~~~~~~~~~~~~~~~~~~~~~~~~~~~~~~~~~~~~~~~^^^^^^^^^^^^^^^^^^^^^^^^^^^^^^^^^^^^^^^^^^^^^^^^^^^^^^^
        t_outputs, *args, **kwargs
        ^^^^^^^^^^^^^^^^^^^^^^^^^^
    )  # Calls into the C++ engine to run the backward pass
    ^
torch.OutOfMemoryError: CUDA out of memory. Tried to allocate 230.00 MiB. GPU 0 has a total capacity of 7.66 GiB of which 183.69 MiB is free. Including non-PyTorch memory, this process has 7.21 GiB memory in use. Of the allocated memory 6.06 GiB is allocated by PyTorch, and 914.37 MiB is reserved by PyTorch but unallocated. If reserved but unallocated memory is large try setting PYTORCH_CUDA_ALLOC_CONF=expandable_segments:True to avoid fragmentation.  See documentation for Memory Management  (https://docs.pytorch.org/docs/stable/notes/cuda.html#optimizing-memory-usage-with-pytorch-cuda-alloc-conf)
=== omgevallen, opnieuw over 15 s ===
=== poging 30 — 21:13:41 ===
HERVAT bij stap 2501. Vorige keer eindigde met 'incident', 0 minuten geleden.
========================================================================
Leven in de wereld
========================================================================
14,368,528 parameters op cuda
170000 stappen, herhaling 37.5%, wereld open tot diepte 5
proefwerk elke 500 stappen, 150 opgaven per stuk

  stap     0 | diepte  18%  diepte2  26%  gemengd  29%  grondslag  27%  ladder  57%
  stap  2516 | wereld open: code tot 6
Traceback (most recent call last):
  File "/home/arch/amber-werk/fase1/leven.py", line 104, in <module>
    uit = leerder.werk(stap)
  File "/home/arch/amber-werk/fase1/../kern/leren.py", line 509, in werk
    fout = self.leer(brokje)
  File "/home/arch/amber-werk/fase1/../kern/leren.py", line 439, in leer
    fouten.append(self._stap(brokje))
                  ~~~~~~~~~~^^^^^^^^
  File "/home/arch/amber-werk/fase1/../kern/leren.py", line 371, in _stap
    return self._stap_echt(brokje)
           ~~~~~~~~~~~~~~~^^^^^^^^
  File "/home/arch/amber-werk/fase1/../kern/leren.py", line 392, in _stap_echt
    fout.backward()
    ~~~~~~~~~~~~~^^
  File "/home/arch/.local/lib/python3.14/site-packages/torch/_tensor.py", line 631, in backward
    torch.autograd.backward(
    ~~~~~~~~~~~~~~~~~~~~~~~^
        self, gradient, retain_graph, create_graph, inputs=inputs
        ^^^^^^^^^^^^^^^^^^^^^^^^^^^^^^^^^^^^^^^^^^^^^^^^^^^^^^^^^
    )
    ^
  File "/home/arch/.local/lib/python3.14/site-packages/torch/autograd/__init__.py", line 379, in backward
    _engine_run_backward(
    ~~~~~~~~~~~~~~~~~~~~^
        tensors,
        ^^^^^^^^
    ...<5 lines>...
        accumulate_grad=True,
        ^^^^^^^^^^^^^^^^^^^^^
    )
    ^
  File "/home/arch/.local/lib/python3.14/site-packages/torch/autograd/graph.py", line 882, in _engine_run_backward
    return Variable._execution_engine.run_backward(  # Calls into the C++ engine to run the backward pass
           ~~~~~~~~~~~~~~~~~~~~~~~~~~~~~~~~~~~~~~~^^^^^^^^^^^^^^^^^^^^^^^^^^^^^^^^^^^^^^^^^^^^^^^^^^^^^^^
        t_outputs, *args, **kwargs
        ^^^^^^^^^^^^^^^^^^^^^^^^^^
    )  # Calls into the C++ engine to run the backward pass
    ^
torch.OutOfMemoryError: CUDA out of memory. Tried to allocate 236.00 MiB. GPU 0 has a total capacity of 7.66 GiB of which 37.69 MiB is free. Including non-PyTorch memory, this process has 7.35 GiB memory in use. Of the allocated memory 6.15 GiB is allocated by PyTorch, and 971.33 MiB is reserved by PyTorch but unallocated. If reserved but unallocated memory is large try setting PYTORCH_CUDA_ALLOC_CONF=expandable_segments:True to avoid fragmentation.  See documentation for Memory Management  (https://docs.pytorch.org/docs/stable/notes/cuda.html#optimizing-memory-usage-with-pytorch-cuda-alloc-conf)
=== omgevallen, opnieuw over 15 s ===
=== poging 31 — 21:14:55 ===
HERVAT bij stap 2501. Vorige keer eindigde met 'incident', 0 minuten geleden.
========================================================================
Leven in de wereld
========================================================================
14,368,528 parameters op cuda
170000 stappen, herhaling 37.5%, wereld open tot diepte 5
proefwerk elke 500 stappen, 150 opgaven per stuk

  stap     0 | diepte  18%  diepte2  26%  gemengd  29%  grondslag  27%  ladder  57%
  stap  2516 | wereld open: code tot 6
Traceback (most recent call last):
  File "/home/arch/amber-werk/fase1/leven.py", line 104, in <module>
    uit = leerder.werk(stap)
  File "/home/arch/amber-werk/fase1/../kern/leren.py", line 509, in werk
    fout = self.leer(brokje)
  File "/home/arch/amber-werk/fase1/../kern/leren.py", line 439, in leer
    fouten.append(self._stap(brokje))
                  ~~~~~~~~~~^^^^^^^^
  File "/home/arch/amber-werk/fase1/../kern/leren.py", line 371, in _stap
    return self._stap_echt(brokje)
           ~~~~~~~~~~~~~~~^^^^^^^^
  File "/home/arch/amber-werk/fase1/../kern/leren.py", line 392, in _stap_echt
    fout.backward()
    ~~~~~~~~~~~~~^^
  File "/home/arch/.local/lib/python3.14/site-packages/torch/_tensor.py", line 631, in backward
    torch.autograd.backward(
    ~~~~~~~~~~~~~~~~~~~~~~~^
        self, gradient, retain_graph, create_graph, inputs=inputs
        ^^^^^^^^^^^^^^^^^^^^^^^^^^^^^^^^^^^^^^^^^^^^^^^^^^^^^^^^^
    )
    ^
  File "/home/arch/.local/lib/python3.14/site-packages/torch/autograd/__init__.py", line 379, in backward
    _engine_run_backward(
    ~~~~~~~~~~~~~~~~~~~~^
        tensors,
        ^^^^^^^^
    ...<5 lines>...
        accumulate_grad=True,
        ^^^^^^^^^^^^^^^^^^^^^
    )
    ^
  File "/home/arch/.local/lib/python3.14/site-packages/torch/autograd/graph.py", line 882, in _engine_run_backward
    return Variable._execution_engine.run_backward(  # Calls into the C++ engine to run the backward pass
           ~~~~~~~~~~~~~~~~~~~~~~~~~~~~~~~~~~~~~~~^^^^^^^^^^^^^^^^^^^^^^^^^^^^^^^^^^^^^^^^^^^^^^^^^^^^^^^
        t_outputs, *args, **kwargs
        ^^^^^^^^^^^^^^^^^^^^^^^^^^
    )  # Calls into the C++ engine to run the backward pass
    ^
torch.OutOfMemoryError: CUDA out of memory. Tried to allocate 230.00 MiB. GPU 0 has a total capacity of 7.66 GiB of which 183.69 MiB is free. Including non-PyTorch memory, this process has 7.21 GiB memory in use. Of the allocated memory 6.06 GiB is allocated by PyTorch, and 914.37 MiB is reserved by PyTorch but unallocated. If reserved but unallocated memory is large try setting PYTORCH_CUDA_ALLOC_CONF=expandable_segments:True to avoid fragmentation.  See documentation for Memory Management  (https://docs.pytorch.org/docs/stable/notes/cuda.html#optimizing-memory-usage-with-pytorch-cuda-alloc-conf)
=== omgevallen, opnieuw over 15 s ===
=== poging 32 — 21:16:08 ===
HERVAT bij stap 2501. Vorige keer eindigde met 'incident', 0 minuten geleden.
========================================================================
Leven in de wereld
========================================================================
14,368,528 parameters op cuda
170000 stappen, herhaling 37.5%, wereld open tot diepte 5
proefwerk elke 500 stappen, 150 opgaven per stuk

  stap     0 | diepte  18%  diepte2  26%  gemengd  29%  grondslag  27%  ladder  57%
  stap  2516 | wereld open: code tot 6
Traceback (most recent call last):
  File "/home/arch/amber-werk/fase1/leven.py", line 104, in <module>
    uit = leerder.werk(stap)
  File "/home/arch/amber-werk/fase1/../kern/leren.py", line 509, in werk
    fout = self.leer(brokje)
  File "/home/arch/amber-werk/fase1/../kern/leren.py", line 439, in leer
    fouten.append(self._stap(brokje))
                  ~~~~~~~~~~^^^^^^^^
  File "/home/arch/amber-werk/fase1/../kern/leren.py", line 371, in _stap
    return self._stap_echt(brokje)
           ~~~~~~~~~~~~~~~^^^^^^^^
  File "/home/arch/amber-werk/fase1/../kern/leren.py", line 392, in _stap_echt
    fout.backward()
    ~~~~~~~~~~~~~^^
  File "/home/arch/.local/lib/python3.14/site-packages/torch/_tensor.py", line 631, in backward
    torch.autograd.backward(
    ~~~~~~~~~~~~~~~~~~~~~~~^
        self, gradient, retain_graph, create_graph, inputs=inputs
        ^^^^^^^^^^^^^^^^^^^^^^^^^^^^^^^^^^^^^^^^^^^^^^^^^^^^^^^^^
    )
    ^
  File "/home/arch/.local/lib/python3.14/site-packages/torch/autograd/__init__.py", line 379, in backward
    _engine_run_backward(
    ~~~~~~~~~~~~~~~~~~~~^
        tensors,
        ^^^^^^^^
    ...<5 lines>...
        accumulate_grad=True,
        ^^^^^^^^^^^^^^^^^^^^^
    )
    ^
  File "/home/arch/.local/lib/python3.14/site-packages/torch/autograd/graph.py", line 882, in _engine_run_backward
    return Variable._execution_engine.run_backward(  # Calls into the C++ engine to run the backward pass
           ~~~~~~~~~~~~~~~~~~~~~~~~~~~~~~~~~~~~~~~^^^^^^^^^^^^^^^^^^^^^^^^^^^^^^^^^^^^^^^^^^^^^^^^^^^^^^^
        t_outputs, *args, **kwargs
        ^^^^^^^^^^^^^^^^^^^^^^^^^^
    )  # Calls into the C++ engine to run the backward pass
    ^
torch.OutOfMemoryError: CUDA out of memory. Tried to allocate 230.00 MiB. GPU 0 has a total capacity of 7.66 GiB of which 181.69 MiB is free. Including non-PyTorch memory, this process has 7.21 GiB memory in use. Of the allocated memory 6.06 GiB is allocated by PyTorch, and 916.37 MiB is reserved by PyTorch but unallocated. If reserved but unallocated memory is large try setting PYTORCH_CUDA_ALLOC_CONF=expandable_segments:True to avoid fragmentation.  See documentation for Memory Management  (https://docs.pytorch.org/docs/stable/notes/cuda.html#optimizing-memory-usage-with-pytorch-cuda-alloc-conf)
=== omgevallen, opnieuw over 15 s ===
=== poging 33 — 21:17:20 ===
HERVAT bij stap 2501. Vorige keer eindigde met 'incident', 0 minuten geleden.
========================================================================
Leven in de wereld
========================================================================
14,368,528 parameters op cuda
170000 stappen, herhaling 37.5%, wereld open tot diepte 5
proefwerk elke 500 stappen, 150 opgaven per stuk

  stap     0 | diepte  18%  diepte2  26%  gemengd  29%  grondslag  27%  ladder  57%
  stap  2516 | wereld open: code tot 6
Traceback (most recent call last):
  File "/home/arch/amber-werk/fase1/leven.py", line 104, in <module>
    uit = leerder.werk(stap)
  File "/home/arch/amber-werk/fase1/../kern/leren.py", line 509, in werk
    fout = self.leer(brokje)
  File "/home/arch/amber-werk/fase1/../kern/leren.py", line 439, in leer
    fouten.append(self._stap(brokje))
                  ~~~~~~~~~~^^^^^^^^
  File "/home/arch/amber-werk/fase1/../kern/leren.py", line 371, in _stap
    return self._stap_echt(brokje)
           ~~~~~~~~~~~~~~~^^^^^^^^
  File "/home/arch/amber-werk/fase1/../kern/leren.py", line 392, in _stap_echt
    fout.backward()
    ~~~~~~~~~~~~~^^
  File "/home/arch/.local/lib/python3.14/site-packages/torch/_tensor.py", line 631, in backward
    torch.autograd.backward(
    ~~~~~~~~~~~~~~~~~~~~~~~^
        self, gradient, retain_graph, create_graph, inputs=inputs
        ^^^^^^^^^^^^^^^^^^^^^^^^^^^^^^^^^^^^^^^^^^^^^^^^^^^^^^^^^
    )
    ^
  File "/home/arch/.local/lib/python3.14/site-packages/torch/autograd/__init__.py", line 379, in backward
    _engine_run_backward(
    ~~~~~~~~~~~~~~~~~~~~^
        tensors,
        ^^^^^^^^
    ...<5 lines>...
        accumulate_grad=True,
        ^^^^^^^^^^^^^^^^^^^^^
    )
    ^
  File "/home/arch/.local/lib/python3.14/site-packages/torch/autograd/graph.py", line 882, in _engine_run_backward
    return Variable._execution_engine.run_backward(  # Calls into the C++ engine to run the backward pass
           ~~~~~~~~~~~~~~~~~~~~~~~~~~~~~~~~~~~~~~~^^^^^^^^^^^^^^^^^^^^^^^^^^^^^^^^^^^^^^^^^^^^^^^^^^^^^^^
        t_outputs, *args, **kwargs
        ^^^^^^^^^^^^^^^^^^^^^^^^^^
    )  # Calls into the C++ engine to run the backward pass
    ^
torch.OutOfMemoryError: CUDA out of memory. Tried to allocate 236.00 MiB. GPU 0 has a total capacity of 7.66 GiB of which 37.69 MiB is free. Including non-PyTorch memory, this process has 7.35 GiB memory in use. Of the allocated memory 6.15 GiB is allocated by PyTorch, and 971.33 MiB is reserved by PyTorch but unallocated. If reserved but unallocated memory is large try setting PYTORCH_CUDA_ALLOC_CONF=expandable_segments:True to avoid fragmentation.  See documentation for Memory Management  (https://docs.pytorch.org/docs/stable/notes/cuda.html#optimizing-memory-usage-with-pytorch-cuda-alloc-conf)
=== omgevallen, opnieuw over 15 s ===
=== poging 34 — 21:18:34 ===
HERVAT bij stap 2501. Vorige keer eindigde met 'incident', 0 minuten geleden.
========================================================================
Leven in de wereld
========================================================================
14,368,528 parameters op cuda
170000 stappen, herhaling 37.5%, wereld open tot diepte 5
proefwerk elke 500 stappen, 150 opgaven per stuk

  stap     0 | diepte  18%  diepte2  26%  gemengd  29%  grondslag  27%  ladder  57%
  stap  2516 | wereld open: code tot 6
Traceback (most recent call last):
  File "/home/arch/amber-werk/fase1/leven.py", line 104, in <module>
    uit = leerder.werk(stap)
  File "/home/arch/amber-werk/fase1/../kern/leren.py", line 509, in werk
    fout = self.leer(brokje)
  File "/home/arch/amber-werk/fase1/../kern/leren.py", line 439, in leer
    fouten.append(self._stap(brokje))
                  ~~~~~~~~~~^^^^^^^^
  File "/home/arch/amber-werk/fase1/../kern/leren.py", line 371, in _stap
    return self._stap_echt(brokje)
           ~~~~~~~~~~~~~~~^^^^^^^^
  File "/home/arch/amber-werk/fase1/../kern/leren.py", line 392, in _stap_echt
    fout.backward()
    ~~~~~~~~~~~~~^^
  File "/home/arch/.local/lib/python3.14/site-packages/torch/_tensor.py", line 631, in backward
    torch.autograd.backward(
    ~~~~~~~~~~~~~~~~~~~~~~~^
        self, gradient, retain_graph, create_graph, inputs=inputs
        ^^^^^^^^^^^^^^^^^^^^^^^^^^^^^^^^^^^^^^^^^^^^^^^^^^^^^^^^^
    )
    ^
  File "/home/arch/.local/lib/python3.14/site-packages/torch/autograd/__init__.py", line 379, in backward
    _engine_run_backward(
    ~~~~~~~~~~~~~~~~~~~~^
        tensors,
        ^^^^^^^^
    ...<5 lines>...
        accumulate_grad=True,
        ^^^^^^^^^^^^^^^^^^^^^
    )
    ^
  File "/home/arch/.local/lib/python3.14/site-packages/torch/autograd/graph.py", line 882, in _engine_run_backward
    return Variable._execution_engine.run_backward(  # Calls into the C++ engine to run the backward pass
           ~~~~~~~~~~~~~~~~~~~~~~~~~~~~~~~~~~~~~~~^^^^^^^^^^^^^^^^^^^^^^^^^^^^^^^^^^^^^^^^^^^^^^^^^^^^^^^
        t_outputs, *args, **kwargs
        ^^^^^^^^^^^^^^^^^^^^^^^^^^
    )  # Calls into the C++ engine to run the backward pass
    ^
torch.OutOfMemoryError: CUDA out of memory. Tried to allocate 230.00 MiB. GPU 0 has a total capacity of 7.66 GiB of which 183.69 MiB is free. Including non-PyTorch memory, this process has 7.21 GiB memory in use. Of the allocated memory 6.06 GiB is allocated by PyTorch, and 914.37 MiB is reserved by PyTorch but unallocated. If reserved but unallocated memory is large try setting PYTORCH_CUDA_ALLOC_CONF=expandable_segments:True to avoid fragmentation.  See documentation for Memory Management  (https://docs.pytorch.org/docs/stable/notes/cuda.html#optimizing-memory-usage-with-pytorch-cuda-alloc-conf)
=== omgevallen, opnieuw over 15 s ===
=== poging 35 — 21:19:48 ===
HERVAT bij stap 2501. Vorige keer eindigde met 'incident', 0 minuten geleden.
========================================================================
Leven in de wereld
========================================================================
14,368,528 parameters op cuda
170000 stappen, herhaling 37.5%, wereld open tot diepte 5
proefwerk elke 500 stappen, 150 opgaven per stuk

  stap     0 | diepte  18%  diepte2  26%  gemengd  29%  grondslag  27%  ladder  57%
  stap  2516 | wereld open: code tot 6
Traceback (most recent call last):
  File "/home/arch/amber-werk/fase1/leven.py", line 104, in <module>
    uit = leerder.werk(stap)
  File "/home/arch/amber-werk/fase1/../kern/leren.py", line 509, in werk
    fout = self.leer(brokje)
  File "/home/arch/amber-werk/fase1/../kern/leren.py", line 439, in leer
    fouten.append(self._stap(brokje))
                  ~~~~~~~~~~^^^^^^^^
  File "/home/arch/amber-werk/fase1/../kern/leren.py", line 371, in _stap
    return self._stap_echt(brokje)
           ~~~~~~~~~~~~~~~^^^^^^^^
  File "/home/arch/amber-werk/fase1/../kern/leren.py", line 392, in _stap_echt
    fout.backward()
    ~~~~~~~~~~~~~^^
  File "/home/arch/.local/lib/python3.14/site-packages/torch/_tensor.py", line 631, in backward
    torch.autograd.backward(
    ~~~~~~~~~~~~~~~~~~~~~~~^
        self, gradient, retain_graph, create_graph, inputs=inputs
        ^^^^^^^^^^^^^^^^^^^^^^^^^^^^^^^^^^^^^^^^^^^^^^^^^^^^^^^^^
    )
    ^
  File "/home/arch/.local/lib/python3.14/site-packages/torch/autograd/__init__.py", line 379, in backward
    _engine_run_backward(
    ~~~~~~~~~~~~~~~~~~~~^
        tensors,
        ^^^^^^^^
    ...<5 lines>...
        accumulate_grad=True,
        ^^^^^^^^^^^^^^^^^^^^^
    )
    ^
  File "/home/arch/.local/lib/python3.14/site-packages/torch/autograd/graph.py", line 882, in _engine_run_backward
    return Variable._execution_engine.run_backward(  # Calls into the C++ engine to run the backward pass
           ~~~~~~~~~~~~~~~~~~~~~~~~~~~~~~~~~~~~~~~^^^^^^^^^^^^^^^^^^^^^^^^^^^^^^^^^^^^^^^^^^^^^^^^^^^^^^^
        t_outputs, *args, **kwargs
        ^^^^^^^^^^^^^^^^^^^^^^^^^^
    )  # Calls into the C++ engine to run the backward pass
    ^
torch.OutOfMemoryError: CUDA out of memory. Tried to allocate 236.00 MiB. GPU 0 has a total capacity of 7.66 GiB of which 37.69 MiB is free. Including non-PyTorch memory, this process has 7.35 GiB memory in use. Of the allocated memory 6.15 GiB is allocated by PyTorch, and 971.33 MiB is reserved by PyTorch but unallocated. If reserved but unallocated memory is large try setting PYTORCH_CUDA_ALLOC_CONF=expandable_segments:True to avoid fragmentation.  See documentation for Memory Management  (https://docs.pytorch.org/docs/stable/notes/cuda.html#optimizing-memory-usage-with-pytorch-cuda-alloc-conf)
=== omgevallen, opnieuw over 15 s ===
=== poging 1 — 21:22:15 ===
HERVAT bij stap 2501. Vorige keer eindigde met 'incident', 2 minuten geleden.
========================================================================
Leven in de wereld
========================================================================
14,368,528 parameters op cuda
170000 stappen, herhaling 37.5%, wereld open tot diepte 5
proefwerk elke 500 stappen, 150 opgaven per stuk

  stap     0 | diepte  18%  diepte2  26%  gemengd  29%  grondslag  27%  ladder  57%
  21:23  stap   2550/170000    2%   946 ms/st  nog 44u01m   rekenen/5    --
  stap  2588 | wereld open: code tot 6
  21:24  stap   2600/170000    2%   875 ms/st  nog 40u42m   rekenen/4   44%
  21:24  stap   2650/170000    2%   806 ms/st  nog 37u26m   puzzel/5    --
  21:25  stap   2700/170000    2%   815 ms/st  nog 37u52m   puzzel/5   58%
  21:26  stap   2750/170000    2%   824 ms/st  nog 38u17m   code/1    --
  21:26  stap   2800/170000    2%   817 ms/st  nog 37u57m   code/6    2%
  21:27  stap   2850/170000    2%   826 ms/st  nog 38u20m   rekenen/4    --
  21:28  stap   2900/170000    2%   826 ms/st  nog 38u19m   puzzel/2   95%
  21:29  stap   2950/170000    2%   844 ms/st  nog 39u09m   code/5    --
  21:29  stap   3000/170000    2%   846 ms/st  nog 39u14m   code/6    2%
  stap  3000 | diepte  21%  diepte2  27%  gemengd  25%  grondslag  24%  ladder  61%   | diepte tot 6 | 154 ms/stap
  21:31  stap   3050/170000    2%   934 ms/st  nog 43u19m   puzzel/2    --
  21:32  stap   3100/170000    2%   919 ms/st  nog 42u36m   code/3  100%
  21:32  stap   3150/170000    2%   921 ms/st  nog 42u39m   puzzel/5    --
  stap  3184 | wereld open: rekenen tot 6
  21:33  stap   3200/170000    2%   917 ms/st  nog 42u28m   rekenen/6   11%
  21:34  stap   3250/170000    2%   889 ms/st  nog 41u10m   code/6    --
  21:34  stap   3300/170000    2%   881 ms/st  nog 40u46m   rekenen/6    8%
  21:35  stap   3350/170000    2%   876 ms/st  nog 40u32m   rekenen/3    --
  21:35  stap   3400/170000    2%   869 ms/st  nog 40u14m   code/6   12%
  21:36  stap   3450/170000    2%   863 ms/st  nog 39u55m   rekenen/3    --
  21:37  stap   3500/170000    2%   863 ms/st  nog 39u53m   code/6   23%
  stap  3500 | diepte  22%  diepte2  35%  gemengd  35%  grondslag  30%  ladder  67%   | diepte tot 6 | 258 ms/stap
  21:38  stap   3550/170000    2%   900 ms/st  nog 41u35m   rekenen/6    --
  21:39  stap   3600/170000    2%   885 ms/st  nog 40u53m   rekenen/5   56%
  21:39  stap   3650/170000    2%   886 ms/st  nog 40u57m   rekenen/5    --
  21:40  stap   3700/170000    2%   877 ms/st  nog 40u32m   puzzel/3   72%
  21:41  stap   3750/170000    2%   869 ms/st  nog 40u08m   rekenen/5    --
  21:41  stap   3800/170000    2%   864 ms/st  nog 39u53m   puzzel/1  100%
  21:42  stap   3850/170000    2%   853 ms/st  nog 39u21m   rekenen/6    --
  21:42  stap   3900/170000    2%   854 ms/st  nog 39u22m   rekenen/3   78%
  21:43  stap   3950/170000    2%   848 ms/st  nog 39u06m   rekenen/6    --
  21:43  stap   4000/170000    2%   838 ms/st  nog 38u38m   rekenen/5   61%
  stap  4000 | diepte  21%  diepte2  39%  gemengd  31%  grondslag  26%  ladder  73%   | diepte tot 6 | 323 ms/stap
  21:45  stap   4050/170000    2%   857 ms/st  nog 39u31m   rekenen/3    --
  21:45  stap   4100/170000    2%   854 ms/st  nog 39u22m   rekenen/4   81%
  21:46  stap   4150/170000    2%   848 ms/st  nog 39u03m   puzzel/5    --
  21:46  stap   4200/170000    2%   844 ms/st  nog 38u51m   rekenen/1  100%
  stap  4232 | wereld open: rekenen tot 7
  21:47  stap   4250/170000    2%   835 ms/st  nog 38u25m   code/4    --
  21:47  stap   4300/170000    3%   830 ms/st  nog 38u11m   code/2  100%
  21:48  stap   4350/170000    3%   827 ms/st  nog 38u03m   rekenen/7    --
  21:48  stap   4400/170000    3%   823 ms/st  nog 37u52m   code/6   38%
  21:49  stap   4450/170000    3%   816 ms/st  nog 37u30m   rekenen/5    --
  21:49  stap   4500/170000    3%   811 ms/st  nog 37u18m   puzzel/2   98%
  stap  4500 | diepte  25%  diepte2  39%  gemengd  30%  grondslag  29%  ladder  75%   | diepte tot 7 | 369 ms/stap
  21:51  stap   4550/170000    3%   832 ms/st  nog 38u14m   rekenen/3    --
  21:51  stap   4600/170000    3%   827 ms/st  nog 38u00m   puzzel/1  100%
  21:52  stap   4650/170000    3%   826 ms/st  nog 37u56m   rekenen/7    --
  21:52  stap   4700/170000    3%   819 ms/st  nog 37u36m   rekenen/7   20%
  21:53  stap   4750/170000    3%   814 ms/st  nog 37u22m   puzzel/5    --
  21:54  stap   4800/170000    3%   814 ms/st  nog 37u21m   puzzel/5   75%
  21:54  stap   4850/170000    3%   809 ms/st  nog 37u06m   rekenen/1    --
  21:55  stap   4900/170000    3%   808 ms/st  nog 37u03m   code/4   97%
  21:55  stap   4950/170000    3%   803 ms/st  nog 36u48m   rekenen/7    --
  21:56  stap   5000/170000    3%   804 ms/st  nog 36u51m   rekenen/2   97%
  stap  5000 | diepte  23%  diepte2  41%  gemengd  33%  grondslag  28%  ladder  76%   | diepte tot 7 | 409 ms/stap
  21:57  stap   5050/170000    3%   816 ms/st  nog 37u22m   code/6    --
  stap  5080 | wereld open: code tot 7
  stap  5088 | wereld open: code tot 8
  21:58  stap   5100/170000    3%   817 ms/st  nog 37u25m   puzzel/1  100%
  stap  5128 | wereld open: code tot 9
  21:59  stap   5150/170000    3%   820 ms/st  nog 37u32m   code/9    --
  21:59  stap   5200/170000    3%   820 ms/st  nog 37u31m   code/7   52%
  22:00  stap   5250/170000    3%   819 ms/st  nog 37u29m   code/2    --
  22:01  stap   5300/170000    3%   820 ms/st  nog 37u30m   code/1  100%
  22:01  stap   5350/170000    3%   822 ms/st  nog 37u34m   code/8    --
  stap  5352 | wereld open: code tot 10
  22:02  stap   5400/170000    3%   820 ms/st  nog 37u30m   code/1  100%
  22:03  stap   5450/170000    3%   822 ms/st  nog 37u32m   code/5    --
  stap  5460 | wereld open: code tot 11
  stap  5476 | wereld open: code tot 12
Traceback (most recent call last):
  File "/home/arch/amber-werk/fase1/leven.py", line 104, in <module>
    uit = leerder.werk(stap)
  File "/home/arch/amber-werk/fase1/../kern/leren.py", line 509, in werk
    brokje = wereld.leerreeks(familie, diepte, self.partij, vanaf=vanaf,
                              uitsluiten=proefwerken.stof())
  File "/home/arch/amber-werk/fase1/../kern/wereld.py", line 437, in leerreeks
    raise ValueError(
    ...<2 lines>...
    )
ValueError: code diepte 12: maar 0 van de 64 gevraagde taken gevonden tussen 206638 en 208919
=== omgevallen, opnieuw over 15 s ===
=== poging 2 — 22:04:02 ===
  geheugen terug: 20,000 herinneringen
HERVAT bij stap 5001. Vorige keer eindigde met 'incident', 0 minuten geleden.
========================================================================
Leven in de wereld
========================================================================
14,368,528 parameters op cuda
170000 stappen, herhaling 37.5%, wereld open tot diepte 7
proefwerk elke 500 stappen, 150 opgaven per stuk

  stap     0 | diepte  23%  diepte2  41%  gemengd  33%  grondslag  28%  ladder  76%
  22:05  stap   5050/170000    3%   662 ms/st  nog 30u19m   rekenen/6    --
  22:05  stap   5100/170000    3%   692 ms/st  nog 31u42m   rekenen/2   98%
  22:06  stap   5150/170000    3%   652 ms/st  nog 29u51m   rekenen/7    --
  22:06  stap   5200/170000    3%   637 ms/st  nog 29u09m   rekenen/6   64%
  stap  5232 | wereld open: rekenen tot 8
  22:07  stap   5250/170000    3%   622 ms/st  nog 28u27m   code/2    --
  stap  5260 | wereld open: code tot 7
  22:07  stap   5300/170000    3%   639 ms/st  nog 29u13m   code/1  100%
  stap  5336 | wereld open: code tot 8
  22:08  stap   5350/170000    3%   670 ms/st  nog 30u38m   code/8    --
  stap  5352 | wereld open: code tot 9
  22:09  stap   5400/170000    3%   686 ms/st  nog 31u22m   code/2  100%
  22:09  stap   5450/170000    3%   703 ms/st  nog 32u06m   rekenen/5    --
  22:10  stap   5500/170000    3%   713 ms/st  nog 32u35m   rekenen/2   95%
  stap  5500 | diepte  34%  diepte2  45%  gemengd  38%  grondslag  35%  ladder  75%   | diepte tot 9 | 71 ms/stap
  22:11  stap   5550/170000    3%   787 ms/st  nog 35u57m   code/5    --
  22:12  stap   5600/170000    3%   795 ms/st  nog 36u17m   code/4   94%
  22:13  stap   5650/170000    3%   786 ms/st  nog 35u52m   code/8    --
  stap  5668 | wereld open: code tot 10
  22:13  stap   5700/170000    3%   799 ms/st  nog 36u27m   rekenen/8   17%
  stap  5716 | wereld open: code tot 11
  stap  5736 | wereld open: code tot 12
  22:14  stap   5750/170000    3%   805 ms/st  nog 36u44m   code/7    --
Traceback (most recent call last):
  File "/home/arch/amber-werk/fase1/leven.py", line 104, in <module>
    uit = leerder.werk(stap)
  File "/home/arch/amber-werk/fase1/../kern/leren.py", line 509, in werk
    brokje = wereld.leerreeks(familie, diepte, self.partij, vanaf=vanaf,
                              uitsluiten=proefwerken.stof())
  File "/home/arch/amber-werk/fase1/../kern/wereld.py", line 437, in leerreeks
    raise ValueError(
    ...<2 lines>...
    )
ValueError: code diepte 12: maar 0 van de 64 gevraagde taken gevonden tussen 191157 en 193438
=== omgevallen, opnieuw over 15 s ===
=== poging 3 — 22:15:16 ===
  geheugen terug: 20,000 herinneringen
HERVAT bij stap 5501. Vorige keer eindigde met 'incident', 0 minuten geleden.
========================================================================
Leven in de wereld
========================================================================
14,368,528 parameters op cuda
170000 stappen, herhaling 37.5%, wereld open tot diepte 9
proefwerk elke 500 stappen, 150 opgaven per stuk

  stap     0 | diepte  34%  diepte2  45%  gemengd  38%  grondslag  35%  ladder  75%
  22:16  stap   5550/170000    3%   786 ms/st  nog 35u53m   code/5    --
  stap  5568 | wereld open: code tot 10
  22:17  stap   5600/170000    3%   809 ms/st  nog 36u55m   code/5   95%
  22:17  stap   5650/170000    3%   747 ms/st  nog 34u05m   code/8    --
  stap  5668 | wereld open: code tot 11
  22:18  stap   5700/170000    3%   807 ms/st  nog 36u48m   rekenen/8   16%
  stap  5716 | wereld open: code tot 12
Traceback (most recent call last):
  File "/home/arch/amber-werk/fase1/leven.py", line 104, in <module>
    uit = leerder.werk(stap)
  File "/home/arch/amber-werk/fase1/../kern/leren.py", line 509, in werk
    brokje = wereld.leerreeks(familie, diepte, self.partij, vanaf=vanaf,
                              uitsluiten=proefwerken.stof())
  File "/home/arch/amber-werk/fase1/../kern/wereld.py", line 437, in leerreeks
    raise ValueError(
    ...<2 lines>...
    )
ValueError: code diepte 12: maar 1 van de 64 gevraagde taken gevonden tussen 233769 en 236050
=== omgevallen, opnieuw over 15 s ===
=== poging 4 — 22:19:10 ===
  geheugen terug: 20,000 herinneringen
HERVAT bij stap 5501. Vorige keer eindigde met 'incident', 0 minuten geleden.
========================================================================
Leven in de wereld
========================================================================
14,368,528 parameters op cuda
170000 stappen, herhaling 37.5%, wereld open tot diepte 9
proefwerk elke 500 stappen, 150 opgaven per stuk

  stap     0 | diepte  34%  diepte2  45%  gemengd  38%  grondslag  35%  ladder  75%
  22:20  stap   5550/170000    3%   799 ms/st  nog 36u28m   code/5    --
  stap  5568 | wereld open: code tot 10
  22:21  stap   5600/170000    3%   818 ms/st  nog 37u22m   code/5   95%
  22:21  stap   5650/170000    3%   754 ms/st  nog 34u25m   code/8    --
  stap  5668 | wereld open: code tot 11
  22:22  stap   5700/170000    3%   816 ms/st  nog 37u14m   rekenen/8   16%
  stap  5716 | wereld open: code tot 12
Traceback (most recent call last):
  File "/home/arch/amber-werk/fase1/leven.py", line 104, in <module>
    uit = leerder.werk(stap)
  File "/home/arch/amber-werk/fase1/../kern/leren.py", line 509, in werk
    brokje = wereld.leerreeks(familie, diepte, self.partij, vanaf=vanaf,
                              uitsluiten=proefwerken.stof())
  File "/home/arch/amber-werk/fase1/../kern/wereld.py", line 437, in leerreeks
    raise ValueError(
    ...<2 lines>...
    )
ValueError: code diepte 12: maar 1 van de 64 gevraagde taken gevonden tussen 233769 en 236050
=== omgevallen, opnieuw over 15 s ===
=== poging 5 — 22:23:07 ===
  geheugen terug: 20,000 herinneringen
HERVAT bij stap 5501. Vorige keer eindigde met 'incident', 0 minuten geleden.
========================================================================
Leven in de wereld
========================================================================
14,368,528 parameters op cuda
170000 stappen, herhaling 37.5%, wereld open tot diepte 9
proefwerk elke 500 stappen, 150 opgaven per stuk

  stap     0 | diepte  34%  diepte2  45%  gemengd  38%  grondslag  35%  ladder  75%
  22:24  stap   5550/170000    3%   796 ms/st  nog 36u20m   code/5    --
  stap  5568 | wereld open: code tot 10
  22:25  stap   5600/170000    3%   819 ms/st  nog 37u25m   code/5   95%
  22:25  stap   5650/170000    3%   756 ms/st  nog 34u30m   code/8    --
  stap  5668 | wereld open: code tot 11
  22:26  stap   5700/170000    3%   817 ms/st  nog 37u17m   rekenen/8   16%
  stap  5716 | wereld open: code tot 12
Traceback (most recent call last):
  File "/home/arch/amber-werk/fase1/leven.py", line 104, in <module>
    uit = leerder.werk(stap)
  File "/home/arch/amber-werk/fase1/../kern/leren.py", line 509, in werk
    brokje = wereld.leerreeks(familie, diepte, self.partij, vanaf=vanaf,
                              uitsluiten=proefwerken.stof())
  File "/home/arch/amber-werk/fase1/../kern/wereld.py", line 437, in leerreeks
    raise ValueError(
    ...<2 lines>...
    )
ValueError: code diepte 12: maar 1 van de 64 gevraagde taken gevonden tussen 233769 en 236050
=== omgevallen, opnieuw over 15 s ===
=== poging 6 — 22:27:04 ===
  geheugen terug: 20,000 herinneringen
HERVAT bij stap 5501. Vorige keer eindigde met 'incident', 0 minuten geleden.
========================================================================
Leven in de wereld
========================================================================
14,368,528 parameters op cuda
170000 stappen, herhaling 37.5%, wereld open tot diepte 9
proefwerk elke 500 stappen, 150 opgaven per stuk

  stap     0 | diepte  34%  diepte2  45%  gemengd  38%  grondslag  35%  ladder  75%
  22:28  stap   5550/170000    3%   783 ms/st  nog 35u44m   code/5    --
  stap  5568 | wereld open: code tot 10
  22:29  stap   5600/170000    3%   808 ms/st  nog 36u54m   code/5   95%
  22:29  stap   5650/170000    3%   747 ms/st  nog 34u04m   code/8    --
  stap  5668 | wereld open: code tot 11
  22:30  stap   5700/170000    3%   807 ms/st  nog 36u50m   rekenen/8   16%
  stap  5716 | wereld open: code tot 12
Traceback (most recent call last):
  File "/home/arch/amber-werk/fase1/leven.py", line 104, in <module>
    uit = leerder.werk(stap)
  File "/home/arch/amber-werk/fase1/../kern/leren.py", line 509, in werk
    brokje = wereld.leerreeks(familie, diepte, self.partij, vanaf=vanaf,
                              uitsluiten=proefwerken.stof())
  File "/home/arch/amber-werk/fase1/../kern/wereld.py", line 437, in leerreeks
    raise ValueError(
    ...<2 lines>...
    )
ValueError: code diepte 12: maar 1 van de 64 gevraagde taken gevonden tussen 233769 en 236050
=== omgevallen, opnieuw over 15 s ===
=== poging 7 — 22:30:57 ===
  geheugen terug: 20,000 herinneringen
HERVAT bij stap 5501. Vorige keer eindigde met 'incident', 0 minuten geleden.
========================================================================
Leven in de wereld
========================================================================
14,368,528 parameters op cuda
170000 stappen, herhaling 37.5%, wereld open tot diepte 9
proefwerk elke 500 stappen, 150 opgaven per stuk

  stap     0 | diepte  34%  diepte2  45%  gemengd  38%  grondslag  35%  ladder  75%
  22:32  stap   5550/170000    3%   781 ms/st  nog 35u41m   code/5    --
  stap  5568 | wereld open: code tot 10
  22:32  stap   5600/170000    3%   805 ms/st  nog 36u44m   code/5   95%
  22:33  stap   5650/170000    3%   743 ms/st  nog 33u55m   code/8    --
  stap  5668 | wereld open: code tot 11
  22:34  stap   5700/170000    3%   802 ms/st  nog 36u37m   rekenen/8   16%
  stap  5716 | wereld open: code tot 12
Traceback (most recent call last):
  File "/home/arch/amber-werk/fase1/leven.py", line 104, in <module>
    uit = leerder.werk(stap)
  File "/home/arch/amber-werk/fase1/../kern/leren.py", line 509, in werk
    brokje = wereld.leerreeks(familie, diepte, self.partij, vanaf=vanaf,
                              uitsluiten=proefwerken.stof())
  File "/home/arch/amber-werk/fase1/../kern/wereld.py", line 437, in leerreeks
    raise ValueError(
    ...<2 lines>...
    )
ValueError: code diepte 12: maar 1 van de 64 gevraagde taken gevonden tussen 233769 en 236050
=== omgevallen, opnieuw over 15 s ===
=== poging 8 — 22:34:50 ===
  geheugen terug: 20,000 herinneringen
HERVAT bij stap 5501. Vorige keer eindigde met 'incident', 0 minuten geleden.
========================================================================
Leven in de wereld
========================================================================
14,368,528 parameters op cuda
170000 stappen, herhaling 37.5%, wereld open tot diepte 9
proefwerk elke 500 stappen, 150 opgaven per stuk

=== poging 1 — 22:35:28 ===
  geheugen terug: 20,000 herinneringen
HERVAT bij stap 5501. Vorige keer eindigde met 'incident', 1 minuten geleden.
========================================================================
Leven in de wereld
========================================================================
14,368,528 parameters op cuda
170000 stappen, herhaling 37.5%, wereld open tot diepte 8
proefwerk elke 500 stappen, 150 opgaven per stuk

  stap     0 | diepte  34%  diepte2  45%  gemengd  38%  grondslag  35%  ladder  75%
  22:36  stap   5550/170000    3%   794 ms/st  nog 36u16m   code/5    --
  22:37  stap   5600/170000    3%   839 ms/st  nog 38u18m   code/4   92%
  22:38  stap   5650/170000    3%   779 ms/st  nog 35u34m   code/7    --
  22:38  stap   5700/170000    3%   788 ms/st  nog 35u58m   rekenen/6   61%
  22:39  stap   5750/170000    3%   774 ms/st  nog 35u17m   rekenen/7    --
  22:39  stap   5800/170000    3%   764 ms/st  nog 34u51m   rekenen/5   86%
  22:40  stap   5850/170000    3%   761 ms/st  nog 34u40m   rekenen/7    --
  22:41  stap   5900/170000    3%   777 ms/st  nog 35u26m   code/7   38%
  22:41  stap   5950/170000    4%   770 ms/st  nog 35u05m   rekenen/2    --
  22:42  stap   6000/170000    4%   775 ms/st  nog 35u19m   code/1  100%
  stap  6000 | diepte  28%  diepte2  41%  gemengd  35%  grondslag  34%  ladder  81%   | diepte tot 8 | 71 ms/stap
  22:44  stap   6050/170000    4%   858 ms/st  nog 39u03m   puzzel/3    --
  22:44  stap   6100/170000    4%   848 ms/st  nog 38u37m   rekenen/7   44%
  22:45  stap   6150/170000    4%   836 ms/st  nog 38u01m   puzzel/3    --
  22:45  stap   6200/170000    4%   832 ms/st  nog 37u50m   rekenen/4   89%
  22:46  stap   6250/170000    4%   826 ms/st  nog 37u33m   puzzel/1    --
  22:47  stap   6300/170000    4%   824 ms/st  nog 37u28m   rekenen/6   64%
  22:47  stap   6350/170000    4%   816 ms/st  nog 37u06m   code/1    --
  22:48  stap   6400/170000    4%   811 ms/st  nog 36u51m   code/6   62%
  22:49  stap   6450/170000    4%   816 ms/st  nog 37u04m   rekenen/6    --
  22:49  stap   6500/170000    4%   821 ms/st  nog 37u16m   code/9   66%
  stap  6500 | diepte  33%  diepte2  49%  gemengd  37%  grondslag  34%  ladder  83%   | diepte tot 8 | 132 ms/stap
  22:51  stap   6550/170000    4%   857 ms/st  nog 38u55m   code/4    --
  22:51  stap   6600/170000    4%   846 ms/st  nog 38u24m   code/1  100%
  22:52  stap   6650/170000    4%   844 ms/st  nog 38u17m   code/2    --
  22:53  stap   6700/170000    4%   847 ms/st  nog 38u24m   puzzel/5   64%
  22:53  stap   6750/170000    4%   839 ms/st  nog 38u03m   code/9    --
  22:54  stap   6800/170000    4%   835 ms/st  nog 37u51m   rekenen/6   78%
  22:54  stap   6850/170000    4%   830 ms/st  nog 37u38m   rekenen/1    --
  22:55  stap   6900/170000    4%   834 ms/st  nog 37u45m   code/9   69%
  22:56  stap   6950/170000    4%   830 ms/st  nog 37u36m   puzzel/4    --
  22:56  stap   7000/170000    4%   827 ms/st  nog 37u25m   puzzel/2  100%
  stap  7000 | diepte  31%  diepte2  51%  gemengd  35%  grondslag  33%  ladder  81%   | diepte tot 8 | 182 ms/stap
  22:57  stap   7050/170000    4%   845 ms/st  nog 38u15m   rekenen/8    --
  22:58  stap   7100/170000    4%   842 ms/st  nog 38u06m   rekenen/5   91%
  22:59  stap   7150/170000    4%   838 ms/st  nog 37u54m   rekenen/5    --
  22:59  stap   7200/170000    4%   835 ms/st  nog 37u45m   rekenen/3   94%
  23:00  stap   7250/170000    4%   833 ms/st  nog 37u39m   puzzel/4    --
  23:01  stap   7300/170000    4%   831 ms/st  nog 37u32m   rekenen/6   86%
  23:01  stap   7350/170000    4%   827 ms/st  nog 37u22m   code/3    --
  23:02  stap   7400/170000    4%   825 ms/st  nog 37u16m   puzzel/4   70%
  23:02  stap   7450/170000    4%   824 ms/st  nog 37u12m   rekenen/8    --
  23:03  stap   7500/170000    4%   824 ms/st  nog 37u12m   rekenen/2   98%
  stap  7500 | diepte  29%  diepte2  50%  gemengd  35%  grondslag  36%  ladder  81%   | diepte tot 8 | 225 ms/stap
  23:04  stap   7550/170000    4%   837 ms/st  nog 37u46m   rekenen/5    --
  23:05  stap   7600/170000    4%   835 ms/st  nog 37u40m   code/1  100%
  23:06  stap   7650/170000    4%   834 ms/st  nog 37u37m   rekenen/2    --
  23:06  stap   7700/170000    5%   831 ms/st  nog 37u28m   code/6   70%
  23:07  stap   7750/170000    5%   830 ms/st  nog 37u24m   puzzel/5    --
  23:07  stap   7800/170000    5%   826 ms/st  nog 37u13m   rekenen/2  100%
  23:08  stap   7850/170000    5%   825 ms/st  nog 37u10m   rekenen/2    --
  23:08  stap   7900/170000    5%   821 ms/st  nog 36u58m   rekenen/8   38%
  stap  7912 | wereld open: rekenen tot 9
  23:09  stap   7950/170000    5%   819 ms/st  nog 36u52m   code/6    --
  23:10  stap   8000/170000    5%   818 ms/st  nog 36u48m   rekenen/9   22%
  stap  8000 | diepte  35%  diepte2  55%  gemengd  36%  grondslag  32%  ladder  87%   | diepte tot 9 | 260 ms/stap
  23:11  stap   8050/170000    5%   833 ms/st  nog 37u29m   puzzel/2    --
  23:12  stap   8100/170000    5%   830 ms/st  nog 37u20m   puzzel/3   81%
  23:12  stap   8150/170000    5%   828 ms/st  nog 37u12m   code/7    --
  23:13  stap   8200/170000    5%   827 ms/st  nog 37u08m   code/8   77%
  stap  8208 | wereld open: rekenen tot 10
  23:13  stap   8250/170000    5%   825 ms/st  nog 37u04m   rekenen/10    --
  23:14  stap   8300/170000    5%   823 ms/st  nog 36u58m   rekenen/1  100%
  23:15  stap   8350/170000    5%   822 ms/st  nog 36u53m   puzzel/1    --
  23:15  stap   8400/170000    5%   818 ms/st  nog 36u42m   code/7   72%
  23:16  stap   8450/170000    5%   816 ms/st  nog 36u35m   puzzel/1    --
  23:16  stap   8500/170000    5%   814 ms/st  nog 36u32m   rekenen/1   98%
  stap  8500 | diepte  28%  diepte2  58%  gemengd  39%  grondslag  33%  ladder  86%   | diepte tot 10 | 292 ms/stap
  23:18  stap   8550/170000    5%   825 ms/st  nog 36u58m   rekenen/10    --
  23:18  stap   8600/170000    5%   823 ms/st  nog 36u53m   rekenen/8   39%
  23:19  stap   8650/170000    5%   822 ms/st  nog 36u51m   rekenen/9    --
  23:19  stap   8700/170000    5%   820 ms/st  nog 36u45m   rekenen/10   28%
  23:20  stap   8750/170000    5%   821 ms/st  nog 36u45m   rekenen/7    --
  23:21  stap   8800/170000    5%   819 ms/st  nog 36u39m   code/7   73%
  23:21  stap   8850/170000    5%   818 ms/st  nog 36u37m   rekenen/1    --
  23:22  stap   8900/170000    5%   819 ms/st  nog 36u38m   rekenen/7   67%
  23:23  stap   8950/170000    5%   817 ms/st  nog 36u33m   puzzel/4    --
  23:23  stap   9000/170000    5%   818 ms/st  nog 36u35m   rekenen/4   98%
  stap  9000 | diepte  31%  diepte2  56%  gemengd  39%  grondslag  35%  ladder  83%   | diepte tot 10 | 322 ms/stap
  23:25  stap   9050/170000    5%   827 ms/st  nog 36u59m   code/3    --
  23:25  stap   9100/170000    5%   828 ms/st  nog 37u00m   code/8   84%
  23:26  stap   9150/170000    5%   827 ms/st  nog 36u58m   rekenen/3    --
  23:27  stap   9200/170000    5%   825 ms/st  nog 36u52m   rekenen/3   97%
  23:27  stap   9250/170000    5%   823 ms/st  nog 36u45m   code/1    --
  23:28  stap   9300/170000    5%   823 ms/st  nog 36u44m   puzzel/5   78%
  23:28  stap   9350/170000    6%   819 ms/st  nog 36u34m   rekenen/4    --
  23:29  stap   9400/170000    6%   820 ms/st  nog 36u34m   rekenen/7   86%
  23:30  stap   9450/170000    6%   819 ms/st  nog 36u30m   code/7    --
  23:30  stap   9500/170000    6%   818 ms/st  nog 36u28m   rekenen/6   92%
  stap  9500 | diepte  32%  diepte2  61%  gemengd  37%  grondslag  35%  ladder  85%   | diepte tot 10 | 348 ms/stap
  23:31  stap   9550/170000    6%   826 ms/st  nog 36u49m   code/3    --
  23:32  stap   9600/170000    6%   825 ms/st  nog 36u45m   rekenen/7   75%
  23:33  stap   9650/170000    6%   823 ms/st  nog 36u38m   code/9    --
  23:33  stap   9700/170000    6%   822 ms/st  nog 36u36m   rekenen/10   31%
  23:34  stap   9750/170000    6%   821 ms/st  nog 36u32m   rekenen/9    --
  23:34  stap   9800/170000    6%   821 ms/st  nog 36u31m   code/9   72%
  23:35  stap   9850/170000    6%   819 ms/st  nog 36u26m   rekenen/10    --
  23:36  stap   9900/170000    6%   819 ms/st  nog 36u24m   code/6   80%
  23:36  stap   9950/170000    6%   815 ms/st  nog 36u15m   code/5    --
  23:37  stap  10000/170000    6%   814 ms/st  nog 36u09m   puzzel/2  100%
  stap 10000 | diepte  33%  diepte2  61%  gemengd  37%  grondslag  35%  ladder  79%   | diepte tot 10 | 370 ms/stap
  stap 10024 | wereld open: rekenen tot 11
  23:38  stap  10050/170000    6%   821 ms/st  nog 36u29m   code/6    --
  23:39  stap  10100/170000    6%   820 ms/st  nog 36u26m   code/3  100%
  23:39  stap  10150/170000    6%   820 ms/st  nog 36u23m   rekenen/9    --
  23:40  stap  10200/170000    6%   818 ms/st  nog 36u19m   rekenen/10   39%
  23:40  stap  10250/170000    6%   817 ms/st  nog 36u14m   puzzel/4    --
  stap 10288 | wereld open: rekenen tot 12
  23:41  stap  10300/170000    6%   817 ms/st  nog 36u14m   rekenen/12    5%
  23:41  stap  10350/170000    6%   814 ms/st  nog 36u06m   code/7    --
  23:42  stap  10400/170000    6%   814 ms/st  nog 36u06m   code/2  100%
  23:43  stap  10450/170000    6%   814 ms/st  nog 36u05m   rekenen/12    --
  23:43  stap  10500/170000    6%   813 ms/st  nog 36u00m   code/2  100%
  stap 10500 | diepte  33%  diepte2  55%  gemengd  37%  grondslag  35%  ladder  83%   | diepte tot 12 | 390 ms/stap
  23:45  stap  10550/170000    6%   819 ms/st  nog 36u16m   puzzel/2    --
  23:45  stap  10600/170000    6%   818 ms/st  nog 36u13m   rekenen/12   27%
  23:46  stap  10650/170000    6%   816 ms/st  nog 36u08m   rekenen/8    --
  23:46  stap  10700/170000    6%   816 ms/st  nog 36u05m   rekenen/6   80%
  23:47  stap  10750/170000    6%   812 ms/st  nog 35u56m   code/5    --
  23:47  stap  10800/170000    6%   812 ms/st  nog 35u54m   code/4  100%
  23:48  stap  10850/170000    6%   811 ms/st  nog 35u51m   puzzel/2    --
  23:49  stap  10900/170000    6%   811 ms/st  nog 35u50m   rekenen/8   78%
  23:49  stap  10950/170000    6%   811 ms/st  nog 35u49m   rekenen/12    --
  23:50  stap  11000/170000    6%   811 ms/st  nog 35u47m   rekenen/1  100%
  stap 11000 | diepte  25%  diepte2  57%  gemengd  38%  grondslag  37%  ladder  85%   | diepte tot 12 | 409 ms/stap
=== poging 1 — 23:51:21 ===
  geheugen terug: 20,000 herinneringen
HERVAT bij stap 11001. Vorige keer eindigde met 'incident', 0 minuten geleden.
========================================================================
Leven in de wereld
========================================================================
14,368,528 parameters op cuda
170000 stappen, herhaling 37.5%, wereld open tot diepte 12
proefwerk elke 500 stappen, 150 opgaven per stuk

  stap     0 | diepte  25%  diepte2  57%  gemengd  38%  grondslag  37%  ladder  85%
  23:52  stap  11050/170000    6%   728 ms/st  nog 32u08m   code/6    --
  23:53  stap  11100/170000    7%   750 ms/st  nog 33u07m   rekenen/12   38%
  23:53  stap  11150/170000    7%   775 ms/st  nog 34u12m   code/3    --
  23:54  stap  11200/170000    7%   780 ms/st  nog 34u23m   rekenen/11   12%
  23:55  stap  11250/170000    7%   752 ms/st  nog 33u10m   code/3    --
  23:55  stap  11300/170000    7%   751 ms/st  nog 33u07m   code/5   94%
=== poging 1 — 23:56:09 ===
  geheugen terug: 20,000 herinneringen
HERVAT bij stap 11001. Vorige keer eindigde met 'incident', 0 minuten geleden.
========================================================================
Leven in de wereld
========================================================================
14,368,528 parameters op cuda
170000 stappen, herhaling 37.5%, wereld open tot diepte 12
proefwerk elke 500 stappen, 150 opgaven per stuk

  stap     0 | diepte  25%  diepte2  57%  gemengd  38%  grondslag  37%  ladder  85%
  23:57  stap  11050/170000    6%   718 ms/st  nog 31u41m   code/6    --
  23:58  stap  11100/170000    7%   740 ms/st  nog 32u38m   rekenen/12   44%
  23:58  stap  11150/170000    7%   740 ms/st  nog 32u40m   puzzel/2    --
  23:59  stap  11200/170000    7%   742 ms/st  nog 32u44m   rekenen/11   23%
  23:59  stap  11250/170000    7%   716 ms/st  nog 31u33m   code/3    --
  00:00  stap  11300/170000    7%   715 ms/st  nog 31u31m   code/4   97%
  00:00  stap  11350/170000    7%   709 ms/st  nog 31u15m   puzzel/2    --
  00:01  stap  11400/170000    7%   717 ms/st  nog 31u36m   rekenen/11   48%
  00:02  stap  11450/170000    7%   714 ms/st  nog 31u26m   puzzel/4    --
  00:02  stap  11500/170000    7%   721 ms/st  nog 31u45m   rekenen/9   42%
  stap 11500 | diepte  33%  diepte2  58%  gemengd  38%  grondslag  33%  ladder  83%   | diepte tot 12 | 35 ms/stap
  00:04  stap  11550/170000    7%   793 ms/st  nog 34u53m   rekenen/12    --
  00:04  stap  11600/170000    7%   777 ms/st  nog 34u11m   rekenen/12   23%
  stap 11604 | wereld open: rekenen tot 13
  00:05  stap  11650/170000    7%   786 ms/st  nog 34u34m   code/3    --
  00:06  stap  11700/170000    7%   789 ms/st  nog 34u42m   code/7   77%
  00:06  stap  11750/170000    7%   789 ms/st  nog 34u40m   rekenen/3    --
  00:07  stap  11800/170000    7%   788 ms/st  nog 34u36m   puzzel/3   89%
  00:07  stap  11850/170000    7%   784 ms/st  nog 34u27m   code/1    --
  00:08  stap  11900/170000    7%   789 ms/st  nog 34u39m   rekenen/13   20%
  00:09  stap  11950/170000    7%   786 ms/st  nog 34u30m   rekenen/13    --
  00:10  stap  12000/170000    7%   790 ms/st  nog 34u40m   rekenen/13   36%
  stap 12000 | diepte  27%  diepte2  64%  gemengd  39%  grondslag  33%  ladder  83%   | diepte tot 13 | 69 ms/stap
  00:11  stap  12050/170000    7%   822 ms/st  nog 36u03m   rekenen/2    --
  00:11  stap  12100/170000    7%   823 ms/st  nog 36u05m   rekenen/6   88%
  00:12  stap  12150/170000    7%   816 ms/st  nog 35u47m   rekenen/5    --
  00:13  stap  12200/170000    7%   817 ms/st  nog 35u49m   rekenen/2  100%
  00:13  stap  12250/170000    7%   817 ms/st  nog 35u46m   rekenen/12    --
  00:14  stap  12300/170000    7%   817 ms/st  nog 35u46m   puzzel/5   62%
  00:15  stap  12350/170000    7%   818 ms/st  nog 35u49m   rekenen/12    --
  00:15  stap  12400/170000    7%   819 ms/st  nog 35u50m   rekenen/12   42%
  00:16  stap  12450/170000    7%   811 ms/st  nog 35u29m   rekenen/13    --
  stap 12472 | wereld open: rekenen tot 14
  00:17  stap  12500/170000    7%   812 ms/st  nog 35u31m   rekenen/8   86%
  stap 12500 | diepte  28%  diepte2  63%  gemengd  37%  grondslag  33%  ladder  85%   | diepte tot 14 | 100 ms/stap
  00:18  stap  12550/170000    7%   836 ms/st  nog 36u33m   code/7    --
  00:19  stap  12600/170000    7%   837 ms/st  nog 36u35m   rekenen/12   66%
  00:19  stap  12650/170000    7%   835 ms/st  nog 36u28m   code/2    --
  00:20  stap  12700/170000    7%   835 ms/st  nog 36u29m   code/6   88%
  00:21  stap  12750/170000    8%   835 ms/st  nog 36u28m   rekenen/12    --
  00:21  stap  12800/170000    8%   837 ms/st  nog 36u34m   rekenen/10   73%
  00:22  stap  12850/170000    8%   836 ms/st  nog 36u28m   rekenen/3    --
  00:23  stap  12900/170000    8%   835 ms/st  nog 36u25m   puzzel/4   73%
  00:23  stap  12950/170000    8%   832 ms/st  nog 36u17m   code/5    --
  00:24  stap  13000/170000    8%   831 ms/st  nog 36u14m   puzzel/5   58%
  stap 13000 | diepte  31%  diepte2  61%  gemengd  41%  grondslag  36%  ladder  84%   | diepte tot 14 | 131 ms/stap
  00:25  stap  13050/170000    8%   849 ms/st  nog 37u00m   rekenen/8    --
  00:26  stap  13100/170000    8%   842 ms/st  nog 36u42m   rekenen/12   62%
  00:27  stap  13150/170000    8%   843 ms/st  nog 36u44m   rekenen/14    --
  00:27  stap  13200/170000    8%   843 ms/st  nog 36u43m   code/4  100%
  00:28  stap  13250/170000    8%   843 ms/st  nog 36u42m   rekenen/13    --
  00:29  stap  13300/170000    8%   844 ms/st  nog 36u45m   puzzel/5   75%
  00:29  stap  13350/170000    8%   840 ms/st  nog 36u33m   rekenen/13    --
  00:30  stap  13400/170000    8%   840 ms/st  nog 36u31m   rekenen/10   73%
  00:31  stap  13450/170000    8%   839 ms/st  nog 36u28m   rekenen/14    --
  00:31  stap  13500/170000    8%   837 ms/st  nog 36u23m   code/8   84%
  stap 13500 | diepte  32%  diepte2  67%  gemengd  41%  grondslag  35%  ladder  87%   | diepte tot 14 | 158 ms/stap
  00:32  stap  13550/170000    8%   850 ms/st  nog 36u56m   rekenen/2    --
  stap 13600 | wereld open: rekenen tot 15
  00:33  stap  13600/170000    8%   849 ms/st  nog 36u53m   rekenen/14   56%
  00:34  stap  13650/170000    8%   850 ms/st  nog 36u53m   rekenen/12    --
  00:35  stap  13700/170000    8%   848 ms/st  nog 36u49m   rekenen/7   92%
  00:35  stap  13750/170000    8%   847 ms/st  nog 36u44m   code/4    --
  00:36  stap  13800/170000    8%   846 ms/st  nog 36u42m   puzzel/5   66%
  00:36  stap  13850/170000    8%   845 ms/st  nog 36u40m   rekenen/12    --
  00:37  stap  13900/170000    8%   844 ms/st  nog 36u35m   code/2  100%
  00:38  stap  13950/170000    8%   842 ms/st  nog 36u29m   rekenen/7    --
  00:38  stap  14000/170000    8%   840 ms/st  nog 36u23m   rekenen/3  100%
  stap 14000 | diepte  32%  diepte2  66%  gemengd  36%  grondslag  30%  ladder  86%   | diepte tot 15 | 183 ms/stap
  00:40  stap  14050/170000    8%   851 ms/st  nog 36u52m   code/2    --
  stap 14072 | wereld open: rekenen tot 16
  00:40  stap  14100/170000    8%   851 ms/st  nog 36u52m   rekenen/16    3%
  00:41  stap  14150/170000    8%   849 ms/st  nog 36u45m   code/7    --
  00:42  stap  14200/170000    8%   849 ms/st  nog 36u45m   rekenen/7   88%
  00:42  stap  14250/170000    8%   849 ms/st  nog 36u44m   rekenen/4    --
  00:43  stap  14300/170000    8%   848 ms/st  nog 36u41m   code/5   94%
  00:44  stap  14350/170000    8%   848 ms/st  nog 36u39m   rekenen/11    --
  00:44  stap  14400/170000    8%   846 ms/st  nog 36u34m   rekenen/15   55%
  00:45  stap  14450/170000    8%   845 ms/st  nog 36u31m   rekenen/10    --
  00:46  stap  14500/170000    9%   846 ms/st  nog 36u32m   rekenen/15   27%
  stap 14500 | diepte  31%  diepte2  64%  gemengd  40%  grondslag  37%  ladder  87%   | diepte tot 16 | 207 ms/stap
  00:47  stap  14550/170000    9%   856 ms/st  nog 36u57m   rekenen/14    --
  00:48  stap  14600/170000    9%   856 ms/st  nog 36u57m   rekenen/12   52%
  00:48  stap  14650/170000    9%   856 ms/st  nog 36u56m   rekenen/1    --
  00:49  stap  14700/170000    9%   856 ms/st  nog 36u56m   rekenen/15   55%
  00:50  stap  14750/170000    9%   854 ms/st  nog 36u50m   rekenen/14    --
  00:50  stap  14800/170000    9%   854 ms/st  nog 36u49m   puzzel/3   95%
  00:51  stap  14850/170000    9%   855 ms/st  nog 36u50m   code/1    --
  00:52  stap  14900/170000    9%   854 ms/st  nog 36u47m   rekenen/15   59%
  00:52  stap  14950/170000    9%   851 ms/st  nog 36u40m   code/7    --
  00:53  stap  15000/170000    9%   851 ms/st  nog 36u37m   puzzel/2  100%
  stap 15000 | diepte  31%  diepte2  65%  gemengd  38%  grondslag  38%  ladder  85%   | diepte tot 16 | 229 ms/stap
  stap 15008 | wereld open: rekenen tot 17
  00:54  stap  15050/170000    9%   861 ms/st  nog 37u04m   code/6    --
  00:55  stap  15100/170000    9%   861 ms/st  nog 37u02m   rekenen/16   45%
  00:56  stap  15150/170000    9%   860 ms/st  nog 36u59m   rekenen/17    --
  00:57  stap  15200/170000    9%   862 ms/st  nog 37u03m   rekenen/7   97%
  00:57  stap  15250/170000    9%   861 ms/st  nog 37u01m   rekenen/17    --
  00:58  stap  15300/170000    9%   860 ms/st  nog 36u58m   rekenen/16   53%
  00:59  stap  15350/170000    9%   861 ms/st  nog 36u58m   rekenen/6    --
  01:00  stap  15400/170000    9%   863 ms/st  nog 37u03m   puzzel/4   91%
  01:00  stap  15450/170000    9%   862 ms/st  nog 37u00m   rekenen/1    --
  01:01  stap  15500/170000    9%   862 ms/st  nog 36u59m   puzzel/4   88%
  stap 15500 | diepte  35%  diepte2  62%  gemengd  38%  grondslag  36%  ladder  87%   | diepte tot 17 | 253 ms/stap
  01:02  stap  15550/170000    9%   870 ms/st  nog 37u19m   rekenen/1    --
  01:03  stap  15600/170000    9%   870 ms/st  nog 37u19m   rekenen/11   84%
  01:04  stap  15650/170000    9%   871 ms/st  nog 37u20m   rekenen/10    --
  01:05  stap  15700/170000    9%   871 ms/st  nog 37u19m   puzzel/5   83%
  01:05  stap  15750/170000    9%   870 ms/st  nog 37u17m   rekenen/4    --
  01:06  stap  15800/170000    9%   870 ms/st  nog 37u15m   puzzel/3   89%
  01:07  stap  15850/170000    9%   870 ms/st  nog 37u16m   rekenen/17    --
  01:07  stap  15900/170000    9%   870 ms/st  nog 37u14m   code/2  100%
  01:08  stap  15950/170000    9%   870 ms/st  nog 37u12m   code/1    --
  01:09  stap  16000/170000    9%   869 ms/st  nog 37u09m   puzzel/2  100%
  stap 16000 | diepte  32%  diepte2  65%  gemengd  39%  grondslag  33%  ladder  87%   | diepte tot 17 | 274 ms/stap
  01:10  stap  16050/170000    9%   877 ms/st  nog 37u29m   rekenen/12    --
  01:11  stap  16100/170000    9%   875 ms/st  nog 37u23m   rekenen/3  100%
  01:11  stap  16150/170000   10%   875 ms/st  nog 37u24m   rekenen/17    --
  01:12  stap  16200/170000   10%   875 ms/st  nog 37u23m   code/3  100%
  01:13  stap  16250/170000   10%   875 ms/st  nog 37u20m   rekenen/13    --
  01:14  stap  16300/170000   10%   874 ms/st  nog 37u19m   rekenen/17   48%
  01:14  stap  16350/170000   10%   874 ms/st  nog 37u17m   rekenen/12    --
  01:15  stap  16400/170000   10%   874 ms/st  nog 37u16m   code/3  100%
  01:16  stap  16450/170000   10%   872 ms/st  nog 37u12m   puzzel/3    --
  01:16  stap  16500/170000   10%   873 ms/st  nog 37u13m   rekenen/10   83%
  stap 16500 | diepte  40%  diepte2  63%  gemengd  41%  grondslag  37%  ladder  86%   | diepte tot 17 | 293 ms/stap
  01:18  stap  16550/170000   10%   879 ms/st  nog 37u27m   rekenen/16    --
  01:18  stap  16600/170000   10%   880 ms/st  nog 37u29m   puzzel/1  100%
  01:19  stap  16650/170000   10%   878 ms/st  nog 37u23m   rekenen/17    --
  01:20  stap  16700/170000   10%   878 ms/st  nog 37u22m   rekenen/8   94%
  01:20  stap  16750/170000   10%   877 ms/st  nog 37u19m   rekenen/16    --
  01:21  stap  16800/170000   10%   877 ms/st  nog 37u18m   puzzel/5   78%
  01:22  stap  16850/170000   10%   877 ms/st  nog 37u18m   puzzel/3    --
  01:22  stap  16900/170000   10%   875 ms/st  nog 37u13m   rekenen/17   48%
  01:23  stap  16950/170000   10%   874 ms/st  nog 37u09m   rekenen/13    --
  01:24  stap  17000/170000   10%   874 ms/st  nog 37u07m   rekenen/5   97%
  stap 17000 | diepte  36%  diepte2  64%  gemengd  43%  grondslag  38%  ladder  84%   | diepte tot 17 | 310 ms/stap
  01:25  stap  17050/170000   10%   879 ms/st  nog 37u21m   rekenen/13    --
  01:26  stap  17100/170000   10%   879 ms/st  nog 37u21m   puzzel/4   91%
  01:26  stap  17150/170000   10%   879 ms/st  nog 37u19m   code/3    --
  01:27  stap  17200/170000   10%   878 ms/st  nog 37u16m   puzzel/1  100%
  01:28  stap  17250/170000   10%   878 ms/st  nog 37u14m   rekenen/14    --
  01:28  stap  17300/170000   10%   876 ms/st  nog 37u09m   puzzel/1  100%
  01:29  stap  17350/170000   10%   876 ms/st  nog 37u08m   rekenen/17    --
  01:30  stap  17400/170000   10%   876 ms/st  nog 37u07m   puzzel/3   89%
  01:30  stap  17450/170000   10%   875 ms/st  nog 37u05m   code/4    --
  01:31  stap  17500/170000   10%   874 ms/st  nog 37u02m   rekenen/1  100%
  stap 17500 | diepte  33%  diepte2  65%  gemengd  39%  grondslag  33%  ladder  86%   | diepte tot 17 | 327 ms/stap
  01:32  stap  17550/170000   10%   880 ms/st  nog 37u15m   rekenen/7    --
  01:33  stap  17600/170000   10%   879 ms/st  nog 37u11m   rekenen/6  100%
  01:34  stap  17650/170000   10%   878 ms/st  nog 37u10m   puzzel/1    --
  01:35  stap  17700/170000   10%   879 ms/st  nog 37u11m   rekenen/1  100%
  01:35  stap  17750/170000   10%   879 ms/st  nog 37u10m   rekenen/2    --
  01:36  stap  17800/170000   10%   878 ms/st  nog 37u07m   code/3  100%
  01:37  stap  17850/170000   10%   878 ms/st  nog 37u06m   rekenen/3    --
  01:37  stap  17900/170000   11%   877 ms/st  nog 37u03m   code/3  100%
  01:38  stap  17950/170000   11%   877 ms/st  nog 37u02m   rekenen/3    --
  01:39  stap  18000/170000   11%   878 ms/st  nog 37u03m   rekenen/14   73%
  stap 18000 | diepte  29%  diepte2  61%  gemengd  38%  grondslag  34%  ladder  83%   | diepte tot 17 | 343 ms/stap
  01:40  stap  18050/170000   11%   882 ms/st  nog 37u14m   code/5    --
  01:41  stap  18100/170000   11%   882 ms/st  nog 37u13m   code/4  100%
  01:41  stap  18150/170000   11%   881 ms/st  nog 37u10m   rekenen/17    --
  01:42  stap  18200/170000   11%   881 ms/st  nog 37u08m   rekenen/17   39%
  01:43  stap  18250/170000   11%   881 ms/st  nog 37u07m   code/1    --
  01:43  stap  18300/170000   11%   880 ms/st  nog 37u03m   rekenen/17   36%
  01:44  stap  18350/170000   11%   879 ms/st  nog 37u02m   rekenen/17    --
  01:45  stap  18400/170000   11%   879 ms/st  nog 37u00m   code/8   92%
  01:45  stap  18450/170000   11%   879 ms/st  nog 36u59m   rekenen/14    --
  01:46  stap  18500/170000   11%   878 ms/st  nog 36u56m   rekenen/13   33%
  stap 18500 | diepte  30%  diepte2  64%  gemengd  39%  grondslag  34%  ladder  85%   | diepte tot 17 | 358 ms/stap
  01:47  stap  18550/170000   11%   882 ms/st  nog 37u06m   puzzel/3    --
  01:48  stap  18600/170000   11%   881 ms/st  nog 37u03m   rekenen/8   91%
  01:49  stap  18650/170000   11%   881 ms/st  nog 37u01m   code/8    --
  01:49  stap  18700/170000   11%   881 ms/st  nog 37u02m   code/8   81%
  01:50  stap  18750/170000   11%   882 ms/st  nog 37u03m   code/3    --
  01:51  stap  18800/170000   11%   881 ms/st  nog 37u00m   rekenen/17   41%
  01:52  stap  18850/170000   11%   880 ms/st  nog 36u57m   rekenen/7    --
  01:52  stap  18900/170000   11%   880 ms/st  nog 36u57m   puzzel/3   98%
  01:53  stap  18950/170000   11%   879 ms/st  nog 36u53m   code/8    --
  01:54  stap  19000/170000   11%   879 ms/st  nog 36u52m   puzzel/2  100%
  stap 19000 | diepte  41%  diepte2  64%  gemengd  41%  grondslag  35%  ladder  87%   | diepte tot 17 | 372 ms/stap
  01:55  stap  19050/170000   11%   883 ms/st  nog 37u02m   rekenen/3    --
  01:56  stap  19100/170000   11%   883 ms/st  nog 37u00m   rekenen/2   97%
  01:56  stap  19150/170000   11%   882 ms/st  nog 36u56m   rekenen/17    --
  01:57  stap  19200/170000   11%   882 ms/st  nog 36u57m   puzzel/5   84%
  01:58  stap  19250/170000   11%   881 ms/st  nog 36u54m   rekenen/16    --
  01:58  stap  19300/170000   11%   882 ms/st  nog 36u54m   rekenen/16   67%
  01:59  stap  19350/170000   11%   882 ms/st  nog 36u53m   code/8    --
  02:00  stap  19400/170000   11%   881 ms/st  nog 36u50m   rekenen/4   98%
  02:00  stap  19450/170000   11%   880 ms/st  nog 36u48m   rekenen/14    --
  02:01  stap  19500/170000   11%   881 ms/st  nog 36u49m   rekenen/4  100%
  stap 19500 | diepte  33%  diepte2  65%  gemengd  40%  grondslag  36%  ladder  87%   | diepte tot 17 | 386 ms/stap
  02:02  stap  19550/170000   12%   885 ms/st  nog 36u58m   rekenen/15    --
  02:03  stap  19600/170000   12%   884 ms/st  nog 36u56m   code/7   92%
  02:04  stap  19650/170000   12%   883 ms/st  nog 36u53m   rekenen/16    --
  02:04  stap  19700/170000   12%   884 ms/st  nog 36u53m   puzzel/2  100%
  02:05  stap  19750/170000   12%   882 ms/st  nog 36u49m   code/3    --
  02:06  stap  19800/170000   12%   882 ms/st  nog 36u47m   code/8   91%
  02:06  stap  19850/170000   12%   881 ms/st  nog 36u44m   rekenen/10    --
  02:07  stap  19900/170000   12%   881 ms/st  nog 36u43m   code/1  100%
  02:08  stap  19950/170000   12%   880 ms/st  nog 36u41m   code/2    --
  02:08  stap  20000/170000   12%   880 ms/st  nog 36u39m   rekenen/1  100%
  stap 20000 | diepte  34%  diepte2  67%  gemengd  40%  grondslag  37%  ladder  89%   | diepte tot 17 | 398 ms/stap
  02:10  stap  20050/170000   12%   883 ms/st  nog 36u46m   puzzel/5    --
  02:10  stap  20100/170000   12%   882 ms/st  nog 36u44m   rekenen/14   64%
  02:11  stap  20150/170000   12%   882 ms/st  nog 36u43m   code/2    --
  02:12  stap  20200/170000   12%   883 ms/st  nog 36u43m   puzzel/5   14%
  02:12  stap  20250/170000   12%   883 ms/st  nog 36u42m   rekenen/13    --
  02:13  stap  20300/170000   12%   882 ms/st  nog 36u41m   rekenen/8   97%
  02:14  stap  20350/170000   12%   882 ms/st  nog 36u38m   rekenen/8    --
  02:14  stap  20400/170000   12%   881 ms/st  nog 36u37m   rekenen/8  100%
  02:15  stap  20450/170000   12%   881 ms/st  nog 36u35m   rekenen/9    --
  02:16  stap  20500/170000   12%   880 ms/st  nog 36u32m   rekenen/4  100%
  stap 20500 | diepte  32%  diepte2  65%  gemengd  39%  grondslag  35%  ladder  87%   | diepte tot 17 | 409 ms/stap
  02:17  stap  20550/170000   12%   883 ms/st  nog 36u38m   rekenen/16    --
  02:17  stap  20600/170000   12%   882 ms/st  nog 36u36m   rekenen/16   28%
  02:18  stap  20650/170000   12%   882 ms/st  nog 36u35m   rekenen/13    --
  02:19  stap  20700/170000   12%   881 ms/st  nog 36u32m   code/5  100%
  02:19  stap  20750/170000   12%   880 ms/st  nog 36u29m   rekenen/14    --
  02:20  stap  20800/170000   12%   880 ms/st  nog 36u28m   rekenen/17   39%
  02:21  stap  20850/170000   12%   880 ms/st  nog 36u27m   code/5    --
  02:21  stap  20900/170000   12%   879 ms/st  nog 36u24m   puzzel/5   86%
  02:22  stap  20950/170000   12%   879 ms/st  nog 36u23m   rekenen/10    --
  02:23  stap  21000/170000   12%   879 ms/st  nog 36u22m   puzzel/4   86%
  stap 21000 | diepte  35%  diepte2  65%  gemengd  39%  grondslag  37%  ladder  87%   | diepte tot 17 | 420 ms/stap
  02:24  stap  21050/170000   12%   882 ms/st  nog 36u29m   code/2    --
  02:25  stap  21100/170000   12%   882 ms/st  nog 36u28m   rekenen/15   72%
  02:26  stap  21150/170000   12%   882 ms/st  nog 36u27m   rekenen/1    --
  02:26  stap  21200/170000   12%   881 ms/st  nog 36u25m   puzzel/2  100%
  02:27  stap  21250/170000   12%   880 ms/st  nog 36u21m   code/8    --
  02:27  stap  21300/170000   13%   880 ms/st  nog 36u20m   rekenen/16   69%
  02:28  stap  21350/170000   13%   879 ms/st  nog 36u18m   rekenen/1    --
  02:29  stap  21400/170000   13%   879 ms/st  nog 36u16m   code/5   94%
  02:29  stap  21450/170000   13%   878 ms/st  nog 36u14m   rekenen/12    --
  02:30  stap  21500/170000   13%   878 ms/st  nog 36u12m   rekenen/6   98%
  stap 21500 | diepte  29%  diepte2  65%  gemengd  37%  grondslag  33%  ladder  87%   | diepte tot 17 | 430 ms/stap
  02:31  stap  21550/170000   13%   881 ms/st  nog 36u19m   puzzel/5    --
  02:32  stap  21600/170000   13%   881 ms/st  nog 36u18m   code/6   94%
  02:33  stap  21650/170000   13%   880 ms/st  nog 36u15m   code/1    --
  02:33  stap  21700/170000   13%   879 ms/st  nog 36u13m   puzzel/3   92%
  02:34  stap  21750/170000   13%   878 ms/st  nog 36u10m   rekenen/17    --
  02:34  stap  21800/170000   13%   878 ms/st  nog 36u09m   puzzel/4   78%
  02:35  stap  21850/170000   13%   878 ms/st  nog 36u06m   rekenen/9    --
  02:36  stap  21900/170000   13%   877 ms/st  nog 36u05m   code/1  100%
  02:36  stap  21950/170000   13%   876 ms/st  nog 36u02m   code/8    --
  02:37  stap  22000/170000   13%   876 ms/st  nog 36u00m   rekenen/7   95%
  stap 22000 | diepte  37%  diepte2  67%  gemengd  37%  grondslag  35%  ladder  88%   | diepte tot 17 | 440 ms/stap
  02:38  stap  22050/170000   13%   879 ms/st  nog 36u07m   rekenen/14    --
  02:39  stap  22100/170000   13%   879 ms/st  nog 36u06m   puzzel/4   80%
  02:40  stap  22150/170000   13%   879 ms/st  nog 36u04m   puzzel/2    --
  02:40  stap  22200/170000   13%   878 ms/st  nog 36u03m   rekenen/10   97%
  02:41  stap  22250/170000   13%   878 ms/st  nog 36u02m   rekenen/6    --
  02:42  stap  22300/170000   13%   878 ms/st  nog 36u01m   code/2  100%
  02:42  stap  22350/170000   13%   878 ms/st  nog 35u59m   rekenen/6    --
  02:43  stap  22400/170000   13%   877 ms/st  nog 35u56m   rekenen/7   92%
  02:44  stap  22450/170000   13%   876 ms/st  nog 35u54m   rekenen/1    --
  02:44  stap  22500/170000   13%   876 ms/st  nog 35u53m   rekenen/12   88%
  stap 22500 | diepte  36%  diepte2  66%  gemengd  40%  grondslag  36%  ladder  90%   | diepte tot 17 | 449 ms/stap
  02:45  stap  22550/170000   13%   878 ms/st  nog 35u58m   code/8    --
  02:46  stap  22600/170000   13%   878 ms/st  nog 35u55m   rekenen/3  100%
  02:47  stap  22650/170000   13%   877 ms/st  nog 35u54m   rekenen/3    --
  02:47  stap  22700/170000   13%   877 ms/st  nog 35u53m   puzzel/5   77%
  02:48  stap  22750/170000   13%   877 ms/st  nog 35u51m   rekenen/3    --
  02:49  stap  22800/170000   13%   876 ms/st  nog 35u49m   puzzel/5   81%
  02:49  stap  22850/170000   13%   876 ms/st  nog 35u48m   rekenen/2    --
  02:50  stap  22900/170000   13%   875 ms/st  nog 35u45m   rekenen/7   97%
  02:51  stap  22950/170000   14%   875 ms/st  nog 35u44m   rekenen/9    --
  02:51  stap  23000/170000   14%   875 ms/st  nog 35u42m   rekenen/2  100%
  stap 23000 | diepte  33%  diepte2  65%  gemengd  41%  grondslag  35%  ladder  89%   | diepte tot 17 | 458 ms/stap
  02:53  stap  23050/170000   14%   877 ms/st  nog 35u48m   rekenen/2    --
  02:53  stap  23100/170000   14%   877 ms/st  nog 35u46m   rekenen/1  100%
  02:54  stap  23150/170000   14%   876 ms/st  nog 35u43m   rekenen/17    --
  02:54  stap  23200/170000   14%   876 ms/st  nog 35u42m   rekenen/2  100%
  02:55  stap  23250/170000   14%   875 ms/st  nog 35u41m   puzzel/1    --
  02:56  stap  23300/170000   14%   874 ms/st  nog 35u37m   code/1  100%
  02:56  stap  23350/170000   14%   874 ms/st  nog 35u35m   rekenen/16    --
  02:57  stap  23400/170000   14%   873 ms/st  nog 35u33m   rekenen/11   91%
  02:57  stap  23450/170000   14%   873 ms/st  nog 35u32m   rekenen/6    --
  02:58  stap  23500/170000   14%   873 ms/st  nog 35u32m   rekenen/9   89%
  stap 23500 | diepte  29%  diepte2  67%  gemengd  35%  grondslag  26%  ladder  87%   | diepte tot 17 | 466 ms/stap
  02:59  stap  23550/170000   14%   876 ms/st  nog 35u37m   rekenen/17    --
  03:00  stap  23600/170000   14%   876 ms/st  nog 35u36m   rekenen/14   81%
  03:01  stap  23650/170000   14%   875 ms/st  nog 35u33m   rekenen/8    --
  03:01  stap  23700/170000   14%   875 ms/st  nog 35u32m   rekenen/2  100%
  03:02  stap  23750/170000   14%   874 ms/st  nog 35u31m   code/2    --
  03:03  stap  23800/170000   14%   874 ms/st  nog 35u30m   rekenen/1  100%
  03:03  stap  23850/170000   14%   873 ms/st  nog 35u26m   puzzel/5    --
  03:04  stap  23900/170000   14%   873 ms/st  nog 35u25m   rekenen/17   58%
  03:05  stap  23950/170000   14%   872 ms/st  nog 35u22m   puzzel/1    --
  03:05  stap  24000/170000   14%   872 ms/st  nog 35u20m   rekenen/14   84%
  stap 24000 | diepte  35%  diepte2  65%  gemengd  38%  grondslag  34%  ladder  89%   | diepte tot 17 | 474 ms/stap
  03:07  stap  24050/170000   14%   874 ms/st  nog 35u26m   rekenen/17    --
  03:07  stap  24100/170000   14%   874 ms/st  nog 35u26m   rekenen/13   69%
  03:08  stap  24150/170000   14%   874 ms/st  nog 35u23m   rekenen/4    --
  03:09  stap  24200/170000   14%   874 ms/st  nog 35u22m   rekenen/11   62%
  03:09  stap  24250/170000   14%   873 ms/st  nog 35u21m   rekenen/17    --
  03:10  stap  24300/170000   14%   873 ms/st  nog 35u19m   rekenen/10   86%
  03:10  stap  24350/170000   14%   872 ms/st  nog 35u17m   code/5    --
  03:11  stap  24400/170000   14%   872 ms/st  nog 35u16m   code/6   92%
  03:12  stap  24450/170000   14%   872 ms/st  nog 35u15m   puzzel/2    --
  03:12  stap  24500/170000   14%   871 ms/st  nog 35u12m   code/4  100%
  stap 24500 | diepte  39%  diepte2  67%  gemengd  39%  grondslag  37%  ladder  87%   | diepte tot 17 | 481 ms/stap
  03:14  stap  24550/170000   14%   873 ms/st  nog 35u17m   puzzel/2    --
  03:14  stap  24600/170000   14%   873 ms/st  nog 35u16m   puzzel/4   83%
  03:15  stap  24650/170000   14%   873 ms/st  nog 35u14m   code/5    --
  03:16  stap  24700/170000   15%   872 ms/st  nog 35u12m   rekenen/12   66%
  03:16  stap  24750/170000   15%   872 ms/st  nog 35u11m   rekenen/10    --
  03:17  stap  24800/170000   15%   872 ms/st  nog 35u10m   puzzel/5   78%
  03:17  stap  24850/170000   15%   871 ms/st  nog 35u07m   code/8    --
  03:18  stap  24900/170000   15%   871 ms/st  nog 35u05m   rekenen/2  100%
  03:19  stap  24950/170000   15%   871 ms/st  nog 35u04m   rekenen/14    --
  03:20  stap  25000/170000   15%   871 ms/st  nog 35u05m   rekenen/9   91%
  stap 25000 | diepte  37%  diepte2  67%  gemengd  41%  grondslag  35%  ladder  88%   | diepte tot 17 | 489 ms/stap
  03:21  stap  25050/170000   15%   873 ms/st  nog 35u09m   rekenen/13    --
  03:21  stap  25100/170000   15%   872 ms/st  nog 35u06m   rekenen/1  100%
  03:22  stap  25150/170000   15%   872 ms/st  nog 35u05m   code/5    --
  03:23  stap  25200/170000   15%   871 ms/st  nog 35u03m   rekenen/6  100%
  03:23  stap  25250/170000   15%   871 ms/st  nog 35u02m   rekenen/10    --
  03:24  stap  25300/170000   15%   871 ms/st  nog 35u00m   rekenen/2  100%
  03:25  stap  25350/170000   15%   871 ms/st  nog 34u59m   rekenen/5    --
  03:25  stap  25400/170000   15%   870 ms/st  nog 34u56m   code/7   92%
  03:26  stap  25450/170000   15%   870 ms/st  nog 34u55m   code/5    --
  03:26  stap  25500/170000   15%   869 ms/st  nog 34u53m   rekenen/5  100%
  stap 25500 | diepte  35%  diepte2  68%  gemengd  36%  grondslag  30%  ladder  88%   | diepte tot 17 | 496 ms/stap
  03:28  stap  25550/170000   15%   872 ms/st  nog 34u59m   rekenen/14    --
  03:28  stap  25600/170000   15%   872 ms/st  nog 34u57m   rekenen/6   98%
  03:29  stap  25650/170000   15%   871 ms/st  nog 34u56m   rekenen/5    --
  03:30  stap  25700/170000   15%   871 ms/st  nog 34u53m   code/5   11%
  03:30  stap  25750/170000   15%   871 ms/st  nog 34u53m   code/8    --
  03:31  stap  25800/170000   15%   870 ms/st  nog 34u51m   rekenen/6  100%
  03:32  stap  25850/170000   15%   870 ms/st  nog 34u50m   puzzel/1    --
  03:32  stap  25900/170000   15%   870 ms/st  nog 34u49m   rekenen/7   88%
  03:33  stap  25950/170000   15%   870 ms/st  nog 34u47m   rekenen/8    --
  03:34  stap  26000/170000   15%   869 ms/st  nog 34u46m   rekenen/11   89%
  stap 26000 | diepte  41%  diepte2  68%  gemengd  37%  grondslag  33%  ladder  88%   | diepte tot 17 | 503 ms/stap
  03:35  stap  26050/170000   15%   872 ms/st  nog 34u51m   puzzel/2    --
  03:36  stap  26100/170000   15%   872 ms/st  nog 34u50m   rekenen/13   83%
  03:36  stap  26150/170000   15%   871 ms/st  nog 34u49m   puzzel/4    --
  03:37  stap  26200/170000   15%   871 ms/st  nog 34u47m   rekenen/3   97%
  03:38  stap  26250/170000   15%   870 ms/st  nog 34u45m   rekenen/5    --
  03:38  stap  26300/170000   15%   871 ms/st  nog 34u45m   puzzel/5   80%
  03:39  stap  26350/170000   16%   870 ms/st  nog 34u44m   rekenen/8    --
  03:40  stap  26400/170000   16%   870 ms/st  nog 34u43m   rekenen/15   80%
  03:40  stap  26450/170000   16%   870 ms/st  nog 34u41m   code/3    --
  03:41  stap  26500/170000   16%   870 ms/st  nog 34u40m   rekenen/15   50%
  stap 26500 | diepte  39%  diepte2  68%  gemengd  35%  grondslag  29%  ladder  89%   | diepte tot 17 | 510 ms/stap
  03:42  stap  26550/170000   16%   872 ms/st  nog 34u44m   code/7    --
  03:43  stap  26600/170000   16%   872 ms/st  nog 34u42m   rekenen/17   80%
  03:44  stap  26650/170000   16%   871 ms/st  nog 34u41m   puzzel/5    --
  03:44  stap  26700/170000   16%   870 ms/st  nog 34u38m   rekenen/3   98%
  03:45  stap  26750/170000   16%   869 ms/st  nog 34u35m   rekenen/1    --
  03:45  stap  26800/170000   16%   869 ms/st  nog 34u34m   rekenen/17   56%
  03:46  stap  26850/170000   16%   868 ms/st  nog 34u31m   rekenen/8    --
  03:46  stap  26900/170000   16%   868 ms/st  nog 34u30m   puzzel/2  100%
  03:47  stap  26950/170000   16%   868 ms/st  nog 34u29m   rekenen/2    --
  03:48  stap  27000/170000   16%   868 ms/st  nog 34u27m   code/6   94%
  stap 27000 | diepte  33%  diepte2  68%  gemengd  35%  grondslag  30%  ladder  89%   | diepte tot 17 | 516 ms/stap
  03:49  stap  27050/170000   16%   869 ms/st  nog 34u31m   puzzel/4    --
  03:50  stap  27100/170000   16%   870 ms/st  nog 34u30m   rekenen/4   95%
  03:50  stap  27150/170000   16%   869 ms/st  nog 34u28m   rekenen/11    --
  03:51  stap  27200/170000   16%   868 ms/st  nog 34u26m   rekenen/17   80%
  03:51  stap  27250/170000   16%   868 ms/st  nog 34u25m   rekenen/5    --
  03:52  stap  27300/170000   16%   868 ms/st  nog 34u23m   code/5   98%
  03:53  stap  27350/170000   16%   867 ms/st  nog 34u20m   code/4    --
  03:53  stap  27400/170000   16%   866 ms/st  nog 34u19m   code/5   98%
  03:54  stap  27450/170000   16%   866 ms/st  nog 34u18m   code/2    --
  03:55  stap  27500/170000   16%   866 ms/st  nog 34u16m   rekenen/12   91%
  stap 27500 | diepte  39%  diepte2  68%  gemengd  35%  grondslag  29%  ladder  89%   | diepte tot 17 | 521 ms/stap
  03:56  stap  27550/170000   16%   868 ms/st  nog 34u20m   puzzel/3    --
  03:56  stap  27600/170000   16%   868 ms/st  nog 34u19m   rekenen/11   83%
  03:57  stap  27650/170000   16%   868 ms/st  nog 34u18m   code/8    --
  03:58  stap  27700/170000   16%   868 ms/st  nog 34u17m   rekenen/6   97%
  03:58  stap  27750/170000   16%   867 ms/st  nog 34u14m   code/2    --
  03:59  stap  27800/170000   16%   867 ms/st  nog 34u13m   puzzel/4   81%
  04:00  stap  27850/170000   16%   866 ms/st  nog 34u12m   rekenen/5    --
  04:00  stap  27900/170000   16%   866 ms/st  nog 34u09m   rekenen/11   95%
  04:01  stap  27950/170000   16%   865 ms/st  nog 34u08m   code/8    --
  04:01  stap  28000/170000   16%   865 ms/st  nog 34u06m   rekenen/11   81%
  stap 28000 | diepte  38%  diepte2  65%  gemengd  39%  grondslag  33%  ladder  89%   | diepte tot 17 | 526 ms/stap
  04:03  stap  28050/170000   16%   866 ms/st  nog 34u09m   code/5    --
  04:03  stap  28100/170000   17%   866 ms/st  nog 34u08m   rekenen/12   81%
  04:04  stap  28150/170000   17%   866 ms/st  nog 34u06m   code/2    --
  04:04  stap  28200/170000   17%   866 ms/st  nog 34u05m   puzzel/2  100%
  04:05  stap  28250/170000   17%   865 ms/st  nog 34u03m   puzzel/4    --
  04:06  stap  28300/170000   17%   865 ms/st  nog 34u02m   rekenen/1  100%
  04:06  stap  28350/170000   17%   864 ms/st  nog 34u00m   puzzel/4    --
  04:07  stap  28400/170000   17%   864 ms/st  nog 33u59m   rekenen/4   98%
  04:08  stap  28450/170000   17%   864 ms/st  nog 33u57m   rekenen/7    --
  04:08  stap  28500/170000   17%   864 ms/st  nog 33u56m   rekenen/2  100%
  stap 28500 | diepte  39%  diepte2  68%  gemengd  36%  grondslag  31%  ladder  89%   | diepte tot 17 | 531 ms/stap
  04:09  stap  28550/170000   17%   865 ms/st  nog 33u59m   code/7    --
  04:10  stap  28600/170000   17%   865 ms/st  nog 33u58m   code/7   98%
  04:11  stap  28650/170000   17%   865 ms/st  nog 33u56m   rekenen/5    --
  04:11  stap  28700/170000   17%   864 ms/st  nog 33u54m   puzzel/5   86%
  04:12  stap  28750/170000   17%   864 ms/st  nog 33u53m   rekenen/11    --
  04:13  stap  28800/170000   17%   864 ms/st  nog 33u52m   rekenen/16   77%
  04:13  stap  28850/170000   17%   863 ms/st  nog 33u50m   code/3    --
  04:14  stap  28900/170000   17%   863 ms/st  nog 33u48m   rekenen/13   88%
  04:14  stap  28950/170000   17%   862 ms/st  nog 33u46m   code/8    --
  04:15  stap  29000/170000   17%   862 ms/st  nog 33u46m   rekenen/17   73%
  stap 29000 | diepte  39%  diepte2  67%  gemengd  37%  grondslag  30%  ladder  88%   | diepte tot 17 | 536 ms/stap
  04:16  stap  29050/170000   17%   864 ms/st  nog 33u48m   rekenen/11    --
  04:17  stap  29100/170000   17%   864 ms/st  nog 33u48m   code/3  100%
  04:17  stap  29150/170000   17%   863 ms/st  nog 33u46m   code/2    --
  04:18  stap  29200/170000   17%   863 ms/st  nog 33u44m   rekenen/14   81%
  04:18  stap  29250/170000   17%   862 ms/st  nog 33u41m   code/7    --
  04:19  stap  29300/170000   17%   862 ms/st  nog 33u40m   rekenen/13   86%
  04:20  stap  29350/170000   17%   861 ms/st  nog 33u39m   rekenen/11    --
  04:20  stap  29400/170000   17%   861 ms/st  nog 33u38m   code/2  100%
  04:21  stap  29450/170000   17%   861 ms/st  nog 33u35m   rekenen/15    --
  04:22  stap  29500/170000   17%   860 ms/st  nog 33u34m   rekenen/17   59%
  stap 29500 | diepte  39%  diepte2  67%  gemengd  36%  grondslag  33%  ladder  89%   | diepte tot 17 | 541 ms/stap
  04:23  stap  29550/170000   17%   862 ms/st  nog 33u38m   code/8    --
  04:24  stap  29600/170000   17%   862 ms/st  nog 33u37m   rekenen/17   56%
  04:24  stap  29650/170000   17%   862 ms/st  nog 33u36m   puzzel/4    --
  04:25  stap  29700/170000   17%   862 ms/st  nog 33u35m   puzzel/5   84%
  04:26  stap  29750/170000   18%   862 ms/st  nog 33u34m   puzzel/4    --
  04:26  stap  29800/170000   18%   862 ms/st  nog 33u33m   rekenen/9   95%
  04:27  stap  29850/170000   18%   861 ms/st  nog 33u32m   rekenen/14    --
  04:28  stap  29900/170000   18%   861 ms/st  nog 33u31m   code/5   95%
  04:28  stap  29950/170000   18%   861 ms/st  nog 33u29m   code/7    --
  04:29  stap  30000/170000   18%   861 ms/st  nog 33u29m   rekenen/6  100%
  stap 30000 | diepte  35%  diepte2  67%  gemengd  35%  grondslag  26%  ladder  89%   | diepte tot 17 | 547 ms/stap
  04:30  stap  30050/170000   18%   863 ms/st  nog 33u32m   code/4    --
  04:31  stap  30100/170000   18%   863 ms/st  nog 33u31m   rekenen/7   95%
  04:32  stap  30150/170000   18%   862 ms/st  nog 33u29m   code/5    --
  04:32  stap  30200/170000   18%   862 ms/st  nog 33u28m   code/8   97%
  04:33  stap  30250/170000   18%   862 ms/st  nog 33u27m   rekenen/3    --
  04:34  stap  30300/170000   18%   862 ms/st  nog 33u26m   puzzel/5   88%
  04:34  stap  30350/170000   18%   861 ms/st  nog 33u24m   rekenen/12    --
  04:35  stap  30400/170000   18%   861 ms/st  nog 33u22m   rekenen/4  100%
  04:35  stap  30450/170000   18%   861 ms/st  nog 33u21m   puzzel/1    --
  04:36  stap  30500/170000   18%   860 ms/st  nog 33u20m   rekenen/14   53%
  stap 30500 | diepte  34%  diepte2  64%  gemengd  36%  grondslag  31%  ladder  87%   | diepte tot 17 | 551 ms/stap
  04:37  stap  30550/170000   18%   862 ms/st  nog 33u23m   rekenen/7    --
  04:38  stap  30600/170000   18%   862 ms/st  nog 33u22m   rekenen/13   89%
  04:38  stap  30650/170000   18%   861 ms/st  nog 33u20m   code/6    --
  04:39  stap  30700/170000   18%   861 ms/st  nog 33u18m   rekenen/13   83%
  04:39  stap  30750/170000   18%   860 ms/st  nog 33u16m   rekenen/11    --
  04:40  stap  30800/170000   18%   860 ms/st  nog 33u15m   code/5  100%
  04:41  stap  30850/170000   18%   860 ms/st  nog 33u15m   puzzel/1    --
  04:42  stap  30900/170000   18%   860 ms/st  nog 33u13m   code/2  100%
  04:42  stap  30950/170000   18%   859 ms/st  nog 33u11m   code/6    --
  04:43  stap  31000/170000   18%   859 ms/st  nog 33u11m   rekenen/15   75%
  stap 31000 | diepte  30%  diepte2  69%  gemengd  35%  grondslag  28%  ladder  90%   | diepte tot 17 | 556 ms/stap
  04:44  stap  31050/170000   18%   861 ms/st  nog 33u14m   rekenen/3    --
  04:45  stap  31100/170000   18%   861 ms/st  nog 33u12m   rekenen/16   80%
  04:45  stap  31150/170000   18%   861 ms/st  nog 33u11m   puzzel/4    --
  04:46  stap  31200/170000   18%   860 ms/st  nog 33u09m   code/6   92%
  04:47  stap  31250/170000   18%   860 ms/st  nog 33u08m   rekenen/7    --
  04:47  stap  31300/170000   18%   859 ms/st  nog 33u06m   rekenen/16   83%
  04:48  stap  31350/170000   18%   859 ms/st  nog 33u05m   rekenen/17    --
  04:48  stap  31400/170000   18%   859 ms/st  nog 33u04m   rekenen/15   75%
  04:49  stap  31450/170000   18%   858 ms/st  nog 33u02m   code/3    --
  04:50  stap  31500/170000   19%   859 ms/st  nog 33u01m   rekenen/16   73%
  stap 31500 | diepte  31%  diepte2  66%  gemengd  38%  grondslag  29%  ladder  87%   | diepte tot 17 | 560 ms/stap
  04:51  stap  31550/170000   19%   860 ms/st  nog 33u04m   rekenen/16    --
  04:51  stap  31600/170000   19%   859 ms/st  nog 33u01m   rekenen/2   98%
  04:52  stap  31650/170000   19%   859 ms/st  nog 33u00m   rekenen/9    --
  04:53  stap  31700/170000   19%   859 ms/st  nog 32u59m   rekenen/5  100%
  04:53  stap  31750/170000   19%   858 ms/st  nog 32u56m   rekenen/4    --
  04:54  stap  31800/170000   19%   858 ms/st  nog 32u55m   code/3  100%
  04:54  stap  31850/170000   19%   858 ms/st  nog 32u54m   code/2    --
  04:55  stap  31900/170000   19%   857 ms/st  nog 32u52m   rekenen/2  100%
  04:56  stap  31950/170000   19%   857 ms/st  nog 32u51m   rekenen/9    --
  04:56  stap  32000/170000   19%   857 ms/st  nog 32u50m   rekenen/12   89%
  stap 32000 | diepte  30%  diepte2  68%  gemengd  38%  grondslag  32%  ladder  89%   | diepte tot 17 | 563 ms/stap
  04:57  stap  32050/170000   19%   858 ms/st  nog 32u51m   rekenen/11    --
  04:58  stap  32100/170000   19%   858 ms/st  nog 32u51m   rekenen/8   98%
  04:59  stap  32150/170000   19%   857 ms/st  nog 32u49m   code/4    --
  04:59  stap  32200/170000   19%   857 ms/st  nog 32u48m   rekenen/15   86%
  05:00  stap  32250/170000   19%   857 ms/st  nog 32u46m   puzzel/3    --
  05:00  stap  32300/170000   19%   857 ms/st  nog 32u45m   puzzel/1  100%
  05:01  stap  32350/170000   19%   857 ms/st  nog 32u45m   rekenen/5    --
  05:02  stap  32400/170000   19%   856 ms/st  nog 32u43m   rekenen/15    0%
  05:02  stap  32450/170000   19%   856 ms/st  nog 32u42m   rekenen/14    --
  05:03  stap  32500/170000   19%   856 ms/st  nog 32u41m   rekenen/6   98%
  stap 32500 | diepte  35%  diepte2  67%  gemengd  39%  grondslag  31%  ladder  89%   | diepte tot 17 | 567 ms/stap
  05:04  stap  32550/170000   19%   857 ms/st  nog 32u44m   rekenen/11    --
  05:05  stap  32600/170000   19%   857 ms/st  nog 32u43m   code/5  100%
  05:06  stap  32650/170000   19%   857 ms/st  nog 32u41m   rekenen/2    --
  05:06  stap  32700/170000   19%   857 ms/st  nog 32u41m   rekenen/16   86%
  05:07  stap  32750/170000   19%   857 ms/st  nog 32u39m   rekenen/4    --
  05:08  stap  32800/170000   19%   856 ms/st  nog 32u38m   code/1  100%
  05:08  stap  32850/170000   19%   856 ms/st  nog 32u37m   code/8    --
  05:09  stap  32900/170000   19%   856 ms/st  nog 32u36m   puzzel/1  100%
  05:09  stap  32950/170000   19%   856 ms/st  nog 32u34m   rekenen/12    --
  05:10  stap  33000/170000   19%   856 ms/st  nog 32u33m   puzzel/2  100%
  stap 33000 | diepte  35%  diepte2  67%  gemengd  40%  grondslag  31%  ladder  89%   | diepte tot 17 | 572 ms/stap
  05:11  stap  33050/170000   19%   857 ms/st  nog 32u35m   puzzel/5    --
  05:12  stap  33100/170000   19%   857 ms/st  nog 32u34m   code/1  100%
  05:12  stap  33150/170000   20%   856 ms/st  nog 32u32m   code/2    --
  05:13  stap  33200/170000   20%   856 ms/st  nog 32u31m   rekenen/1  100%
  05:14  stap  33250/170000   20%   855 ms/st  nog 32u29m   rekenen/8    --
  05:14  stap  33300/170000   20%   855 ms/st  nog 32u28m   rekenen/6   98%
  05:15  stap  33350/170000   20%   855 ms/st  nog 32u27m   rekenen/7    --
  05:16  stap  33400/170000   20%   855 ms/st  nog 32u27m   rekenen/16   81%
  05:16  stap  33450/170000   20%   855 ms/st  nog 32u25m   rekenen/5    --
  05:17  stap  33500/170000   20%   855 ms/st  nog 32u24m   code/6   95%
  stap 33500 | diepte  35%  diepte2  67%  gemengd  35%  grondslag  27%  ladder  89%   | diepte tot 17 | 575 ms/stap
  05:18  stap  33550/170000   20%   856 ms/st  nog 32u26m   puzzel/3    --
  05:19  stap  33600/170000   20%   856 ms/st  nog 32u25m   rekenen/4   98%
  05:19  stap  33650/170000   20%   855 ms/st  nog 32u23m   rekenen/13    --
  05:20  stap  33700/170000   20%   855 ms/st  nog 32u22m   code/8   92%
  05:21  stap  33750/170000   20%   855 ms/st  nog 32u21m   code/2    --
  05:21  stap  33800/170000   20%   855 ms/st  nog 32u19m   rekenen/1  100%
  05:22  stap  33850/170000   20%   855 ms/st  nog 32u19m   rekenen/1    --
  05:22  stap  33900/170000   20%   854 ms/st  nog 32u18m   rekenen/16   69%
  05:23  stap  33950/170000   20%   854 ms/st  nog 32u16m   rekenen/1    --
  05:24  stap  34000/170000   20%   854 ms/st  nog 32u15m   rekenen/3  100%
  stap 34000 | diepte  33%  diepte2  66%  gemengd  35%  grondslag  31%  ladder  89%   | diepte tot 17 | 579 ms/stap
  05:25  stap  34050/170000   20%   855 ms/st  nog 32u16m   code/8    --
  05:25  stap  34100/170000   20%   854 ms/st  nog 32u15m   rekenen/17   72%
  05:26  stap  34150/170000   20%   854 ms/st  nog 32u14m   rekenen/15    --
  05:27  stap  34200/170000   20%   854 ms/st  nog 32u13m   rekenen/16   75%
  05:27  stap  34250/170000   20%   854 ms/st  nog 32u11m   rekenen/1    --
  05:28  stap  34300/170000   20%   853 ms/st  nog 32u10m   rekenen/2  100%
  05:28  stap  34350/170000   20%   853 ms/st  nog 32u08m   rekenen/17    --
  05:29  stap  34400/170000   20%   853 ms/st  nog 32u07m   rekenen/11   92%
  05:30  stap  34450/170000   20%   853 ms/st  nog 32u07m   puzzel/5    --
  05:30  stap  34500/170000   20%   853 ms/st  nog 32u06m   puzzel/2  100%
  stap 34500 | diepte  35%  diepte2  68%  gemengd  37%  grondslag  30%  ladder  89%   | diepte tot 17 | 582 ms/stap
  05:32  stap  34550/170000   20%   854 ms/st  nog 32u08m   puzzel/3    --
  05:32  stap  34600/170000   20%   854 ms/st  nog 32u07m   rekenen/16   84%
  05:33  stap  34650/170000   20%   854 ms/st  nog 32u05m   rekenen/5    --
  05:33  stap  34700/170000   20%   853 ms/st  nog 32u04m   code/3  100%
  05:34  stap  34750/170000   20%   853 ms/st  nog 32u03m   rekenen/14    --
  05:35  stap  34800/170000   20%   853 ms/st  nog 32u01m   puzzel/4   92%
  05:35  stap  34850/170000   20%   853 ms/st  nog 32u01m   rekenen/14    --
  05:36  stap  34900/170000   21%   853 ms/st  nog 32u01m   rekenen/15   94%
  05:37  stap  34950/170000   21%   853 ms/st  nog 32u00m   rekenen/13    --
  05:38  stap  35000/170000   21%   853 ms/st  nog 31u59m   rekenen/10   98%
  stap 35000 | diepte  34%  diepte2  68%  gemengd  38%  grondslag  27%  ladder  88%   | diepte tot 17 | 586 ms/stap
  05:39  stap  35050/170000   21%   854 ms/st  nog 32u00m   rekenen/17    --
  05:39  stap  35100/170000   21%   854 ms/st  nog 31u59m   puzzel/2   89%
  05:40  stap  35150/170000   21%   854 ms/st  nog 31u58m   code/7    --
  05:41  stap  35200/170000   21%   854 ms/st  nog 31u57m   rekenen/15   86%
  05:41  stap  35250/170000   21%   853 ms/st  nog 31u56m   puzzel/2    --
  05:42  stap  35300/170000   21%   854 ms/st  nog 31u56m   rekenen/2  100%
  05:43  stap  35350/170000   21%   853 ms/st  nog 31u54m   rekenen/3    --
  05:43  stap  35400/170000   21%   853 ms/st  nog 31u53m   rekenen/13   80%
  05:44  stap  35450/170000   21%   853 ms/st  nog 31u52m   rekenen/11    --
  05:45  stap  35500/170000   21%   853 ms/st  nog 31u52m   rekenen/2  100%
  stap 35500 | diepte  35%  diepte2  66%  gemengd  37%  grondslag  29%  ladder  88%   | diepte tot 17 | 590 ms/stap
  05:46  stap  35550/170000   21%   854 ms/st  nog 31u54m   code/3    --
  05:46  stap  35600/170000   21%   854 ms/st  nog 31u52m   rekenen/4   98%
  05:47  stap  35650/170000   21%   854 ms/st  nog 31u51m   puzzel/5    --
  05:48  stap  35700/170000   21%   854 ms/st  nog 31u51m   rekenen/2  100%
  05:48  stap  35750/170000   21%   853 ms/st  nog 31u49m   rekenen/11    --
  05:49  stap  35800/170000   21%   853 ms/st  nog 31u48m   code/6   91%
  05:50  stap  35850/170000   21%   853 ms/st  nog 31u46m   code/8    --
  05:50  stap  35900/170000   21%   853 ms/st  nog 31u46m   puzzel/3   98%
  05:51  stap  35950/170000   21%   853 ms/st  nog 31u44m   puzzel/4    --
  05:51  stap  36000/170000   21%   852 ms/st  nog 31u43m   rekenen/9   94%
  stap 36000 | diepte  33%  diepte2  67%  gemengd  41%  grondslag  33%  ladder  89%   | diepte tot 17 | 593 ms/stap
  05:53  stap  36050/170000   21%   853 ms/st  nog 31u45m   code/7    --
  05:53  stap  36100/170000   21%   853 ms/st  nog 31u44m   rekenen/2  100%
  05:54  stap  36150/170000   21%   853 ms/st  nog 31u43m   rekenen/15    --
  05:55  stap  36200/170000   21%   853 ms/st  nog 31u42m   puzzel/2  100%
  05:55  stap  36250/170000   21%   853 ms/st  nog 31u41m   puzzel/1    --
  05:56  stap  36300/170000   21%   852 ms/st  nog 31u39m   rekenen/11   95%
  05:56  stap  36350/170000   21%   852 ms/st  nog 31u38m   rekenen/13    --
  05:57  stap  36400/170000   21%   852 ms/st  nog 31u37m   puzzel/4   88%
  05:58  stap  36450/170000   21%   852 ms/st  nog 31u36m   puzzel/1    --
  05:58  stap  36500/170000   21%   852 ms/st  nog 31u35m   code/1  100%
  stap 36500 | diepte  31%  diepte2  67%  gemengd  38%  grondslag  31%  ladder  88%   | diepte tot 17 | 596 ms/stap
  06:00  stap  36550/170000   22%   853 ms/st  nog 31u37m   rekenen/5    --
  06:00  stap  36600/170000   22%   853 ms/st  nog 31u35m   code/5  100%
  06:01  stap  36650/170000   22%   852 ms/st  nog 31u34m   rekenen/5    --
  06:01  stap  36700/170000   22%   852 ms/st  nog 31u33m   rekenen/8   97%
  06:02  stap  36750/170000   22%   852 ms/st  nog 31u31m   puzzel/3    --
  06:03  stap  36800/170000   22%   852 ms/st  nog 31u30m   puzzel/1  100%
  06:03  stap  36850/170000   22%   852 ms/st  nog 31u30m   code/7    --
  06:04  stap  36900/170000   22%   852 ms/st  nog 31u29m   puzzel/3   95%
  06:05  stap  36950/170000   22%   851 ms/st  nog 31u27m   rekenen/13    --
  06:05  stap  37000/170000   22%   851 ms/st  nog 31u26m   rekenen/7   92%
  stap 37000 | diepte  35%  diepte2  65%  gemengd  36%  grondslag  33%  ladder  88%   | diepte tot 17 | 599 ms/stap
  06:06  stap  37050/170000   22%   852 ms/st  nog 31u28m   rekenen/12    --
  06:07  stap  37100/170000   22%   852 ms/st  nog 31u27m   rekenen/13   97%
  06:08  stap  37150/170000   22%   852 ms/st  nog 31u26m   rekenen/5    --
  06:08  stap  37200/170000   22%   852 ms/st  nog 31u25m   rekenen/16   81%
  06:09  stap  37250/170000   22%   851 ms/st  nog 31u23m   rekenen/12    --
  06:10  stap  37300/170000   22%   852 ms/st  nog 31u23m   code/7   97%
  06:10  stap  37350/170000   22%   851 ms/st  nog 31u22m   rekenen/16    --
  06:11  stap  37400/170000   22%   851 ms/st  nog 31u20m   code/4  100%
  06:11  stap  37450/170000   22%   851 ms/st  nog 31u19m   puzzel/5    --
  06:12  stap  37500/170000   22%   851 ms/st  nog 31u18m   rekenen/10   94%
  stap 37500 | diepte  31%  diepte2  67%  gemengd  38%  grondslag  33%  ladder  88%   | diepte tot 17 | 602 ms/stap
  06:13  stap  37550/170000   22%   852 ms/st  nog 31u20m   code/5    --
  06:14  stap  37600/170000   22%   852 ms/st  nog 31u19m   rekenen/11   94%
  06:15  stap  37650/170000   22%   852 ms/st  nog 31u18m   rekenen/2    --
  06:15  stap  37700/170000   22%   852 ms/st  nog 31u17m   code/2  100%
  06:16  stap  37750/170000   22%   851 ms/st  nog 31u16m   rekenen/9    --
  06:17  stap  37800/170000   22%   851 ms/st  nog 31u15m   rekenen/15   84%
  06:17  stap  37850/170000   22%   851 ms/st  nog 31u14m   puzzel/5    --
  06:18  stap  37900/170000   22%   851 ms/st  nog 31u13m   code/2  100%
  06:19  stap  37950/170000   22%   851 ms/st  nog 31u12m   rekenen/5    --
  06:19  stap  38000/170000   22%   851 ms/st  nog 31u11m   rekenen/11   92%
  stap 38000 | diepte  35%  diepte2  65%  gemengd  39%  grondslag  32%  ladder  89%   | diepte tot 17 | 605 ms/stap
  06:20  stap  38050/170000   22%   852 ms/st  nog 31u13m   rekenen/10    --
  06:21  stap  38100/170000   22%   852 ms/st  nog 31u12m   rekenen/10   80%
  06:22  stap  38150/170000   22%   852 ms/st  nog 31u11m   code/1    --
  06:22  stap  38200/170000   22%   852 ms/st  nog 31u10m   rekenen/16   84%
  06:23  stap  38250/170000   22%   851 ms/st  nog 31u09m   code/2    --
  06:24  stap  38300/170000   23%   851 ms/st  nog 31u08m   rekenen/4   98%
  06:24  stap  38350/170000   23%   851 ms/st  nog 31u07m   code/1    --
  06:25  stap  38400/170000   23%   851 ms/st  nog 31u05m   rekenen/7   98%
  06:25  stap  38450/170000   23%   851 ms/st  nog 31u04m   rekenen/4    --
  06:26  stap  38500/170000   23%   850 ms/st  nog 31u03m   rekenen/14   91%
  stap 38500 | diepte  34%  diepte2  69%  gemengd  41%  grondslag  33%  ladder  88%   | diepte tot 17 | 608 ms/stap
  06:27  stap  38550/170000   23%   851 ms/st  nog 31u04m   rekenen/11    --
  06:28  stap  38600/170000   23%   851 ms/st  nog 31u03m   rekenen/3  100%
  06:28  stap  38650/170000   23%   851 ms/st  nog 31u02m   rekenen/6    --
  06:29  stap  38700/170000   23%   850 ms/st  nog 31u00m   rekenen/14   88%
  06:30  stap  38750/170000   23%   850 ms/st  nog 30u59m   rekenen/2    --
  06:30  stap  38800/170000   23%   850 ms/st  nog 30u58m   code/3  100%
  06:31  stap  38850/170000   23%   850 ms/st  nog 30u57m   rekenen/6    --
  06:31  stap  38900/170000   23%   850 ms/st  nog 30u56m   rekenen/9   97%
  06:32  stap  38950/170000   23%   849 ms/st  nog 30u55m   rekenen/11    --
  06:33  stap  39000/170000   23%   849 ms/st  nog 30u53m   code/2  100%
  stap 39000 | diepte  37%  diepte2  67%  gemengd  39%  grondslag  32%  ladder  88%   | diepte tot 17 | 611 ms/stap
  06:34  stap  39050/170000   23%   850 ms/st  nog 30u55m   rekenen/12    --
  06:34  stap  39100/170000   23%   850 ms/st  nog 30u54m   rekenen/13   89%
  06:35  stap  39150/170000   23%   850 ms/st  nog 30u53m   puzzel/4    --
  06:36  stap  39200/170000   23%   849 ms/st  nog 30u51m   puzzel/1  100%
  06:36  stap  39250/170000   23%   849 ms/st  nog 30u50m   rekenen/13    --
  06:37  stap  39300/170000   23%   849 ms/st  nog 30u49m   rekenen/4  100%
  06:37  stap  39350/170000   23%   849 ms/st  nog 30u48m   code/6    --
  06:38  stap  39400/170000   23%   849 ms/st  nog 30u47m   puzzel/4   86%
  06:39  stap  39450/170000   23%   849 ms/st  nog 30u46m   rekenen/10    --
  06:39  stap  39500/170000   23%   848 ms/st  nog 30u45m   rekenen/2  100%
  stap 39500 | diepte  35%  diepte2  65%  gemengd  37%  grondslag  31%  ladder  89%   | diepte tot 17 | 613 ms/stap
  06:41  stap  39550/170000   23%   850 ms/st  nog 30u47m   rekenen/8    --
  06:41  stap  39600/170000   23%   849 ms/st  nog 30u46m   rekenen/10   98%
  06:42  stap  39650/170000   23%   849 ms/st  nog 30u44m   code/6    --
  06:42  stap  39700/170000   23%   849 ms/st  nog 30u43m   puzzel/3   97%
  06:43  stap  39750/170000   23%   849 ms/st  nog 30u42m   rekenen/14    --
  06:44  stap  39800/170000   23%   849 ms/st  nog 30u41m   rekenen/5  100%
  06:44  stap  39850/170000   23%   849 ms/st  nog 30u40m   rekenen/14    --
  06:45  stap  39900/170000   23%   849 ms/st  nog 30u39m   rekenen/1  100%
  06:46  stap  39950/170000   24%   848 ms/st  nog 30u38m   rekenen/14    --
  06:46  stap  40000/170000   24%   848 ms/st  nog 30u37m   rekenen/15   83%
  stap 40000 | diepte  33%  diepte2  65%  gemengd  37%  grondslag  33%  ladder  89%   | diepte tot 17 | 616 ms/stap
  06:48  stap  40050/170000   24%   850 ms/st  nog 30u39m   rekenen/13    --
  06:48  stap  40100/170000   24%   849 ms/st  nog 30u39m   rekenen/10   92%
  06:49  stap  40150/170000   24%   849 ms/st  nog 30u38m   code/4    --
  06:50  stap  40200/170000   24%   849 ms/st  nog 30u37m   rekenen/9   97%
  06:50  stap  40250/170000   24%   849 ms/st  nog 30u35m   code/5    --
  06:51  stap  40300/170000   24%   849 ms/st  nog 30u34m   rekenen/15   89%
  06:51  stap  40350/170000   24%   848 ms/st  nog 30u33m   rekenen/17    --
  06:52  stap  40400/170000   24%   848 ms/st  nog 30u32m   puzzel/5   83%
  06:53  stap  40450/170000   24%   848 ms/st  nog 30u31m   puzzel/4    --
  06:53  stap  40500/170000   24%   848 ms/st  nog 30u30m   rekenen/8   95%
  stap 40500 | diepte  34%  diepte2  66%  gemengd  37%  grondslag  33%  ladder  89%   | diepte tot 17 | 619 ms/stap
  06:55  stap  40550/170000   24%   849 ms/st  nog 30u32m   rekenen/8    --
  06:55  stap  40600/170000   24%   849 ms/st  nog 30u31m   rekenen/11   91%
  06:56  stap  40650/170000   24%   849 ms/st  nog 30u29m   rekenen/6    --
  06:56  stap  40700/170000   24%   849 ms/st  nog 30u28m   code/3  100%
  06:57  stap  40750/170000   24%   849 ms/st  nog 30u27m   rekenen/3    --
  06:58  stap  40800/170000   24%   849 ms/st  nog 30u27m   rekenen/13   84%
  06:58  stap  40850/170000   24%   848 ms/st  nog 30u25m   code/2    --
  06:59  stap  40900/170000   24%   848 ms/st  nog 30u24m   puzzel/1  100%
  07:00  stap  40950/170000   24%   848 ms/st  nog 30u23m   rekenen/5    --
  07:00  stap  41000/170000   24%   848 ms/st  nog 30u22m   code/3  100%
  stap 41000 | diepte  26%  diepte2  59%  gemengd  33%  grondslag  27%  ladder  87%   | diepte tot 17 | 621 ms/stap
  07:02  stap  41050/170000   24%   849 ms/st  nog 30u24m   code/4    --
  07:02  stap  41100/170000   24%   849 ms/st  nog 30u23m   puzzel/3   98%
  07:03  stap  41150/170000   24%   848 ms/st  nog 30u22m   rekenen/13    --
  07:03  stap  41200/170000   24%   848 ms/st  nog 30u21m   rekenen/17   84%
  07:04  stap  41250/170000   24%   848 ms/st  nog 30u20m   rekenen/5    --
  07:05  stap  41300/170000   24%   848 ms/st  nog 30u18m   rekenen/9  100%
  07:05  stap  41350/170000   24%   848 ms/st  nog 30u18m   rekenen/13    --
  07:06  stap  41400/170000   24%   848 ms/st  nog 30u16m   rekenen/4   97%
  07:07  stap  41450/170000   24%   848 ms/st  nog 30u16m   rekenen/3    --
  07:07  stap  41500/170000   24%   847 ms/st  nog 30u14m   rekenen/4   98%
  stap 41500 | diepte  35%  diepte2  67%  gemengd  39%  grondslag  32%  ladder  89%   | diepte tot 17 | 624 ms/stap
  07:08  stap  41550/170000   24%   848 ms/st  nog 30u16m   rekenen/17    --
  07:09  stap  41600/170000   24%   848 ms/st  nog 30u15m   rekenen/15   84%
  07:09  stap  41650/170000   24%   848 ms/st  nog 30u13m   rekenen/14    --
  07:10  stap  41700/170000   25%   848 ms/st  nog 30u12m   puzzel/3   95%
  07:11  stap  41750/170000   25%   848 ms/st  nog 30u12m   puzzel/2    --
  07:12  stap  41800/170000   25%   848 ms/st  nog 30u11m   rekenen/4  100%
  07:12  stap  41850/170000   25%   847 ms/st  nog 30u09m   rekenen/5    --
  07:13  stap  41900/170000   25%   847 ms/st  nog 30u09m   rekenen/15   84%
  07:13  stap  41950/170000   25%   847 ms/st  nog 30u07m   rekenen/4    --
  07:14  stap  42000/170000   25%   847 ms/st  nog 30u06m   rekenen/14   91%
  stap 42000 | diepte  31%  diepte2  67%  gemengd  39%  grondslag  36%  ladder  89%   | diepte tot 17 | 626 ms/stap
  07:15  stap  42050/170000   25%   848 ms/st  nog 30u08m   puzzel/5    --
  07:16  stap  42100/170000   25%   848 ms/st  nog 30u07m   rekenen/4  100%
  07:16  stap  42150/170000   25%   848 ms/st  nog 30u05m   rekenen/4    --
  07:17  stap  42200/170000   25%   847 ms/st  nog 30u04m   rekenen/9   95%
  07:18  stap  42250/170000   25%   847 ms/st  nog 30u03m   rekenen/6    --
  07:18  stap  42300/170000   25%   847 ms/st  nog 30u02m   puzzel/5   91%
  07:19  stap  42350/170000   25%   847 ms/st  nog 30u01m   rekenen/6    --
  07:19  stap  42400/170000   25%   847 ms/st  nog 30u00m   rekenen/8   95%
  07:20  stap  42450/170000   25%   846 ms/st  nog 29u59m   rekenen/4    --
  07:21  stap  42500/170000   25%   846 ms/st  nog 29u58m   rekenen/10   97%
  stap 42500 | diepte  33%  diepte2  68%  gemengd  37%  grondslag  31%  ladder  89%   | diepte tot 17 | 628 ms/stap
  07:22  stap  42550/170000   25%   847 ms/st  nog 29u59m   rekenen/4    --
  07:23  stap  42600/170000   25%   847 ms/st  nog 29u58m   rekenen/9   98%
  07:23  stap  42650/170000   25%   847 ms/st  nog 29u57m   rekenen/6    --
  07:24  stap  42700/170000   25%   847 ms/st  nog 29u56m   puzzel/2  100%
  07:24  stap  42750/170000   25%   847 ms/st  nog 29u55m   rekenen/8    --
  07:25  stap  42800/170000   25%   847 ms/st  nog 29u54m   rekenen/5  100%
  07:26  stap  42850/170000   25%   846 ms/st  nog 29u53m   code/4    --
  07:26  stap  42900/170000   25%   846 ms/st  nog 29u53m   puzzel/2  100%
  07:27  stap  42950/170000   25%   846 ms/st  nog 29u52m   rekenen/17    --
  07:28  stap  43000/170000   25%   846 ms/st  nog 29u51m   code/2  100%
  stap 43000 | diepte  33%  diepte2  66%  gemengd  39%  grondslag  33%  ladder  87%   | diepte tot 17 | 631 ms/stap
  07:29  stap  43050/170000   25%   847 ms/st  nog 29u53m   rekenen/5    --
  07:30  stap  43100/170000   25%   847 ms/st  nog 29u52m   code/6   95%
  07:30  stap  43150/170000   25%   847 ms/st  nog 29u51m   rekenen/8    --
  07:31  stap  43200/170000   25%   847 ms/st  nog 29u50m   rekenen/13   92%
  07:32  stap  43250/170000   25%   847 ms/st  nog 29u49m   rekenen/3    --
  07:32  stap  43300/170000   25%   847 ms/st  nog 29u47m   code/3  100%
  07:33  stap  43350/170000   26%   846 ms/st  nog 29u46m   rekenen/7    --
  07:33  stap  43400/170000   26%   846 ms/st  nog 29u45m   code/4  100%
  07:34  stap  43450/170000   26%   846 ms/st  nog 29u44m   code/5    --
  07:34  stap  43500/170000   26%   846 ms/st  nog 29u43m   rekenen/14   56%
  stap 43500 | diepte  35%  diepte2  64%  gemengd  37%  grondslag  31%  ladder  89%   | diepte tot 17 | 633 ms/stap
  07:36  stap  43550/170000   26%   847 ms/st  nog 29u44m   rekenen/8    --
  07:36  stap  43600/170000   26%   847 ms/st  nog 29u43m   rekenen/11   95%
  07:37  stap  43650/170000   26%   846 ms/st  nog 29u41m   rekenen/5    --
  07:37  stap  43700/170000   26%   846 ms/st  nog 29u41m   code/2  100%
  07:38  stap  43750/170000   26%   846 ms/st  nog 29u40m   rekenen/4    --
  07:39  stap  43800/170000   26%   846 ms/st  nog 29u39m   code/7   95%
  07:39  stap  43850/170000   26%   846 ms/st  nog 29u38m   code/3    --
  07:40  stap  43900/170000   26%   846 ms/st  nog 29u37m   rekenen/8  100%
  07:41  stap  43950/170000   26%   846 ms/st  nog 29u36m   rekenen/2    --
  07:41  stap  44000/170000   26%   846 ms/st  nog 29u35m   puzzel/3   98%
  stap 44000 | diepte  35%  diepte2  67%  gemengd  37%  grondslag  31%  ladder  87%   | diepte tot 17 | 635 ms/stap
  07:43  stap  44050/170000   26%   846 ms/st  nog 29u36m   rekenen/2    --
  07:43  stap  44100/170000   26%   846 ms/st  nog 29u36m   rekenen/12   92%
  07:44  stap  44150/170000   26%   846 ms/st  nog 29u34m   code/8    --
  07:44  stap  44200/170000   26%   846 ms/st  nog 29u33m   code/3  100%
  07:45  stap  44250/170000   26%   846 ms/st  nog 29u32m   rekenen/16    --
  07:46  stap  44300/170000   26%   846 ms/st  nog 29u31m   rekenen/11   98%
  07:46  stap  44350/170000   26%   846 ms/st  nog 29u30m   rekenen/2    --
  07:47  stap  44400/170000   26%   845 ms/st  nog 29u29m   rekenen/10   95%
  07:48  stap  44450/170000   26%   845 ms/st  nog 29u28m   code/3    --
  07:48  stap  44500/170000   26%   845 ms/st  nog 29u27m   code/2  100%
  stap 44500 | diepte  35%  diepte2  59%  gemengd  40%  grondslag  34%  ladder  85%   | diepte tot 17 | 637 ms/stap
  07:49  stap  44550/170000   26%   846 ms/st  nog 29u29m   rekenen/9    --
  07:50  stap  44600/170000   26%   846 ms/st  nog 29u28m   rekenen/5  100%
  07:51  stap  44650/170000   26%   846 ms/st  nog 29u27m   code/5    --
  07:51  stap  44700/170000   26%   846 ms/st  nog 29u26m   rekenen/16   78%
  07:52  stap  44750/170000   26%   845 ms/st  nog 29u24m   puzzel/4    --
  07:53  stap  44800/170000   26%   845 ms/st  nog 29u23m   rekenen/6  100%
  07:53  stap  44850/170000   26%   845 ms/st  nog 29u22m   code/6    --
  07:54  stap  44900/170000   26%   845 ms/st  nog 29u21m   puzzel/3   95%
  07:54  stap  44950/170000   26%   845 ms/st  nog 29u20m   rekenen/13    --
  07:55  stap  45000/170000   26%   845 ms/st  nog 29u19m   puzzel/5   91%
  stap 45000 | diepte  36%  diepte2  67%  gemengd  41%  grondslag  39%  ladder  89%   | diepte tot 17 | 639 ms/stap
  07:56  stap  45050/170000   26%   846 ms/st  nog 29u20m   code/8    --
  07:57  stap  45100/170000   27%   845 ms/st  nog 29u19m   rekenen/7  100%
  07:57  stap  45150/170000   27%   845 ms/st  nog 29u18m   puzzel/4    --
  07:58  stap  45200/170000   27%   845 ms/st  nog 29u17m   puzzel/4   94%
  07:59  stap  45250/170000   27%   845 ms/st  nog 29u16m   puzzel/2    --
  07:59  stap  45300/170000   27%   845 ms/st  nog 29u15m   rekenen/7  100%
  08:00  stap  45350/170000   27%   845 ms/st  nog 29u14m   rekenen/13    --
  08:01  stap  45400/170000   27%   845 ms/st  nog 29u14m   rekenen/13   92%
  08:01  stap  45450/170000   27%   845 ms/st  nog 29u13m   rekenen/2    --
  08:02  stap  45500/170000   27%   844 ms/st  nog 29u12m   rekenen/13   91%
  stap 45500 | diepte  35%  diepte2  67%  gemengd  40%  grondslag  34%  ladder  89%   | diepte tot 17 | 641 ms/stap
  08:03  stap  45550/170000   27%   845 ms/st  nog 29u13m   rekenen/16    --
  08:04  stap  45600/170000   27%   845 ms/st  nog 29u12m   rekenen/16   89%
  08:04  stap  45650/170000   27%   845 ms/st  nog 29u10m   rekenen/12    --
  08:05  stap  45700/170000   27%   845 ms/st  nog 29u09m   rekenen/14   84%
  08:05  stap  45750/170000   27%   844 ms/st  nog 29u08m   rekenen/15    --
  08:06  stap  45800/170000   27%   844 ms/st  nog 29u07m   code/2  100%
  08:07  stap  45850/170000   27%   844 ms/st  nog 29u06m   rekenen/4    --
  08:07  stap  45900/170000   27%   844 ms/st  nog 29u05m   rekenen/5   98%
  08:08  stap  45950/170000   27%   844 ms/st  nog 29u04m   puzzel/1    --
  08:08  stap  46000/170000   27%   844 ms/st  nog 29u03m   rekenen/7   98%
  stap 46000 | diepte  42%  diepte2  67%  gemengd  41%  grondslag  33%  ladder  89%   | diepte tot 17 | 643 ms/stap
  08:10  stap  46050/170000   27%   844 ms/st  nog 29u04m   code/1    --
  08:10  stap  46100/170000   27%   844 ms/st  nog 29u03m   code/4  100%
  08:11  stap  46150/170000   27%   844 ms/st  nog 29u02m   rekenen/12    --
  08:12  stap  46200/170000   27%   844 ms/st  nog 29u01m   rekenen/9   95%
  08:12  stap  46250/170000   27%   844 ms/st  nog 29u00m   rekenen/6    --
  08:13  stap  46300/170000   27%   844 ms/st  nog 28u59m   rekenen/3  100%
  08:13  stap  46350/170000   27%   844 ms/st  nog 28u58m   code/3    --
  08:14  stap  46400/170000   27%   844 ms/st  nog 28u57m   code/8   98%
  08:15  stap  46450/170000   27%   843 ms/st  nog 28u56m   puzzel/4    --
  08:15  stap  46500/170000   27%   843 ms/st  nog 28u55m   rekenen/16   86%
  stap 46500 | diepte  37%  diepte2  67%  gemengd  40%  grondslag  31%  ladder  89%   | diepte tot 17 | 644 ms/stap
  08:16  stap  46550/170000   27%   844 ms/st  nog 28u56m   code/1    --
  08:17  stap  46600/170000   27%   844 ms/st  nog 28u55m   rekenen/1  100%
  08:18  stap  46650/170000   27%   844 ms/st  nog 28u54m   rekenen/3    --
  08:18  stap  46700/170000   27%   844 ms/st  nog 28u53m   rekenen/9   97%
  08:19  stap  46750/170000   28%   844 ms/st  nog 28u52m   puzzel/5    --
  08:20  stap  46800/170000   28%   843 ms/st  nog 28u51m   puzzel/4   84%
  08:20  stap  46850/170000   28%   843 ms/st  nog 28u51m   rekenen/3    --
  08:21  stap  46900/170000   28%   843 ms/st  nog 28u50m   rekenen/16   81%
  08:22  stap  46950/170000   28%   843 ms/st  nog 28u49m   rekenen/15    --
  08:22  stap  47000/170000   28%   843 ms/st  nog 28u48m   rekenen/10   94%
  stap 47000 | diepte  35%  diepte2  65%  gemengd  38%  grondslag  35%  ladder  87%   | diepte tot 17 | 647 ms/stap
  08:23  stap  47050/170000   28%   844 ms/st  nog 28u49m   puzzel/5    --
  08:24  stap  47100/170000   28%   844 ms/st  nog 28u48m   rekenen/14   84%
  08:25  stap  47150/170000   28%   844 ms/st  nog 28u47m   code/2    --
  08:25  stap  47200/170000   28%   844 ms/st  nog 28u46m   rekenen/4  100%
  08:26  stap  47250/170000   28%   844 ms/st  nog 28u45m   rekenen/10    --
  08:27  stap  47300/170000   28%   843 ms/st  nog 28u44m   rekenen/5  100%
  08:27  stap  47350/170000   28%   843 ms/st  nog 28u44m   rekenen/16    --
  08:28  stap  47400/170000   28%   844 ms/st  nog 28u43m   rekenen/9   91%
  08:29  stap  47450/170000   28%   843 ms/st  nog 28u42m   rekenen/8    --
  08:29  stap  47500/170000   28%   843 ms/st  nog 28u41m   rekenen/5   98%
  stap 47500 | diepte  33%  diepte2  67%  gemengd  39%  grondslag  31%  ladder  89%   | diepte tot 17 | 649 ms/stap
  08:30  stap  47550/170000   28%   844 ms/st  nog 28u42m   rekenen/14    --
  08:31  stap  47600/170000   28%   844 ms/st  nog 28u41m   rekenen/13   92%
  08:32  stap  47650/170000   28%   844 ms/st  nog 28u40m   rekenen/3    --
  08:32  stap  47700/170000   28%   843 ms/st  nog 28u39m   rekenen/17   75%
  08:33  stap  47750/170000   28%   843 ms/st  nog 28u38m   code/7    --
  08:34  stap  47800/170000   28%   843 ms/st  nog 28u37m   rekenen/3  100%
  08:34  stap  47850/170000   28%   843 ms/st  nog 28u36m   rekenen/1    --
  08:35  stap  47900/170000   28%   843 ms/st  nog 28u35m   puzzel/3  100%
  08:36  stap  47950/170000   28%   843 ms/st  nog 28u34m   rekenen/10    --
  08:36  stap  48000/170000   28%   843 ms/st  nog 28u33m   rekenen/7  100%
  stap 48000 | diepte  39%  diepte2  69%  gemengd  38%  grondslag  31%  ladder  89%   | diepte tot 17 | 650 ms/stap
  08:37  stap  48050/170000   28%   844 ms/st  nog 28u34m   puzzel/2    --
  08:38  stap  48100/170000   28%   844 ms/st  nog 28u33m   code/3  100%
  08:38  stap  48150/170000   28%   843 ms/st  nog 28u32m   rekenen/15    --
  08:39  stap  48200/170000   28%   843 ms/st  nog 28u31m   puzzel/3   98%
  08:40  stap  48250/170000   28%   843 ms/st  nog 28u30m   puzzel/3    --
  08:40  stap  48300/170000   28%   843 ms/st  nog 28u29m   code/7   97%
  08:41  stap  48350/170000   28%   843 ms/st  nog 28u28m   rekenen/4    --
  08:41  stap  48400/170000   28%   842 ms/st  nog 28u27m   puzzel/4   89%
  08:42  stap  48450/170000   28%   842 ms/st  nog 28u26m   rekenen/4    --
  08:43  stap  48500/170000   29%   842 ms/st  nog 28u25m   rekenen/17   88%
  stap 48500 | diepte  37%  diepte2  68%  gemengd  41%  grondslag  39%  ladder  88%   | diepte tot 17 | 652 ms/stap
  08:44  stap  48550/170000   29%   843 ms/st  nog 28u26m   rekenen/8    --
  08:45  stap  48600/170000   29%   843 ms/st  nog 28u25m   code/3  100%
  08:45  stap  48650/170000   29%   843 ms/st  nog 28u24m   puzzel/4    --
  08:46  stap  48700/170000   29%   843 ms/st  nog 28u23m   rekenen/6   98%
  08:46  stap  48750/170000   29%   843 ms/st  nog 28u22m   rekenen/7    --
  08:47  stap  48800/170000   29%   843 ms/st  nog 28u21m   rekenen/16   67%
  08:48  stap  48850/170000   29%   843 ms/st  nog 28u21m   rekenen/8    --
  08:48  stap  48900/170000   29%   842 ms/st  nog 28u20m   code/3  100%
  08:49  stap  48950/170000   29%   842 ms/st  nog 28u18m   rekenen/13    --
  08:50  stap  49000/170000   29%   842 ms/st  nog 28u18m   rekenen/3  100%
  stap 49000 | diepte  35%  diepte2  68%  gemengd  38%  grondslag  30%  ladder  89%   | diepte tot 17 | 654 ms/stap
  08:51  stap  49050/170000   29%   843 ms/st  nog 28u19m   code/3    --
  08:52  stap  49100/170000   29%   843 ms/st  nog 28u18m   code/4  100%
  08:52  stap  49150/170000   29%   843 ms/st  nog 28u17m   code/7    --
  08:53  stap  49200/170000   29%   842 ms/st  nog 28u16m   rekenen/10   95%
  08:53  stap  49250/170000   29%   842 ms/st  nog 28u15m   code/3    --
  08:54  stap  49300/170000   29%   842 ms/st  nog 28u14m   code/2  100%
  08:54  stap  49350/170000   29%   842 ms/st  nog 28u12m   rekenen/2    --
  08:55  stap  49400/170000   29%   842 ms/st  nog 28u12m   rekenen/8   98%
  08:56  stap  49450/170000   29%   842 ms/st  nog 28u11m   code/4    --
  08:56  stap  49500/170000   29%   842 ms/st  nog 28u10m   rekenen/3  100%
  stap 49500 | diepte  37%  diepte2  67%  gemengd  40%  grondslag  33%  ladder  88%   | diepte tot 17 | 655 ms/stap
  08:57  stap  49550/170000   29%   842 ms/st  nog 28u10m   rekenen/10    --
  08:58  stap  49600/170000   29%   842 ms/st  nog 28u10m   rekenen/16   89%
  08:59  stap  49650/170000   29%   842 ms/st  nog 28u09m   code/1    --
  08:59  stap  49700/170000   29%   842 ms/st  nog 28u08m   rekenen/9   95%
  09:00  stap  49750/170000   29%   842 ms/st  nog 28u07m   rekenen/2    --
  09:01  stap  49800/170000   29%   842 ms/st  nog 28u06m   code/2  100%
  09:01  stap  49850/170000   29%   841 ms/st  nog 28u05m   code/4    --
  09:02  stap  49900/170000   29%   842 ms/st  nog 28u04m   rekenen/6   98%
  09:02  stap  49950/170000   29%   841 ms/st  nog 28u03m   puzzel/2    --
  09:03  stap  50000/170000   29%   841 ms/st  nog 28u02m   puzzel/3   98%
  stap 50000 | diepte  35%  diepte2  66%  gemengd  41%  grondslag  37%  ladder  89%   | diepte tot 17 | 657 ms/stap
  09:04  stap  50050/170000   29%   842 ms/st  nog 28u03m   code/3    --
  09:05  stap  50100/170000   29%   842 ms/st  nog 28u02m   puzzel/4   89%
  09:06  stap  50150/170000   30%   842 ms/st  nog 28u01m   code/6    --
  09:06  stap  50200/170000   30%   842 ms/st  nog 28u00m   rekenen/11   98%
  09:07  stap  50250/170000   30%   841 ms/st  nog 27u59m   rekenen/1    --
  09:07  stap  50300/170000   30%   841 ms/st  nog 27u58m   rekenen/1  100%
  09:08  stap  50350/170000   30%   841 ms/st  nog 27u57m   rekenen/15    --
  09:09  stap  50400/170000   30%   841 ms/st  nog 27u56m   code/7   92%
  09:09  stap  50450/170000   30%   841 ms/st  nog 27u55m   rekenen/13    --
  09:10  stap  50500/170000   30%   841 ms/st  nog 27u54m   code/7   92%
  stap 50500 | diepte  35%  diepte2  67%  gemengd  42%  grondslag  36%  ladder  89%   | diepte tot 17 | 658 ms/stap
  09:11  stap  50550/170000   30%   841 ms/st  nog 27u55m   rekenen/2    --
  09:12  stap  50600/170000   30%   841 ms/st  nog 27u54m   code/4  100%
  09:12  stap  50650/170000   30%   841 ms/st  nog 27u53m   rekenen/8    --
  09:13  stap  50700/170000   30%   841 ms/st  nog 27u52m   rekenen/11   92%
  09:14  stap  50750/170000   30%   841 ms/st  nog 27u51m   rekenen/3    --
  09:14  stap  50800/170000   30%   841 ms/st  nog 27u50m   rekenen/10   97%
  09:15  stap  50850/170000   30%   841 ms/st  nog 27u49m   rekenen/7    --
  09:15  stap  50900/170000   30%   841 ms/st  nog 27u48m   rekenen/14   86%
  09:16  stap  50950/170000   30%   841 ms/st  nog 27u47m   puzzel/5    --
  09:17  stap  51000/170000   30%   841 ms/st  nog 27u47m   puzzel/3   98%
  stap 51000 | diepte  37%  diepte2  68%  gemengd  37%  grondslag  37%  ladder  89%   | diepte tot 17 | 660 ms/stap
  09:18  stap  51050/170000   30%   841 ms/st  nog 27u48m   puzzel/1    --
  09:19  stap  51100/170000   30%   841 ms/st  nog 27u46m   code/4  100%
  09:19  stap  51150/170000   30%   841 ms/st  nog 27u46m   rekenen/13    --
  09:20  stap  51200/170000   30%   841 ms/st  nog 27u44m   rekenen/9  100%
  09:20  stap  51250/170000   30%   841 ms/st  nog 27u43m   rekenen/5    --
  09:21  stap  51300/170000   30%   841 ms/st  nog 27u43m   puzzel/3   97%
  09:22  stap  51350/170000   30%   840 ms/st  nog 27u41m   rekenen/3    --
  09:22  stap  51400/170000   30%   840 ms/st  nog 27u40m   rekenen/10   97%
  09:23  stap  51450/170000   30%   840 ms/st  nog 27u40m   rekenen/8    --
  09:23  stap  51500/170000   30%   840 ms/st  nog 27u39m   rekenen/14   92%
  stap 51500 | diepte  41%  diepte2  69%  gemengd  41%  grondslag  36%  ladder  89%   | diepte tot 17 | 661 ms/stap
  09:25  stap  51550/170000   30%   841 ms/st  nog 27u40m   rekenen/17    --
  09:25  stap  51600/170000   30%   841 ms/st  nog 27u39m   rekenen/4  100%
  09:26  stap  51650/170000   30%   841 ms/st  nog 27u38m   puzzel/4    --
  09:27  stap  51700/170000   30%   841 ms/st  nog 27u37m   puzzel/4   95%
  09:27  stap  51750/170000   30%   840 ms/st  nog 27u36m   rekenen/8    --
  09:28  stap  51800/170000   30%   840 ms/st  nog 27u35m   code/2  100%
  09:28  stap  51850/170000   30%   840 ms/st  nog 27u34m   rekenen/16    --
  09:29  stap  51900/170000   31%   840 ms/st  nog 27u33m   puzzel/2  100%
  09:30  stap  51950/170000   31%   840 ms/st  nog 27u32m   rekenen/11    --
  09:30  stap  52000/170000   31%   840 ms/st  nog 27u31m   rekenen/6   97%
  stap 52000 | diepte  33%  diepte2  66%  gemengd  40%  grondslag  35%  ladder  86%   | diepte tot 17 | 663 ms/stap
  09:31  stap  52050/170000   31%   841 ms/st  nog 27u32m   rekenen/10    --
  09:32  stap  52100/170000   31%   840 ms/st  nog 27u31m   rekenen/10   98%
  09:33  stap  52150/170000   31%   840 ms/st  nog 27u30m   rekenen/16    --
  09:33  stap  52200/170000   31%   840 ms/st  nog 27u29m   puzzel/1  100%
  09:34  stap  52250/170000   31%   840 ms/st  nog 27u28m   rekenen/9    --
  09:35  stap  52300/170000   31%   840 ms/st  nog 27u27m   rekenen/13   86%
  09:35  stap  52350/170000   31%   840 ms/st  nog 27u26m   code/4    --
  09:36  stap  52400/170000   31%   840 ms/st  nog 27u25m   rekenen/9   92%
  09:36  stap  52450/170000   31%   839 ms/st  nog 27u24m   code/6    --
  09:37  stap  52500/170000   31%   840 ms/st  nog 27u24m   rekenen/10   95%
  stap 52500 | diepte  32%  diepte2  68%  gemengd  40%  grondslag  40%  ladder  88%   | diepte tot 17 | 664 ms/stap
  09:38  stap  52550/170000   31%   840 ms/st  nog 27u25m   puzzel/1    --
  09:39  stap  52600/170000   31%   840 ms/st  nog 27u24m   code/1  100%
  09:40  stap  52650/170000   31%   840 ms/st  nog 27u23m   rekenen/4    --
  09:40  stap  52700/170000   31%   840 ms/st  nog 27u22m   code/6   98%
  09:41  stap  52750/170000   31%   840 ms/st  nog 27u21m   rekenen/6    --
  09:41  stap  52800/170000   31%   840 ms/st  nog 27u20m   puzzel/1  100%
  09:42  stap  52850/170000   31%   839 ms/st  nog 27u19m   puzzel/2    --
  09:43  stap  52900/170000   31%   839 ms/st  nog 27u18m   rekenen/12   84%
  09:43  stap  52950/170000   31%   839 ms/st  nog 27u17m   rekenen/13    --
  09:44  stap  53000/170000   31%   839 ms/st  nog 27u16m   puzzel/4   94%
  stap 53000 | diepte  39%  diepte2  67%  gemengd  43%  grondslag  39%  ladder  89%   | diepte tot 17 | 666 ms/stap
  09:45  stap  53050/170000   31%   840 ms/st  nog 27u17m   rekenen/9    --
  09:46  stap  53100/170000   31%   840 ms/st  nog 27u16m   rekenen/16   89%
  09:46  stap  53150/170000   31%   840 ms/st  nog 27u15m   code/7    --
  09:47  stap  53200/170000   31%   840 ms/st  nog 27u14m   puzzel/2  100%
  09:47  stap  53250/170000   31%   839 ms/st  nog 27u13m   code/1    --
  09:48  stap  53300/170000   31%   839 ms/st  nog 27u12m   code/4  100%
  09:49  stap  53350/170000   31%   839 ms/st  nog 27u11m   rekenen/5    --
  09:49  stap  53400/170000   31%   839 ms/st  nog 27u10m   puzzel/1  100%
  09:50  stap  53450/170000   31%   839 ms/st  nog 27u09m   code/4    --
  09:50  stap  53500/170000   31%   839 ms/st  nog 27u08m   rekenen/14   86%
  stap 53500 | diepte  43%  diepte2  68%  gemengd  40%  grondslag  35%  ladder  89%   | diepte tot 17 | 667 ms/stap
  09:52  stap  53550/170000   32%   839 ms/st  nog 27u08m   code/7    --
  09:52  stap  53600/170000   32%   839 ms/st  nog 27u08m   rekenen/4  100%
  09:53  stap  53650/170000   32%   839 ms/st  nog 27u07m   puzzel/5    --
  09:54  stap  53700/170000   32%   839 ms/st  nog 27u06m   rekenen/7  100%
  09:54  stap  53750/170000   32%   839 ms/st  nog 27u05m   rekenen/5    --
  09:55  stap  53800/170000   32%   839 ms/st  nog 27u04m   rekenen/2  100%
  09:55  stap  53850/170000   32%   839 ms/st  nog 27u03m   puzzel/5    --
  09:56  stap  53900/170000   32%   839 ms/st  nog 27u03m   rekenen/17   88%
  09:57  stap  53950/170000   32%   839 ms/st  nog 27u02m   rekenen/11    --
  09:57  stap  54000/170000   32%   839 ms/st  nog 27u01m   rekenen/12   88%
  stap 54000 | diepte  35%  diepte2  67%  gemengd  40%  grondslag  35%  ladder  89%   | diepte tot 17 | 668 ms/stap
  09:59  stap  54050/170000   32%   839 ms/st  nog 27u01m   rekenen/15    --
  09:59  stap  54100/170000   32%   839 ms/st  nog 27u01m   code/4  100%
  10:00  stap  54150/170000   32%   839 ms/st  nog 26u59m   rekenen/16    --
  10:00  stap  54200/170000   32%   839 ms/st  nog 26u58m   code/1  100%
  10:01  stap  54250/170000   32%   839 ms/st  nog 26u57m   rekenen/3    --
  10:01  stap  54300/170000   32%   838 ms/st  nog 26u56m   code/4  100%
  10:02  stap  54350/170000   32%   838 ms/st  nog 26u55m   rekenen/12    --
  10:03  stap  54400/170000   32%   838 ms/st  nog 26u54m   code/1  100%
  10:03  stap  54450/170000   32%   838 ms/st  nog 26u53m   rekenen/11    --
  10:04  stap  54500/170000   32%   838 ms/st  nog 26u52m   code/7   98%
  stap 54500 | diepte  37%  diepte2  66%  gemengd  41%  grondslag  36%  ladder  84%   | diepte tot 17 | 669 ms/stap
  10:05  stap  54550/170000   32%   839 ms/st  nog 26u53m   code/4    --
  10:06  stap  54600/170000   32%   839 ms/st  nog 26u53m   rekenen/8  100%
  10:06  stap  54650/170000   32%   839 ms/st  nog 26u52m   code/4    --
  10:07  stap  54700/170000   32%   839 ms/st  nog 26u51m   rekenen/7  100%
  10:08  stap  54750/170000   32%   838 ms/st  nog 26u50m   rekenen/14    --
  10:08  stap  54800/170000   32%   838 ms/st  nog 26u49m   rekenen/13   91%
  10:09  stap  54850/170000   32%   838 ms/st  nog 26u48m   code/5    --
  10:09  stap  54900/170000   32%   838 ms/st  nog 26u47m   rekenen/2  100%
  10:10  stap  54950/170000   32%   838 ms/st  nog 26u46m   rekenen/8    --
  10:11  stap  55000/170000   32%   838 ms/st  nog 26u46m   code/2  100%
  stap 55000 | diepte  34%  diepte2  68%  gemengd  39%  grondslag  31%  ladder  89%   | diepte tot 17 | 671 ms/stap
  10:12  stap  55050/170000   32%   839 ms/st  nog 26u46m   puzzel/3    --
  10:13  stap  55100/170000   32%   838 ms/st  nog 26u45m   code/3  100%
  10:13  stap  55150/170000   32%   838 ms/st  nog 26u44m   rekenen/7    --
  10:14  stap  55200/170000   32%   838 ms/st  nog 26u43m   code/6   77%
  10:14  stap  55250/170000   32%   838 ms/st  nog 26u42m   code/6    --
  10:15  stap  55300/170000   33%   838 ms/st  nog 26u41m   rekenen/11   64%
  10:16  stap  55350/170000   33%   838 ms/st  nog 26u40m   puzzel/2    --
  10:16  stap  55400/170000   33%   838 ms/st  nog 26u40m   puzzel/1  100%
  10:17  stap  55450/170000   33%   838 ms/st  nog 26u39m   puzzel/3    --
  10:17  stap  55500/170000   33%   837 ms/st  nog 26u38m   rekenen/8   98%
  stap 55500 | diepte  40%  diepte2  68%  gemengd  39%  grondslag  39%  ladder  90%   | diepte tot 17 | 672 ms/stap
  10:19  stap  55550/170000   33%   838 ms/st  nog 26u38m   rekenen/10    --
  10:19  stap  55600/170000   33%   838 ms/st  nog 26u38m   puzzel/1  100%
  10:20  stap  55650/170000   33%   838 ms/st  nog 26u37m   code/5    --
  10:21  stap  55700/170000   33%   838 ms/st  nog 26u36m   rekenen/14   97%
  10:21  stap  55750/170000   33%   838 ms/st  nog 26u35m   puzzel/3    --
  10:22  stap  55800/170000   33%   838 ms/st  nog 26u34m   rekenen/16   94%
  10:22  stap  55850/170000   33%   837 ms/st  nog 26u33m   rekenen/6    --
  10:23  stap  55900/170000   33%   837 ms/st  nog 26u32m   rekenen/9  100%
  10:24  stap  55950/170000   33%   837 ms/st  nog 26u31m   rekenen/10    --
  10:24  stap  56000/170000   33%   837 ms/st  nog 26u30m   puzzel/3  100%
  stap 56000 | diepte  36%  diepte2  59%  gemengd  38%  grondslag  34%  ladder  89%   | diepte tot 17 | 673 ms/stap
  10:25  stap  56050/170000   33%   838 ms/st  nog 26u31m   rekenen/3    --
  10:26  stap  56100/170000   33%   838 ms/st  nog 26u30m   puzzel/3   98%
  10:27  stap  56150/170000   33%   838 ms/st  nog 26u29m   rekenen/11    --
  10:27  stap  56200/170000   33%   838 ms/st  nog 26u28m   puzzel/1  100%
  10:28  stap  56250/170000   33%   837 ms/st  nog 26u27m   rekenen/14    --
  10:29  stap  56300/170000   33%   837 ms/st  nog 26u26m   rekenen/2  100%
  10:29  stap  56350/170000   33%   837 ms/st  nog 26u25m   rekenen/12    --
  10:30  stap  56400/170000   33%   837 ms/st  nog 26u24m   rekenen/16   78%
  10:30  stap  56450/170000   33%   837 ms/st  nog 26u23m   rekenen/12    --
  10:31  stap  56500/170000   33%   837 ms/st  nog 26u23m   rekenen/4  100%
  stap 56500 | diepte  35%  diepte2  67%  gemengd  36%  grondslag  29%  ladder  89%   | diepte tot 17 | 675 ms/stap
  10:32  stap  56550/170000   33%   838 ms/st  nog 26u23m   rekenen/16    --
  10:33  stap  56600/170000   33%   837 ms/st  nog 26u22m   rekenen/9   98%
  10:33  stap  56650/170000   33%   837 ms/st  nog 26u21m   rekenen/17    --
  10:34  stap  56700/170000   33%   837 ms/st  nog 26u20m   code/7   98%
  10:35  stap  56750/170000   33%   837 ms/st  nog 26u20m   rekenen/15    --
  10:35  stap  56800/170000   33%   837 ms/st  nog 26u19m   code/4  100%
  10:36  stap  56850/170000   33%   837 ms/st  nog 26u18m   rekenen/13    --
  10:37  stap  56900/170000   33%   837 ms/st  nog 26u17m   puzzel/5   89%
  10:37  stap  56950/170000   34%   837 ms/st  nog 26u16m   code/5    --
  10:38  stap  57000/170000   34%   837 ms/st  nog 26u15m   rekenen/11   97%
  stap 57000 | diepte  37%  diepte2  67%  gemengd  41%  grondslag  35%  ladder  89%   | diepte tot 17 | 676 ms/stap
  10:39  stap  57050/170000   34%   837 ms/st  nog 26u16m   rekenen/15    --
  10:40  stap  57100/170000   34%   837 ms/st  nog 26u15m   rekenen/11   92%
  10:40  stap  57150/170000   34%   837 ms/st  nog 26u14m   puzzel/4    --
  10:41  stap  57200/170000   34%   837 ms/st  nog 26u13m   rekenen/4  100%
  10:41  stap  57250/170000   34%   837 ms/st  nog 26u12m   rekenen/7    --
  10:42  stap  57300/170000   34%   837 ms/st  nog 26u11m   rekenen/16   75%
  10:43  stap  57350/170000   34%   837 ms/st  nog 26u10m   rekenen/3    --
  10:43  stap  57400/170000   34%   837 ms/st  nog 26u09m   rekenen/6  100%
  10:44  stap  57450/170000   34%   836 ms/st  nog 26u08m   rekenen/2    --
  10:44  stap  57500/170000   34%   836 ms/st  nog 26u07m   rekenen/10   95%
  stap 57500 | diepte  35%  diepte2  69%  gemengd  44%  grondslag  38%  ladder  89%   | diepte tot 17 | 677 ms/stap
  10:46  stap  57550/170000   34%   837 ms/st  nog 26u08m   rekenen/17    --
  10:46  stap  57600/170000   34%   837 ms/st  nog 26u07m   code/3  100%
  10:47  stap  57650/170000   34%   837 ms/st  nog 26u06m   rekenen/15    --
  10:47  stap  57700/170000   34%   837 ms/st  nog 26u05m   rekenen/3  100%
  10:48  stap  57750/170000   34%   836 ms/st  nog 26u04m   code/1    --
  10:49  stap  57800/170000   34%   836 ms/st  nog 26u03m   code/6   97%
  10:49  stap  57850/170000   34%   836 ms/st  nog 26u02m   rekenen/1    --
  10:50  stap  57900/170000   34%   836 ms/st  nog 26u01m   puzzel/4   78%
  10:50  stap  57950/170000   34%   836 ms/st  nog 26u01m   code/5    --
  10:51  stap  58000/170000   34%   836 ms/st  nog 25u59m   rekenen/4  100%
  stap 58000 | diepte  35%  diepte2  67%  gemengd  38%  grondslag  31%  ladder  90%   | diepte tot 17 | 678 ms/stap
  10:52  stap  58050/170000   34%   836 ms/st  nog 26u00m   code/1    --
  10:53  stap  58100/170000   34%   836 ms/st  nog 25u59m   code/3  100%
  10:53  stap  58150/170000   34%   836 ms/st  nog 25u58m   rekenen/2    --
  10:54  stap  58200/170000   34%   836 ms/st  nog 25u57m   rekenen/13   94%
  10:54  stap  58250/170000   34%   836 ms/st  nog 25u56m   rekenen/8    --
  10:55  stap  58300/170000   34%   836 ms/st  nog 25u55m   rekenen/15   95%
  10:56  stap  58350/170000   34%   836 ms/st  nog 25u54m   rekenen/17    --
  10:56  stap  58400/170000   34%   836 ms/st  nog 25u54m   puzzel/4   91%
  10:57  stap  58450/170000   34%   836 ms/st  nog 25u53m   code/1    --
  10:58  stap  58500/170000   34%   835 ms/st  nog 25u52m   rekenen/8   97%
  stap 58500 | diepte  39%  diepte2  68%  gemengd  37%  grondslag  29%  ladder  89%   | diepte tot 17 | 679 ms/stap
  10:59  stap  58550/170000   34%   836 ms/st  nog 25u52m   puzzel/5    --
  11:00  stap  58600/170000   34%   836 ms/st  nog 25u52m   code/4   98%
  11:00  stap  58650/170000   34%   836 ms/st  nog 25u50m   puzzel/1    --
  11:01  stap  58700/170000   35%   836 ms/st  nog 25u50m   rekenen/17   92%
  11:01  stap  58750/170000   35%   835 ms/st  nog 25u49m   code/8    --
  11:02  stap  58800/170000   35%   835 ms/st  nog 25u48m   rekenen/7  100%
  11:02  stap  58850/170000   35%   835 ms/st  nog 25u47m   rekenen/11    --
  11:03  stap  58900/170000   35%   835 ms/st  nog 25u46m   rekenen/10   94%
  11:04  stap  58950/170000   35%   835 ms/st  nog 25u45m   rekenen/2    --
  11:04  stap  59000/170000   35%   835 ms/st  nog 25u44m   rekenen/17   88%
  stap 59000 | diepte  37%  diepte2  68%  gemengd  38%  grondslag  35%  ladder  89%   | diepte tot 17 | 680 ms/stap
  11:05  stap  59050/170000   35%   835 ms/st  nog 25u44m   code/7    --
  11:06  stap  59100/170000   35%   835 ms/st  nog 25u43m   code/4  100%
  11:07  stap  59150/170000   35%   835 ms/st  nog 25u42m   puzzel/1    --
  11:07  stap  59200/170000   35%   835 ms/st  nog 25u42m   puzzel/5   92%
  11:08  stap  59250/170000   35%   835 ms/st  nog 25u41m   rekenen/3    --
  11:08  stap  59300/170000   35%   835 ms/st  nog 25u40m   rekenen/6  100%
  11:09  stap  59350/170000   35%   835 ms/st  nog 25u39m   rekenen/7    --
  11:10  stap  59400/170000   35%   835 ms/st  nog 25u38m   puzzel/3  100%
  11:10  stap  59450/170000   35%   835 ms/st  nog 25u37m   puzzel/2    --
  11:11  stap  59500/170000   35%   834 ms/st  nog 25u36m   rekenen/14   95%
  stap 59500 | diepte  39%  diepte2  68%  gemengd  37%  grondslag  32%  ladder  88%   | diepte tot 17 | 681 ms/stap
  11:12  stap  59550/170000   35%   835 ms/st  nog 25u37m   rekenen/4    --
  11:13  stap  59600/170000   35%   835 ms/st  nog 25u36m   rekenen/17   86%
  11:13  stap  59650/170000   35%   835 ms/st  nog 25u35m   rekenen/8    --
  11:14  stap  59700/170000   35%   835 ms/st  nog 25u34m   code/4  100%
  11:14  stap  59750/170000   35%   835 ms/st  nog 25u33m   rekenen/15    --
  11:15  stap  59800/170000   35%   835 ms/st  nog 25u32m   code/7   97%
  11:16  stap  59850/170000   35%   835 ms/st  nog 25u32m   code/2    --
  11:16  stap  59900/170000   35%   834 ms/st  nog 25u30m   code/2  100%
  11:17  stap  59950/170000   35%   834 ms/st  nog 25u29m   rekenen/10    --
  11:18  stap  60000/170000   35%   834 ms/st  nog 25u29m   rekenen/6  100%
  stap 60000 | diepte  34%  diepte2  68%  gemengd  39%  grondslag  32%  ladder  89%   | diepte tot 17 | 682 ms/stap
  11:19  stap  60050/170000   35%   835 ms/st  nog 25u29m   puzzel/1    --
  11:19  stap  60100/170000   35%   835 ms/st  nog 25u28m   rekenen/15   89%
  11:20  stap  60150/170000   35%   834 ms/st  nog 25u27m   rekenen/14    --
  11:20  stap  60200/170000   35%   834 ms/st  nog 25u26m   rekenen/5  100%
  11:21  stap  60250/170000   35%   834 ms/st  nog 25u26m   puzzel/1    --
  11:22  stap  60300/170000   35%   834 ms/st  nog 25u25m   code/3  100%
  11:22  stap  60350/170000   36%   834 ms/st  nog 25u24m   rekenen/9    --
  11:23  stap  60400/170000   36%   834 ms/st  nog 25u23m   code/5  100%
  11:23  stap  60450/170000   36%   834 ms/st  nog 25u22m   rekenen/10    --
  11:24  stap  60500/170000   36%   834 ms/st  nog 25u21m   rekenen/7  100%
  stap 60500 | diepte  37%  diepte2  69%  gemengd  39%  grondslag  33%  ladder  88%   | diepte tot 17 | 683 ms/stap
  11:25  stap  60550/170000   36%   834 ms/st  nog 25u21m   puzzel/5    --
  11:26  stap  60600/170000   36%   834 ms/st  nog 25u20m   puzzel/2  100%
  11:27  stap  60650/170000   36%   834 ms/st  nog 25u20m   puzzel/4    --
  11:27  stap  60700/170000   36%   834 ms/st  nog 25u19m   code/2  100%
  11:28  stap  60750/170000   36%   834 ms/st  nog 25u18m   rekenen/13    --
  11:28  stap  60800/170000   36%   834 ms/st  nog 25u17m   rekenen/7  100%
  11:29  stap  60850/170000   36%   834 ms/st  nog 25u16m   code/3    --
  11:29  stap  60900/170000   36%   833 ms/st  nog 25u15m   rekenen/16   84%
  11:30  stap  60950/170000   36%   833 ms/st  nog 25u14m   puzzel/1    --
  11:31  stap  61000/170000   36%   833 ms/st  nog 25u13m   puzzel/4   84%
  stap 61000 | diepte  39%  diepte2  67%  gemengd  39%  grondslag  35%  ladder  89%   | diepte tot 17 | 684 ms/stap
  11:32  stap  61050/170000   36%   834 ms/st  nog 25u14m   rekenen/13    --
  11:33  stap  61100/170000   36%   834 ms/st  nog 25u13m   code/6   97%
  11:33  stap  61150/170000   36%   834 ms/st  nog 25u12m   rekenen/15    --
  11:34  stap  61200/170000   36%   834 ms/st  nog 25u11m   puzzel/1  100%
  11:34  stap  61250/170000   36%   834 ms/st  nog 25u10m   puzzel/4    --
  11:35  stap  61300/170000   36%   833 ms/st  nog 25u09m   rekenen/13   92%
  11:36  stap  61350/170000   36%   833 ms/st  nog 25u09m   code/6    --
  11:36  stap  61400/170000   36%   833 ms/st  nog 25u08m   puzzel/5   84%
  11:37  stap  61450/170000   36%   833 ms/st  nog 25u07m   rekenen/9    --
  11:38  stap  61500/170000   36%   833 ms/st  nog 25u06m   puzzel/3  100%
  stap 61500 | diepte  39%  diepte2  69%  gemengd  39%  grondslag  36%  ladder  89%   | diepte tot 17 | 685 ms/stap
  11:39  stap  61550/170000   36%   834 ms/st  nog 25u07m   rekenen/15    --
  11:39  stap  61600/170000   36%   834 ms/st  nog 25u05m   code/2  100%
  11:40  stap  61650/170000   36%   833 ms/st  nog 25u05m   code/5    --
  11:41  stap  61700/170000   36%   833 ms/st  nog 25u04m   puzzel/4   94%
  11:41  stap  61750/170000   36%   833 ms/st  nog 25u03m   code/1    --
  11:42  stap  61800/170000   36%   833 ms/st  nog 25u02m   rekenen/9   98%
  11:42  stap  61850/170000   36%   833 ms/st  nog 25u01m   code/7    --
  11:43  stap  61900/170000   36%   833 ms/st  nog 25u00m   rekenen/5  100%
  11:44  stap  61950/170000   36%   833 ms/st  nog 25u00m   puzzel/4    --
  11:44  stap  62000/170000   36%   833 ms/st  nog 24u58m   puzzel/5   92%
  stap 62000 | diepte  39%  diepte2  68%  gemengd  40%  grondslag  35%  ladder  89%   | diepte tot 17 | 686 ms/stap
  11:45  stap  62050/170000   36%   833 ms/st  nog 24u59m   puzzel/5    --
  11:46  stap  62100/170000   37%   833 ms/st  nog 24u58m   code/4  100%
  11:47  stap  62150/170000   37%   833 ms/st  nog 24u57m   code/3    --
  11:47  stap  62200/170000   37%   833 ms/st  nog 24u56m   puzzel/1  100%
  11:48  stap  62250/170000   37%   833 ms/st  nog 24u55m   rekenen/15    --
  11:49  stap  62300/170000   37%   833 ms/st  nog 24u55m   rekenen/9   98%
  11:49  stap  62350/170000   37%   833 ms/st  nog 24u54m   rekenen/5    --
  11:50  stap  62400/170000   37%   833 ms/st  nog 24u53m   code/4  100%
  11:50  stap  62450/170000   37%   833 ms/st  nog 24u52m   rekenen/1    --
  11:51  stap  62500/170000   37%   833 ms/st  nog 24u51m   code/4  100%
  stap 62500 | diepte  36%  diepte2  68%  gemengd  39%  grondslag  36%  ladder  89%   | diepte tot 17 | 687 ms/stap
  11:52  stap  62550/170000   37%   833 ms/st  nog 24u52m   rekenen/13    --
  11:53  stap  62600/170000   37%   833 ms/st  nog 24u51m   code/6   98%
  11:53  stap  62650/170000   37%   833 ms/st  nog 24u50m   code/8    --
  11:54  stap  62700/170000   37%   833 ms/st  nog 24u49m   puzzel/1  100%
  11:55  stap  62750/170000   37%   833 ms/st  nog 24u48m   rekenen/5    --
  11:55  stap  62800/170000   37%   833 ms/st  nog 24u47m   rekenen/7   97%
  11:56  stap  62850/170000   37%   833 ms/st  nog 24u46m   rekenen/5    --
  11:57  stap  62900/170000   37%   833 ms/st  nog 24u46m   puzzel/2  100%
  11:57  stap  62950/170000   37%   833 ms/st  nog 24u45m   rekenen/16    --
  11:58  stap  63000/170000   37%   832 ms/st  nog 24u44m   rekenen/9  100%
  stap 63000 | diepte  39%  diepte2  68%  gemengd  39%  grondslag  35%  ladder  89%   | diepte tot 17 | 688 ms/stap
  11:59  stap  63050/170000   37%   833 ms/st  nog 24u44m   puzzel/1    --
  12:00  stap  63100/170000   37%   833 ms/st  nog 24u43m   rekenen/7  100%
  12:00  stap  63150/170000   37%   833 ms/st  nog 24u42m   rekenen/17    --
  12:01  stap  63200/170000   37%   833 ms/st  nog 24u41m   rekenen/4   98%
  12:01  stap  63250/170000   37%   832 ms/st  nog 24u41m   puzzel/1    --
  12:02  stap  63300/170000   37%   832 ms/st  nog 24u40m   code/6   95%
  12:03  stap  63350/170000   37%   832 ms/st  nog 24u39m   code/5    --
  12:03  stap  63400/170000   37%   832 ms/st  nog 24u38m   rekenen/9   95%
  12:04  stap  63450/170000   37%   832 ms/st  nog 24u37m   rekenen/5    --
  12:04  stap  63500/170000   37%   832 ms/st  nog 24u37m   puzzel/1  100%
  stap 63500 | diepte  39%  diepte2  68%  gemengd  43%  grondslag  37%  ladder  89%   | diepte tot 17 | 689 ms/stap
  12:06  stap  63550/170000   37%   833 ms/st  nog 24u37m   rekenen/8    --
  12:06  stap  63600/170000   37%   833 ms/st  nog 24u36m   rekenen/6   98%
  12:07  stap  63650/170000   37%   832 ms/st  nog 24u35m   rekenen/10    --
  12:07  stap  63700/170000   37%   832 ms/st  nog 24u34m   rekenen/1  100%
  12:08  stap  63750/170000   38%   832 ms/st  nog 24u33m   rekenen/16    --
  12:09  stap  63800/170000   38%   832 ms/st  nog 24u32m   code/5  100%
  12:09  stap  63850/170000   38%   832 ms/st  nog 24u32m   code/1    --
  12:10  stap  63900/170000   38%   832 ms/st  nog 24u31m   rekenen/13   88%
  12:11  stap  63950/170000   38%   832 ms/st  nog 24u30m   rekenen/17    --
  12:11  stap  64000/170000   38%   832 ms/st  nog 24u29m   rekenen/3  100%
  stap 64000 | diepte  38%  diepte2  67%  gemengd  39%  grondslag  39%  ladder  89%   | diepte tot 17 | 689 ms/stap
  12:12  stap  64050/170000   38%   833 ms/st  nog 24u30m   rekenen/5    --
  12:13  stap  64100/170000   38%   832 ms/st  nog 24u29m   rekenen/8   97%
  12:14  stap  64150/170000   38%   832 ms/st  nog 24u28m   rekenen/10    --
  12:14  stap  64200/170000   38%   832 ms/st  nog 24u27m   puzzel/5   91%
  12:15  stap  64250/170000   38%   832 ms/st  nog 24u26m   rekenen/2    --
  12:15  stap  64300/170000   38%   832 ms/st  nog 24u25m   puzzel/5   50%
  12:16  stap  64350/170000   38%   832 ms/st  nog 24u24m   code/4    --
  12:17  stap  64400/170000   38%   832 ms/st  nog 24u23m   rekenen/16   92%
  12:17  stap  64450/170000   38%   832 ms/st  nog 24u23m   rekenen/2    --
  12:18  stap  64500/170000   38%   832 ms/st  nog 24u22m   rekenen/3  100%
  stap 64500 | diepte  29%  diepte2  67%  gemengd  38%  grondslag  37%  ladder  89%   | diepte tot 17 | 690 ms/stap
  12:19  stap  64550/170000   38%   832 ms/st  nog 24u22m   code/2    --
  12:20  stap  64600/170000   38%   832 ms/st  nog 24u21m   rekenen/4  100%
  12:20  stap  64650/170000   38%   832 ms/st  nog 24u20m   code/3    --
  12:21  stap  64700/170000   38%   832 ms/st  nog 24u20m   rekenen/11   97%
  12:22  stap  64750/170000   38%   832 ms/st  nog 24u19m   code/1    --
  12:22  stap  64800/170000   38%   832 ms/st  nog 24u18m   code/1  100%
  12:23  stap  64850/170000   38%   832 ms/st  nog 24u17m   code/1    --
  12:23  stap  64900/170000   38%   832 ms/st  nog 24u16m   rekenen/5  100%
  12:24  stap  64950/170000   38%   831 ms/st  nog 24u15m   rekenen/16    --
  12:24  stap  65000/170000   38%   831 ms/st  nog 24u14m   rekenen/2  100%
  stap 65000 | diepte  35%  diepte2  69%  gemengd  35%  grondslag  31%  ladder  89%   | diepte tot 17 | 691 ms/stap
  12:26  stap  65050/170000   38%   832 ms/st  nog 24u14m   code/3    --
  12:26  stap  65100/170000   38%   832 ms/st  nog 24u14m   code/7   98%
  12:27  stap  65150/170000   38%   832 ms/st  nog 24u13m   rekenen/13    --
  12:27  stap  65200/170000   38%   831 ms/st  nog 24u12m   rekenen/4  100%
  12:28  stap  65250/170000   38%   831 ms/st  nog 24u11m   code/1    --
  12:29  stap  65300/170000   38%   831 ms/st  nog 24u10m   code/2  100%
  12:29  stap  65350/170000   38%   831 ms/st  nog 24u09m   rekenen/2    --
  12:30  stap  65400/170000   38%   831 ms/st  nog 24u09m   rekenen/8   98%
  12:31  stap  65450/170000   38%   831 ms/st  nog 24u08m   rekenen/7    --
  12:31  stap  65500/170000   39%   831 ms/st  nog 24u07m   code/3  100%
  stap 65500 | diepte  39%  diepte2  68%  gemengd  39%  grondslag  31%  ladder  90%   | diepte tot 17 | 692 ms/stap
  12:33  stap  65550/170000   39%   832 ms/st  nog 24u07m   rekenen/11    --
  12:33  stap  65600/170000   39%   832 ms/st  nog 24u07m   rekenen/10   98%
  12:34  stap  65650/170000   39%   831 ms/st  nog 24u06m   code/2    --
  12:34  stap  65700/170000   39%   831 ms/st  nog 24u05m   rekenen/11   95%
  12:35  stap  65750/170000   39%   831 ms/st  nog 24u04m   rekenen/7    --
  12:35  stap  65800/170000   39%   831 ms/st  nog 24u03m   rekenen/6   98%
  12:36  stap  65850/170000   39%   831 ms/st  nog 24u02m   code/1    --
  12:37  stap  65900/170000   39%   831 ms/st  nog 24u01m   rekenen/8  100%
  12:37  stap  65950/170000   39%   831 ms/st  nog 24u01m   rekenen/6    --
  12:38  stap  66000/170000   39%   831 ms/st  nog 24u00m   puzzel/1  100%
  stap 66000 | diepte  31%  diepte2  62%  gemengd  41%  grondslag  32%  ladder  88%   | diepte tot 17 | 693 ms/stap
  12:39  stap  66050/170000   39%   832 ms/st  nog 24u00m   code/5    --
  12:40  stap  66100/170000   39%   831 ms/st  nog 23u59m   rekenen/7  100%
  12:41  stap  66150/170000   39%   831 ms/st  nog 23u59m   code/8    --
  12:41  stap  66200/170000   39%   831 ms/st  nog 23u58m   puzzel/4   94%
  12:42  stap  66250/170000   39%   831 ms/st  nog 23u57m   code/8    --
  12:42  stap  66300/170000   39%   831 ms/st  nog 23u56m   rekenen/7   98%
  12:43  stap  66350/170000   39%   831 ms/st  nog 23u55m   rekenen/2    --
  12:44  stap  66400/170000   39%   831 ms/st  nog 23u55m   rekenen/10   92%
  12:44  stap  66450/170000   39%   831 ms/st  nog 23u54m   rekenen/14    --
  12:45  stap  66500/170000   39%   831 ms/st  nog 23u53m   rekenen/4  100%
  stap 66500 | diepte  37%  diepte2  67%  gemengd  40%  grondslag  33%  ladder  90%   | diepte tot 17 | 694 ms/stap
  12:46  stap  66550/170000   39%   831 ms/st  nog 23u53m   code/4    --
  12:47  stap  66600/170000   39%   831 ms/st  nog 23u52m   puzzel/2  100%
  12:47  stap  66650/170000   39%   831 ms/st  nog 23u51m   rekenen/1    --
  12:48  stap  66700/170000   39%   831 ms/st  nog 23u50m   rekenen/4  100%
  12:49  stap  66750/170000   39%   831 ms/st  nog 23u50m   code/5    --
  12:49  stap  66800/170000   39%   831 ms/st  nog 23u49m   rekenen/13   91%
  12:50  stap  66850/170000   39%   831 ms/st  nog 23u48m   rekenen/4    --
  12:50  stap  66900/170000   39%   831 ms/st  nog 23u47m   code/4  100%
  12:51  stap  66950/170000   39%   831 ms/st  nog 23u46m   rekenen/3    --
  12:52  stap  67000/170000   39%   831 ms/st  nog 23u45m   rekenen/14   89%
  stap 67000 | diepte  35%  diepte2  69%  gemengd  37%  grondslag  31%  ladder  90%   | diepte tot 17 | 695 ms/stap
  12:53  stap  67050/170000   39%   831 ms/st  nog 23u46m   code/8    --
  12:53  stap  67100/170000   39%   831 ms/st  nog 23u45m   code/6   95%
  12:54  stap  67150/170000   40%   831 ms/st  nog 23u44m   code/5    --
  12:55  stap  67200/170000   40%   831 ms/st  nog 23u43m   rekenen/11   92%
  12:55  stap  67250/170000   40%   831 ms/st  nog 23u42m   rekenen/9    --
  12:56  stap  67300/170000   40%   831 ms/st  nog 23u41m   rekenen/1  100%
  12:56  stap  67350/170000   40%   831 ms/st  nog 23u41m   puzzel/3    --
  12:57  stap  67400/170000   40%   830 ms/st  nog 23u40m   puzzel/1  100%
  12:58  stap  67450/170000   40%   830 ms/st  nog 23u39m   rekenen/16    --
  12:58  stap  67500/170000   40%   830 ms/st  nog 23u38m   rekenen/3  100%
  stap 67500 | diepte  35%  diepte2  67%  gemengd  36%  grondslag  30%  ladder  89%   | diepte tot 17 | 696 ms/stap
  12:59  stap  67550/170000   40%   831 ms/st  nog 23u38m   rekenen/15    --
  13:00  stap  67600/170000   40%   831 ms/st  nog 23u37m   code/1  100%
  13:01  stap  67650/170000   40%   831 ms/st  nog 23u36m   code/5    --
  13:01  stap  67700/170000   40%   831 ms/st  nog 23u36m   puzzel/5   66%
  13:02  stap  67750/170000   40%   831 ms/st  nog 23u35m   code/1    --
  13:02  stap  67800/170000   40%   830 ms/st  nog 23u34m   code/5  100%
  13:03  stap  67850/170000   40%   830 ms/st  nog 23u33m   rekenen/11    --
  13:04  stap  67900/170000   40%   830 ms/st  nog 23u33m   rekenen/5  100%
  13:04  stap  67950/170000   40%   830 ms/st  nog 23u31m   rekenen/14    --
  13:05  stap  68000/170000   40%   830 ms/st  nog 23u31m   code/8   98%
  stap 68000 | diepte  35%  diepte2  67%  gemengd  39%  grondslag  37%  ladder  90%   | diepte tot 17 | 696 ms/stap
  13:06  stap  68050/170000   40%   831 ms/st  nog 23u31m   rekenen/2    --
  13:07  stap  68100/170000   40%   830 ms/st  nog 23u30m   rekenen/6  100%
  13:07  stap  68150/170000   40%   830 ms/st  nog 23u29m   puzzel/5    --
  13:08  stap  68200/170000   40%   830 ms/st  nog 23u28m   code/2  100%
  13:08  stap  68250/170000   40%   830 ms/st  nog 23u27m   rekenen/4    --
  13:09  stap  68300/170000   40%   830 ms/st  nog 23u26m   rekenen/3  100%
  13:10  stap  68350/170000   40%   830 ms/st  nog 23u26m   rekenen/7    --
  13:10  stap  68400/170000   40%   830 ms/st  nog 23u25m   puzzel/1  100%
  13:11  stap  68450/170000   40%   830 ms/st  nog 23u24m   code/1    --
  13:12  stap  68500/170000   40%   830 ms/st  nog 23u23m   rekenen/9   92%
  stap 68500 | diepte  39%  diepte2  67%  gemengd  38%  grondslag  32%  ladder  89%   | diepte tot 17 | 697 ms/stap
  13:13  stap  68550/170000   40%   830 ms/st  nog 23u23m   code/3    --
  13:13  stap  68600/170000   40%   830 ms/st  nog 23u23m   rekenen/6  100%
  13:14  stap  68650/170000   40%   830 ms/st  nog 23u22m   code/2    --
  13:14  stap  68700/170000   40%   830 ms/st  nog 23u21m   code/1  100%
  13:15  stap  68750/170000   40%   830 ms/st  nog 23u20m   rekenen/8    --
  13:16  stap  68800/170000   40%   830 ms/st  nog 23u19m   rekenen/7  100%
  13:16  stap  68850/170000   40%   830 ms/st  nog 23u18m   puzzel/1    --
  13:17  stap  68900/170000   41%   830 ms/st  nog 23u18m   rekenen/11   97%
  13:18  stap  68950/170000   41%   830 ms/st  nog 23u17m   rekenen/6    --
  13:18  stap  69000/170000   41%   830 ms/st  nog 23u16m   rekenen/7  100%
  stap 69000 | diepte  36%  diepte2  68%  gemengd  41%  grondslag  35%  ladder  89%   | diepte tot 17 | 698 ms/stap
  13:20  stap  69050/170000   41%   830 ms/st  nog 23u16m   rekenen/11    --
  13:20  stap  69100/170000   41%   830 ms/st  nog 23u15m   puzzel/4   83%
  13:21  stap  69150/170000   41%   830 ms/st  nog 23u14m   rekenen/9    --
  13:21  stap  69200/170000   41%   830 ms/st  nog 23u14m   rekenen/6  100%
  13:22  stap  69250/170000   41%   830 ms/st  nog 23u13m   rekenen/17    --
  13:22  stap  69300/170000   41%   830 ms/st  nog 23u12m   rekenen/16   94%
  13:23  stap  69350/170000   41%   830 ms/st  nog 23u11m   rekenen/8    --
  13:24  stap  69400/170000   41%   830 ms/st  nog 23u10m   rekenen/8  100%
  13:24  stap  69450/170000   41%   829 ms/st  nog 23u09m   code/5    --
  13:25  stap  69500/170000   41%   829 ms/st  nog 23u09m   rekenen/15   92%
  stap 69500 | diepte  32%  diepte2  69%  gemengd  36%  grondslag  34%  ladder  89%   | diepte tot 17 | 699 ms/stap
  13:26  stap  69550/170000   41%   830 ms/st  nog 23u09m   rekenen/12    --
  13:27  stap  69600/170000   41%   830 ms/st  nog 23u08m   puzzel/3   95%
  13:27  stap  69650/170000   41%   830 ms/st  nog 23u07m   rekenen/16    --
  13:28  stap  69700/170000   41%   830 ms/st  nog 23u06m   rekenen/1  100%
  13:29  stap  69750/170000   41%   830 ms/st  nog 23u06m   rekenen/3    --
  13:29  stap  69800/170000   41%   830 ms/st  nog 23u05m   puzzel/4   89%
  13:30  stap  69850/170000   41%   829 ms/st  nog 23u04m   rekenen/15    --
  13:30  stap  69900/170000   41%   829 ms/st  nog 23u03m   rekenen/8   97%
  13:31  stap  69950/170000   41%   829 ms/st  nog 23u02m   rekenen/7    --
  13:32  stap  70000/170000   41%   829 ms/st  nog 23u01m   puzzel/4   89%
  stap 70000 | diepte  37%  diepte2  67%  gemengd  37%  grondslag  37%  ladder  89%   | diepte tot 17 | 699 ms/stap
  13:33  stap  70050/170000   41%   830 ms/st  nog 23u02m   rekenen/9    --
  13:33  stap  70100/170000   41%   830 ms/st  nog 23u01m   code/1  100%
  13:34  stap  70150/170000   41%   830 ms/st  nog 23u00m   rekenen/5    --
  13:35  stap  70200/170000   41%   830 ms/st  nog 22u59m   puzzel/3  100%
  13:36  stap  70250/170000   41%   830 ms/st  nog 22u59m   code/2    --
  13:36  stap  70300/170000   41%   829 ms/st  nog 22u58m   puzzel/5   78%
  13:37  stap  70350/170000   41%   829 ms/st  nog 22u57m   code/8    --
  13:37  stap  70400/170000   41%   829 ms/st  nog 22u56m   rekenen/6  100%
  13:38  stap  70450/170000   41%   829 ms/st  nog 22u55m   code/4    --
  13:39  stap  70500/170000   41%   829 ms/st  nog 22u55m   code/1  100%
  stap 70500 | diepte  34%  diepte2  67%  gemengd  36%  grondslag  29%  ladder  90%   | diepte tot 17 | 700 ms/stap
  13:40  stap  70550/170000   42%   830 ms/st  nog 22u55m   rekenen/3    --
  13:40  stap  70600/170000   42%   830 ms/st  nog 22u54m   code/7   98%
  13:41  stap  70650/170000   42%   829 ms/st  nog 22u53m   rekenen/15    --
  13:42  stap  70700/170000   42%   829 ms/st  nog 22u52m   code/2  100%
  13:42  stap  70750/170000   42%   829 ms/st  nog 22u51m   code/6    --
  13:43  stap  70800/170000   42%   829 ms/st  nog 22u50m   rekenen/3  100%
  13:43  stap  70850/170000   42%   829 ms/st  nog 22u50m   puzzel/4    --
  13:44  stap  70900/170000   42%   829 ms/st  nog 22u49m   rekenen/9   97%
  13:44  stap  70950/170000   42%   829 ms/st  nog 22u48m   code/7    --
  13:45  stap  71000/170000   42%   829 ms/st  nog 22u47m   puzzel/5   86%
  stap 71000 | diepte  42%  diepte2  68%  gemengd  37%  grondslag  31%  ladder  90%   | diepte tot 17 | 701 ms/stap
  13:46  stap  71050/170000   42%   829 ms/st  nog 22u47m   rekenen/13    --
  13:47  stap  71100/170000   42%   829 ms/st  nog 22u46m   puzzel/4   84%
  13:47  stap  71150/170000   42%   829 ms/st  nog 22u45m   code/7    --
  13:48  stap  71200/170000   42%   829 ms/st  nog 22u45m   code/3  100%
  13:49  stap  71250/170000   42%   829 ms/st  nog 22u44m   rekenen/8    --
  13:49  stap  71300/170000   42%   829 ms/st  nog 22u43m   rekenen/17   91%
  13:50  stap  71350/170000   42%   829 ms/st  nog 22u42m   rekenen/7    --
  13:51  stap  71400/170000   42%   829 ms/st  nog 22u41m   rekenen/8   98%
  13:51  stap  71450/170000   42%   829 ms/st  nog 22u41m   rekenen/5    --
  13:52  stap  71500/170000   42%   829 ms/st  nog 22u40m   code/4  100%
  stap 71500 | diepte  37%  diepte2  67%  gemengd  38%  grondslag  37%  ladder  89%   | diepte tot 17 | 702 ms/stap
  13:53  stap  71550/170000   42%   829 ms/st  nog 22u40m   rekenen/15    --
  13:54  stap  71600/170000   42%   829 ms/st  nog 22u39m   rekenen/16   83%
  13:54  stap  71650/170000   42%   829 ms/st  nog 22u38m   rekenen/11    --
  13:55  stap  71700/170000   42%   829 ms/st  nog 22u37m   code/3  100%
  13:56  stap  71750/170000   42%   829 ms/st  nog 22u37m   puzzel/5    --
  13:56  stap  71800/170000   42%   829 ms/st  nog 22u36m   code/6   98%
  13:57  stap  71850/170000   42%   829 ms/st  nog 22u35m   code/2    --
  13:57  stap  71900/170000   42%   829 ms/st  nog 22u34m   rekenen/14   94%
  13:58  stap  71950/170000   42%   829 ms/st  nog 22u34m   code/1    --
  13:59  stap  72000/170000   42%   828 ms/st  nog 22u33m   rekenen/6   97%
  stap 72000 | diepte  37%  diepte2  67%  gemengd  40%  grondslag  37%  ladder  88%   | diepte tot 17 | 702 ms/stap
  14:00  stap  72050/170000   42%   829 ms/st  nog 22u33m   rekenen/10    --
  14:00  stap  72100/170000   42%   829 ms/st  nog 22u32m   rekenen/13   95%
  14:01  stap  72150/170000   42%   829 ms/st  nog 22u31m   rekenen/8    --
  14:02  stap  72200/170000   42%   829 ms/st  nog 22u30m   code/8   94%
  14:02  stap  72250/170000   42%   829 ms/st  nog 22u30m   rekenen/7    --
  14:03  stap  72300/170000   43%   829 ms/st  nog 22u29m   rekenen/3   98%
  14:03  stap  72350/170000   43%   828 ms/st  nog 22u28m   rekenen/11    --
  14:04  stap  72400/170000   43%   828 ms/st  nog 22u27m   puzzel/1  100%
  14:05  stap  72450/170000   43%   828 ms/st  nog 22u26m   code/2    --
  14:05  stap  72500/170000   43%   828 ms/st  nog 22u25m   code/8   98%
  stap 72500 | diepte  34%  diepte2  67%  gemengd  37%  grondslag  29%  ladder  89%   | diepte tot 17 | 703 ms/stap
  14:07  stap  72550/170000   43%   829 ms/st  nog 22u26m   rekenen/7    --
  14:07  stap  72600/170000   43%   829 ms/st  nog 22u25m   rekenen/2  100%
  14:08  stap  72650/170000   43%   829 ms/st  nog 22u24m   rekenen/11    --
  14:08  stap  72700/170000   43%   829 ms/st  nog 22u23m   puzzel/4   97%
  14:09  stap  72750/170000   43%   828 ms/st  nog 22u22m   rekenen/10    --
  14:10  stap  72800/170000   43%   828 ms/st  nog 22u22m   rekenen/15   91%
  14:10  stap  72850/170000   43%   828 ms/st  nog 22u21m   rekenen/7    --
  14:11  stap  72900/170000   43%   828 ms/st  nog 22u20m   rekenen/4  100%
  14:12  stap  72950/170000   43%   828 ms/st  nog 22u19m   code/8    --
  14:12  stap  73000/170000   43%   828 ms/st  nog 22u18m   code/1  100%
  stap 73000 | diepte  34%  diepte2  65%  gemengd  39%  grondslag  32%  ladder  90%   | diepte tot 17 | 704 ms/stap
  14:13  stap  73050/170000   43%   829 ms/st  nog 22u18m   code/1    --
  14:14  stap  73100/170000   43%   828 ms/st  nog 22u17m   rekenen/7  100%
  14:14  stap  73150/170000   43%   828 ms/st  nog 22u17m   rekenen/15    --
  14:15  stap  73200/170000   43%   828 ms/st  nog 22u16m   code/6  100%
  14:16  stap  73250/170000   43%   828 ms/st  nog 22u15m   code/6    --
  14:16  stap  73300/170000   43%   828 ms/st  nog 22u14m   puzzel/3   81%
  14:17  stap  73350/170000   43%   828 ms/st  nog 22u13m   rekenen/4    --
  14:18  stap  73400/170000   43%   828 ms/st  nog 22u13m   puzzel/5   94%
  14:18  stap  73450/170000   43%   828 ms/st  nog 22u12m   code/3    --
  14:19  stap  73500/170000   43%   828 ms/st  nog 22u11m   puzzel/3  100%
  stap 73500 | diepte  41%  diepte2  68%  gemengd  39%  grondslag  31%  ladder  90%   | diepte tot 17 | 704 ms/stap
  14:20  stap  73550/170000   43%   828 ms/st  nog 22u11m   rekenen/2    --
  14:21  stap  73600/170000   43%   828 ms/st  nog 22u11m   rekenen/17   89%
  14:21  stap  73650/170000   43%   828 ms/st  nog 22u10m   rekenen/9    --
  14:22  stap  73700/170000   43%   828 ms/st  nog 22u09m   rekenen/9   98%
  14:23  stap  73750/170000   43%   828 ms/st  nog 22u08m   rekenen/8    --
  14:23  stap  73800/170000   43%   828 ms/st  nog 22u07m   code/6  100%
  14:24  stap  73850/170000   43%   828 ms/st  nog 22u07m   puzzel/1    --
  14:24  stap  73900/170000   43%   828 ms/st  nog 22u06m   puzzel/1  100%
  14:25  stap  73950/170000   44%   828 ms/st  nog 22u05m   rekenen/13    --
  14:26  stap  74000/170000   44%   828 ms/st  nog 22u04m   code/3  100%
  stap 74000 | diepte  36%  diepte2  68%  gemengd  39%  grondslag  33%  ladder  89%   | diepte tot 17 | 705 ms/stap
  14:27  stap  74050/170000   44%   829 ms/st  nog 22u04m   rekenen/8    --
  14:28  stap  74100/170000   44%   828 ms/st  nog 22u04m   puzzel/4   94%
  14:28  stap  74150/170000   44%   828 ms/st  nog 22u03m   puzzel/2    --
  14:29  stap  74200/170000   44%   828 ms/st  nog 22u02m   rekenen/9   98%
  14:29  stap  74250/170000   44%   828 ms/st  nog 22u01m   rekenen/9    --
  14:30  stap  74300/170000   44%   828 ms/st  nog 22u00m   rekenen/10   98%
  14:31  stap  74350/170000   44%   828 ms/st  nog 21u59m   rekenen/1    --
  14:31  stap  74400/170000   44%   828 ms/st  nog 21u59m   rekenen/6  100%
  14:32  stap  74450/170000   44%   828 ms/st  nog 21u58m   code/7    --
  14:32  stap  74500/170000   44%   828 ms/st  nog 21u57m   code/6   98%
  stap 74500 | diepte  37%  diepte2  67%  gemengd  41%  grondslag  34%  ladder  89%   | diepte tot 17 | 706 ms/stap
  14:34  stap  74550/170000   44%   828 ms/st  nog 21u57m   code/8    --
  14:34  stap  74600/170000   44%   828 ms/st  nog 21u56m   rekenen/5  100%
  14:35  stap  74650/170000   44%   828 ms/st  nog 21u55m   code/3    --
  14:35  stap  74700/170000   44%   828 ms/st  nog 21u55m   rekenen/11  100%
  14:36  stap  74750/170000   44%   828 ms/st  nog 21u54m   puzzel/1    --
  14:37  stap  74800/170000   44%   828 ms/st  nog 21u53m   rekenen/11   98%
  14:37  stap  74850/170000   44%   828 ms/st  nog 21u52m   rekenen/11    --
  14:38  stap  74900/170000   44%   828 ms/st  nog 21u51m   rekenen/1  100%
  14:38  stap  74950/170000   44%   828 ms/st  nog 21u51m   code/6    --
  14:39  stap  75000/170000   44%   828 ms/st  nog 21u50m   rekenen/7  100%
  stap 75000 | diepte  35%  diepte2  68%  gemengd  38%  grondslag  34%  ladder  89%   | diepte tot 17 | 707 ms/stap
  14:40  stap  75050/170000   44%   828 ms/st  nog 21u50m   rekenen/16    --
  14:41  stap  75100/170000   44%   828 ms/st  nog 21u49m   rekenen/10  100%
  14:42  stap  75150/170000   44%   828 ms/st  nog 21u48m   code/6    --
  14:42  stap  75200/170000   44%   828 ms/st  nog 21u47m   puzzel/2  100%
  14:43  stap  75250/170000   44%   828 ms/st  nog 21u47m   puzzel/1    --
  14:43  stap  75300/170000   44%   828 ms/st  nog 21u46m   puzzel/4   92%
  14:44  stap  75350/170000   44%   828 ms/st  nog 21u45m   code/3    --
  14:45  stap  75400/170000   44%   828 ms/st  nog 21u44m   code/6   97%
  14:45  stap  75450/170000   44%   828 ms/st  nog 21u44m   code/7    --
  14:46  stap  75500/170000   44%   827 ms/st  nog 21u43m   puzzel/4   97%
  stap 75500 | diepte  35%  diepte2  67%  gemengd  39%  grondslag  35%  ladder  89%   | diepte tot 17 | 707 ms/stap
  14:47  stap  75550/170000   44%   828 ms/st  nog 21u43m   puzzel/3    --
  14:48  stap  75600/170000   44%   828 ms/st  nog 21u42m   code/7  100%
  14:48  stap  75650/170000   44%   828 ms/st  nog 21u41m   puzzel/2    --
  14:49  stap  75700/170000   45%   828 ms/st  nog 21u40m   rekenen/6  100%
  14:49  stap  75750/170000   45%   828 ms/st  nog 21u39m   code/6    --
  14:50  stap  75800/170000   45%   828 ms/st  nog 21u39m   code/5  100%
  14:51  stap  75850/170000   45%   827 ms/st  nog 21u38m   rekenen/14    --
  14:51  stap  75900/170000   45%   827 ms/st  nog 21u37m   code/7  100%
  14:52  stap  75950/170000   45%   827 ms/st  nog 21u36m   rekenen/6    --
  14:52  stap  76000/170000   45%   827 ms/st  nog 21u35m   code/1  100%
  stap 76000 | diepte  35%  diepte2  67%  gemengd  38%  grondslag  33%  ladder  89%   | diepte tot 17 | 708 ms/stap
  14:54  stap  76050/170000   45%   828 ms/st  nog 21u35m   rekenen/11    --
  14:54  stap  76100/170000   45%   828 ms/st  nog 21u35m   code/7  100%
  14:55  stap  76150/170000   45%   828 ms/st  nog 21u34m   rekenen/1    --
  14:56  stap  76200/170000   45%   828 ms/st  nog 21u33m   code/1  100%
  14:56  stap  76250/170000   45%   827 ms/st  nog 21u32m   rekenen/17    --
  14:57  stap  76300/170000   45%   827 ms/st  nog 21u31m   rekenen/8  100%
  14:57  stap  76350/170000   45%   827 ms/st  nog 21u31m   code/2    --
  14:58  stap  76400/170000   45%   827 ms/st  nog 21u30m   rekenen/1  100%
  14:59  stap  76450/170000   45%   827 ms/st  nog 21u29m   puzzel/4    --
  14:59  stap  76500/170000   45%   827 ms/st  nog 21u28m   puzzel/1  100%
  stap 76500 | diepte  37%  diepte2  67%  gemengd  39%  grondslag  33%  ladder  89%   | diepte tot 17 | 709 ms/stap
  15:00  stap  76550/170000   45%   827 ms/st  nog 21u28m   puzzel/4    --
  15:01  stap  76600/170000   45%   827 ms/st  nog 21u27m   rekenen/3  100%
  15:01  stap  76650/170000   45%   827 ms/st  nog 21u27m   rekenen/7    --
  15:02  stap  76700/170000   45%   827 ms/st  nog 21u26m   code/5  100%
  15:03  stap  76750/170000   45%   827 ms/st  nog 21u25m   code/2    --
  15:03  stap  76800/170000   45%   827 ms/st  nog 21u24m   rekenen/11  100%
  15:04  stap  76850/170000   45%   827 ms/st  nog 21u23m   puzzel/1    --
  15:04  stap  76900/170000   45%   827 ms/st  nog 21u22m   code/4  100%
  15:05  stap  76950/170000   45%   827 ms/st  nog 21u22m   code/6    --
  15:06  stap  77000/170000   45%   827 ms/st  nog 21u21m   rekenen/17   95%
  stap 77000 | diepte  37%  diepte2  67%  gemengd  39%  grondslag  37%  ladder  89%   | diepte tot 17 | 709 ms/stap
  15:07  stap  77050/170000   45%   827 ms/st  nog 21u21m   rekenen/1    --
  15:07  stap  77100/170000   45%   827 ms/st  nog 21u20m   code/7  100%
  15:08  stap  77150/170000   45%   827 ms/st  nog 21u19m   code/8    --
  15:09  stap  77200/170000   45%   827 ms/st  nog 21u18m   rekenen/2  100%
  15:09  stap  77250/170000   45%   827 ms/st  nog 21u18m   rekenen/12    --
  15:10  stap  77300/170000   45%   827 ms/st  nog 21u17m   rekenen/8   98%
  15:10  stap  77350/170000   46%   827 ms/st  nog 21u16m   code/8    --
  15:11  stap  77400/170000   46%   827 ms/st  nog 21u15m   code/2  100%
  15:12  stap  77450/170000   46%   827 ms/st  nog 21u15m   rekenen/5    --
  15:13  stap  77500/170000   46%   827 ms/st  nog 21u14m   rekenen/7  100%
  stap 77500 | diepte  41%  diepte2  69%  gemengd  38%  grondslag  33%  ladder  89%   | diepte tot 17 | 710 ms/stap
  15:14  stap  77550/170000   46%   827 ms/st  nog 21u14m   rekenen/15    --
  15:14  stap  77600/170000   46%   827 ms/st  nog 21u13m   code/7   98%
  15:15  stap  77650/170000   46%   827 ms/st  nog 21u12m   code/8    --
  15:16  stap  77700/170000   46%   827 ms/st  nog 21u12m   rekenen/16   92%
  15:16  stap  77750/170000   46%   827 ms/st  nog 21u11m   rekenen/11    --
  15:17  stap  77800/170000   46%   827 ms/st  nog 21u10m   code/1  100%
  15:17  stap  77850/170000   46%   827 ms/st  nog 21u09m   rekenen/1    --
  15:18  stap  77900/170000   46%   827 ms/st  nog 21u08m   code/3  100%
  15:19  stap  77950/170000   46%   827 ms/st  nog 21u08m   rekenen/14    --
  15:19  stap  78000/170000   46%   827 ms/st  nog 21u07m   code/3  100%
  stap 78000 | diepte  39%  diepte2  68%  gemengd  36%  grondslag  32%  ladder  89%   | diepte tot 17 | 710 ms/stap
  15:21  stap  78050/170000   46%   827 ms/st  nog 21u07m   puzzel/1    --
  15:21  stap  78100/170000   46%   827 ms/st  nog 21u06m   rekenen/2  100%
  15:22  stap  78150/170000   46%   827 ms/st  nog 21u05m   puzzel/5    --
  15:22  stap  78200/170000   46%   827 ms/st  nog 21u04m   rekenen/13  100%
  15:23  stap  78250/170000   46%   827 ms/st  nog 21u04m   rekenen/15    --
  15:24  stap  78300/170000   46%   827 ms/st  nog 21u03m   rekenen/6  100%
  15:24  stap  78350/170000   46%   827 ms/st  nog 21u02m   rekenen/1    --
  15:25  stap  78400/170000   46%   827 ms/st  nog 21u01m   rekenen/12   97%
  15:25  stap  78450/170000   46%   826 ms/st  nog 21u00m   code/5    --
  15:26  stap  78500/170000   46%   826 ms/st  nog 21u00m   puzzel/1  100%
  stap 78500 | diepte  37%  diepte2  67%  gemengd  38%  grondslag  31%  ladder  89%   | diepte tot 17 | 711 ms/stap
  15:27  stap  78550/170000   46%   827 ms/st  nog 21u00m   code/1    --
  15:28  stap  78600/170000   46%   827 ms/st  nog 20u59m   rekenen/7  100%
  15:28  stap  78650/170000   46%   827 ms/st  nog 20u58m   rekenen/17    --
  15:29  stap  78700/170000   46%   827 ms/st  nog 20u57m   code/7  100%
  15:30  stap  78750/170000   46%   827 ms/st  nog 20u57m   rekenen/15    --
  15:30  stap  78800/170000   46%   827 ms/st  nog 20u56m   rekenen/16   83%
  15:31  stap  78850/170000   46%   827 ms/st  nog 20u55m   rekenen/5    --
  15:32  stap  78900/170000   46%   826 ms/st  nog 20u54m   rekenen/4  100%
  15:32  stap  78950/170000   46%   826 ms/st  nog 20u53m   rekenen/11    --
  15:33  stap  79000/170000   46%   826 ms/st  nog 20u52m   rekenen/2  100%
  stap 79000 | diepte  40%  diepte2  67%  gemengd  39%  grondslag  31%  ladder  88%   | diepte tot 17 | 712 ms/stap
  15:34  stap  79050/170000   46%   827 ms/st  nog 20u53m   puzzel/2    --
  15:34  stap  79100/170000   47%   827 ms/st  nog 20u52m   rekenen/2  100%
  15:35  stap  79150/170000   47%   826 ms/st  nog 20u51m   rekenen/15    --
  15:36  stap  79200/170000   47%   826 ms/st  nog 20u50m   rekenen/15   95%
  15:36  stap  79250/170000   47%   826 ms/st  nog 20u49m   rekenen/1    --
  15:37  stap  79300/170000   47%   826 ms/st  nog 20u49m   code/3  100%
  15:38  stap  79350/170000   47%   826 ms/st  nog 20u48m   puzzel/2    --
  15:38  stap  79400/170000   47%   826 ms/st  nog 20u47m   rekenen/17   83%
  15:39  stap  79450/170000   47%   826 ms/st  nog 20u46m   rekenen/11    --
  15:39  stap  79500/170000   47%   826 ms/st  nog 20u45m   code/4  100%
  stap 79500 | diepte  39%  diepte2  68%  gemengd  35%  grondslag  34%  ladder  88%   | diepte tot 17 | 712 ms/stap
  15:41  stap  79550/170000   47%   827 ms/st  nog 20u46m   rekenen/10    --
  15:41  stap  79600/170000   47%   826 ms/st  nog 20u45m   puzzel/2  100%
  15:42  stap  79650/170000   47%   826 ms/st  nog 20u44m   puzzel/3    --
  15:43  stap  79700/170000   47%   826 ms/st  nog 20u43m   rekenen/9   95%
  15:43  stap  79750/170000   47%   826 ms/st  nog 20u42m   code/5    --
  15:44  stap  79800/170000   47%   826 ms/st  nog 20u42m   code/3  100%
  15:44  stap  79850/170000   47%   826 ms/st  nog 20u41m   puzzel/5    --
  15:45  stap  79900/170000   47%   826 ms/st  nog 20u40m   puzzel/2  100%
  15:45  stap  79950/170000   47%   826 ms/st  nog 20u39m   code/5    --
  15:46  stap  80000/170000   47%   826 ms/st  nog 20u38m   code/5   97%
  stap 80000 | diepte  40%  diepte2  67%  gemengd  40%  grondslag  33%  ladder  89%   | diepte tot 17 | 713 ms/stap
  15:47  stap  80050/170000   47%   826 ms/st  nog 20u39m   puzzel/3    --
  15:48  stap  80100/170000   47%   826 ms/st  nog 20u38m   rekenen/1  100%
  15:49  stap  80150/170000   47%   826 ms/st  nog 20u37m   puzzel/4    --
  15:49  stap  80200/170000   47%   826 ms/st  nog 20u36m   rekenen/9   95%
  15:50  stap  80250/170000   47%   826 ms/st  nog 20u35m   rekenen/15    --
  15:50  stap  80300/170000   47%   826 ms/st  nog 20u34m   code/8   97%
  15:51  stap  80350/170000   47%   826 ms/st  nog 20u33m   puzzel/2    --
  15:52  stap  80400/170000   47%   826 ms/st  nog 20u33m   rekenen/4   98%
  15:52  stap  80450/170000   47%   826 ms/st  nog 20u32m   code/8    --
  15:53  stap  80500/170000   47%   826 ms/st  nog 20u31m   puzzel/5   92%
  stap 80500 | diepte  36%  diepte2  68%  gemengd  39%  grondslag  37%  ladder  88%   | diepte tot 17 | 713 ms/stap
  15:54  stap  80550/170000   47%   826 ms/st  nog 20u31m   rekenen/2    --
  15:55  stap  80600/170000   47%   826 ms/st  nog 20u31m   rekenen/15   91%
  15:55  stap  80650/170000   47%   826 ms/st  nog 20u30m   rekenen/11    --
  15:56  stap  80700/170000   47%   826 ms/st  nog 20u29m   rekenen/5  100%
  15:57  stap  80750/170000   48%   826 ms/st  nog 20u28m   code/7    --
  15:57  stap  80800/170000   48%   826 ms/st  nog 20u27m   rekenen/1  100%
  15:58  stap  80850/170000   48%   826 ms/st  nog 20u27m   rekenen/9    --
  15:58  stap  80900/170000   48%   826 ms/st  nog 20u26m   rekenen/16   95%
  15:59  stap  80950/170000   48%   826 ms/st  nog 20u25m   code/1    --
  16:00  stap  81000/170000   48%   826 ms/st  nog 20u24m   rekenen/3  100%
  stap 81000 | diepte  37%  diepte2  69%  gemengd  38%  grondslag  34%  ladder  89%   | diepte tot 17 | 714 ms/stap
  16:01  stap  81050/170000   48%   826 ms/st  nog 20u24m   puzzel/2    --
  16:01  stap  81100/170000   48%   826 ms/st  nog 20u23m   code/2  100%
  16:02  stap  81150/170000   48%   826 ms/st  nog 20u23m   rekenen/6    --
  16:03  stap  81200/170000   48%   826 ms/st  nog 20u22m   puzzel/4   95%
  16:03  stap  81250/170000   48%   826 ms/st  nog 20u21m   code/3    --
  16:04  stap  81300/170000   48%   826 ms/st  nog 20u20m   rekenen/8  100%
  16:05  stap  81350/170000   48%   826 ms/st  nog 20u20m   rekenen/6    --
  16:05  stap  81400/170000   48%   826 ms/st  nog 20u19m   rekenen/12   89%
  16:06  stap  81450/170000   48%   826 ms/st  nog 20u18m   rekenen/13    --
  16:06  stap  81500/170000   48%   826 ms/st  nog 20u17m   rekenen/1  100%
  stap 81500 | diepte  35%  diepte2  67%  gemengd  40%  grondslag  33%  ladder  90%   | diepte tot 17 | 715 ms/stap
  16:08  stap  81550/170000   48%   826 ms/st  nog 20u17m   rekenen/15    --
  16:08  stap  81600/170000   48%   826 ms/st  nog 20u16m   rekenen/15   95%
  16:09  stap  81650/170000   48%   826 ms/st  nog 20u16m   puzzel/2    --
  16:09  stap  81700/170000   48%   826 ms/st  nog 20u15m   code/4  100%
  16:10  stap  81750/170000   48%   826 ms/st  nog 20u14m   rekenen/11    --
  16:11  stap  81800/170000   48%   826 ms/st  nog 20u13m   rekenen/10   94%
  16:11  stap  81850/170000   48%   826 ms/st  nog 20u12m   rekenen/10    --
  16:12  stap  81900/170000   48%   826 ms/st  nog 20u12m   rekenen/14   94%
  16:12  stap  81950/170000   48%   825 ms/st  nog 20u11m   code/8    --
  16:13  stap  82000/170000   48%   825 ms/st  nog 20u10m   rekenen/13   91%
  stap 82000 | diepte  37%  diepte2  70%  gemengd  37%  grondslag  28%  ladder  90%   | diepte tot 17 | 715 ms/stap
  16:14  stap  82050/170000   48%   826 ms/st  nog 20u10m   code/3    --
  16:15  stap  82100/170000   48%   826 ms/st  nog 20u09m   puzzel/5   91%
  16:16  stap  82150/170000   48%   826 ms/st  nog 20u09m   rekenen/15    --
  16:16  stap  82200/170000   48%   826 ms/st  nog 20u08m   code/8   97%
  16:17  stap  82250/170000   48%   826 ms/st  nog 20u07m   code/7    --
  16:17  stap  82300/170000   48%   826 ms/st  nog 20u06m   code/5  100%
  16:18  stap  82350/170000   48%   825 ms/st  nog 20u05m   puzzel/4    --
  16:19  stap  82400/170000   48%   825 ms/st  nog 20u05m   code/3  100%
  16:19  stap  82450/170000   48%   825 ms/st  nog 20u04m   code/6    --
  16:20  stap  82500/170000   49%   825 ms/st  nog 20u03m   code/6  100%
  stap 82500 | diepte  37%  diepte2  68%  gemengd  37%  grondslag  34%  ladder  89%   | diepte tot 17 | 716 ms/stap
  16:21  stap  82550/170000   49%   826 ms/st  nog 20u03m   code/5    --
  16:22  stap  82600/170000   49%   826 ms/st  nog 20u02m   code/2  100%
  16:22  stap  82650/170000   49%   826 ms/st  nog 20u01m   rekenen/16    --
  16:23  stap  82700/170000   49%   826 ms/st  nog 20u01m   rekenen/16   97%
  16:24  stap  82750/170000   49%   826 ms/st  nog 20u00m   code/4    --
  16:24  stap  82800/170000   49%   825 ms/st  nog 19u59m   rekenen/14   92%
  16:25  stap  82850/170000   49%   825 ms/st  nog 19u58m   rekenen/3    --
  16:25  stap  82900/170000   49%   825 ms/st  nog 19u58m   rekenen/3  100%
  16:26  stap  82950/170000   49%   825 ms/st  nog 19u57m   rekenen/10    --
  16:27  stap  83000/170000   49%   825 ms/st  nog 19u56m   rekenen/10   95%
  stap 83000 | diepte  34%  diepte2  67%  gemengd  39%  grondslag  34%  ladder  89%   | diepte tot 17 | 716 ms/stap
  16:28  stap  83050/170000   49%   826 ms/st  nog 19u56m   rekenen/13    --
  16:28  stap  83100/170000   49%   826 ms/st  nog 19u55m   rekenen/5   98%
  16:29  stap  83150/170000   49%   825 ms/st  nog 19u54m   rekenen/1    --
  16:30  stap  83200/170000   49%   825 ms/st  nog 19u54m   rekenen/13   98%
  16:30  stap  83250/170000   49%   825 ms/st  nog 19u53m   rekenen/14    --
  16:31  stap  83300/170000   49%   825 ms/st  nog 19u52m   code/7   97%
  16:31  stap  83350/170000   49%   825 ms/st  nog 19u51m   rekenen/13    --
  16:32  stap  83400/170000   49%   825 ms/st  nog 19u50m   rekenen/16   95%
  16:33  stap  83450/170000   49%   825 ms/st  nog 19u50m   rekenen/8    --
  16:33  stap  83500/170000   49%   825 ms/st  nog 19u49m   code/5  100%
  stap 83500 | diepte  28%  diepte2  67%  gemengd  38%  grondslag  31%  ladder  89%   | diepte tot 17 | 717 ms/stap
  16:35  stap  83550/170000   49%   826 ms/st  nog 19u49m   rekenen/6    --
  16:35  stap  83600/170000   49%   825 ms/st  nog 19u48m   puzzel/4   92%
  16:36  stap  83650/170000   49%   825 ms/st  nog 19u47m   rekenen/2    --
  16:36  stap  83700/170000   49%   825 ms/st  nog 19u47m   rekenen/1  100%
  16:37  stap  83750/170000   49%   825 ms/st  nog 19u46m   rekenen/6    --
  16:38  stap  83800/170000   49%   825 ms/st  nog 19u45m   code/1  100%
  16:38  stap  83850/170000   49%   825 ms/st  nog 19u44m   rekenen/6    --
  16:39  stap  83900/170000   49%   825 ms/st  nog 19u43m   rekenen/11   97%
  16:39  stap  83950/170000   49%   825 ms/st  nog 19u43m   rekenen/2    --
  16:40  stap  84000/170000   49%   825 ms/st  nog 19u42m   rekenen/7   98%
  stap 84000 | diepte  34%  diepte2  69%  gemengd  35%  grondslag  34%  ladder  89%   | diepte tot 17 | 717 ms/stap
  16:41  stap  84050/170000   49%   825 ms/st  nog 19u42m   rekenen/6    --
  16:42  stap  84100/170000   49%   825 ms/st  nog 19u41m   code/6   95%
  16:42  stap  84150/170000   50%   825 ms/st  nog 19u40m   rekenen/16    --
  16:43  stap  84200/170000   50%   825 ms/st  nog 19u39m   rekenen/12  100%
  16:44  stap  84250/170000   50%   825 ms/st  nog 19u39m   rekenen/15    --
  16:44  stap  84300/170000   50%   825 ms/st  nog 19u38m   rekenen/7   98%
  16:45  stap  84350/170000   50%   825 ms/st  nog 19u37m   code/7    --
  16:45  stap  84400/170000   50%   825 ms/st  nog 19u36m   rekenen/6   98%
  16:46  stap  84450/170000   50%   825 ms/st  nog 19u36m   code/8    --
  16:47  stap  84500/170000   50%   825 ms/st  nog 19u35m   code/4  100%
  stap 84500 | diepte  35%  diepte2  68%  gemengd  39%  grondslag  35%  ladder  89%   | diepte tot 17 | 718 ms/stap
  16:48  stap  84550/170000   50%   825 ms/st  nog 19u35m   puzzel/2    --
  16:49  stap  84600/170000   50%   825 ms/st  nog 19u34m   rekenen/11   95%
  16:49  stap  84650/170000   50%   825 ms/st  nog 19u33m   code/4    --
  16:50  stap  84700/170000   50%   825 ms/st  nog 19u32m   rekenen/10   94%
  16:50  stap  84750/170000   50%   825 ms/st  nog 19u32m   rekenen/4    --
  16:51  stap  84800/170000   50%   825 ms/st  nog 19u31m   rekenen/14   95%
  16:52  stap  84850/170000   50%   825 ms/st  nog 19u30m   rekenen/14    --
  16:52  stap  84900/170000   50%   825 ms/st  nog 19u30m   rekenen/12   94%
  16:53  stap  84950/170000   50%   825 ms/st  nog 19u29m   rekenen/5    --
  16:54  stap  85000/170000   50%   825 ms/st  nog 19u28m   rekenen/2  100%
  stap 85000 | diepte  34%  diepte2  68%  gemengd  36%  grondslag  32%  ladder  89%   | diepte tot 17 | 718 ms/stap
  16:55  stap  85050/170000   50%   825 ms/st  nog 19u28m   puzzel/1    --
  16:55  stap  85100/170000   50%   825 ms/st  nog 19u27m   puzzel/4   95%
  16:56  stap  85150/170000   50%   825 ms/st  nog 19u26m   rekenen/15    --
  16:57  stap  85200/170000   50%   825 ms/st  nog 19u26m   rekenen/16   92%
  16:57  stap  85250/170000   50%   825 ms/st  nog 19u25m   rekenen/3    --
  16:58  stap  85300/170000   50%   825 ms/st  nog 19u24m   puzzel/4   92%
  16:59  stap  85350/170000   50%   825 ms/st  nog 19u23m   code/4    --
  16:59  stap  85400/170000   50%   825 ms/st  nog 19u23m   code/3  100%
  17:00  stap  85450/170000   50%   825 ms/st  nog 19u22m   rekenen/2    --
  17:00  stap  85500/170000   50%   825 ms/st  nog 19u21m   rekenen/17   95%
  stap 85500 | diepte  33%  diepte2  67%  gemengd  37%  grondslag  35%  ladder  89%   | diepte tot 17 | 719 ms/stap
  17:02  stap  85550/170000   50%   825 ms/st  nog 19u21m   rekenen/6    --
  17:02  stap  85600/170000   50%   825 ms/st  nog 19u20m   puzzel/4   92%
  17:03  stap  85650/170000   50%   825 ms/st  nog 19u19m   code/5    --
  17:03  stap  85700/170000   50%   825 ms/st  nog 19u19m   rekenen/9  100%
  17:04  stap  85750/170000   50%   825 ms/st  nog 19u18m   code/1    --
  17:05  stap  85800/170000   50%   825 ms/st  nog 19u17m   puzzel/4   89%
  17:05  stap  85850/170000   50%   825 ms/st  nog 19u16m   rekenen/4    --
  17:06  stap  85900/170000   51%   825 ms/st  nog 19u15m   rekenen/10   97%
  17:06  stap  85950/170000   51%   825 ms/st  nog 19u15m   rekenen/8    --
  17:07  stap  86000/170000   51%   825 ms/st  nog 19u14m   code/4  100%
  stap 86000 | diepte  30%  diepte2  67%  gemengd  37%  grondslag  33%  ladder  90%   | diepte tot 17 | 720 ms/stap
  17:08  stap  86050/170000   51%   825 ms/st  nog 19u14m   rekenen/4    --
  17:09  stap  86100/170000   51%   825 ms/st  nog 19u13m   rekenen/15   86%
  17:09  stap  86150/170000   51%   825 ms/st  nog 19u12m   rekenen/13    --
  17:10  stap  86200/170000   51%   825 ms/st  nog 19u11m   rekenen/5  100%
  17:11  stap  86250/170000   51%   825 ms/st  nog 19u11m   rekenen/16    --
  17:11  stap  86300/170000   51%   825 ms/st  nog 19u10m   puzzel/2  100%
  17:12  stap  86350/170000   51%   825 ms/st  nog 19u09m   rekenen/11    --
  17:13  stap  86400/170000   51%   825 ms/st  nog 19u08m   code/2  100%
  17:13  stap  86450/170000   51%   824 ms/st  nog 19u08m   code/5    --
  17:14  stap  86500/170000   51%   824 ms/st  nog 19u07m   rekenen/13   98%
  stap 86500 | diepte  41%  diepte2  69%  gemengd  41%  grondslag  33%  ladder  89%   | diepte tot 17 | 720 ms/stap
  17:15  stap  86550/170000   51%   825 ms/st  nog 19u07m   rekenen/13    --
  17:16  stap  86600/170000   51%   825 ms/st  nog 19u06m   puzzel/4   91%
  17:16  stap  86650/170000   51%   825 ms/st  nog 19u05m   puzzel/4    --
  17:17  stap  86700/170000   51%   825 ms/st  nog 19u04m   rekenen/4  100%
  17:17  stap  86750/170000   51%   825 ms/st  nog 19u04m   code/3    --
  17:18  stap  86800/170000   51%   825 ms/st  nog 19u03m   rekenen/12   95%
  17:19  stap  86850/170000   51%   825 ms/st  nog 19u02m   code/3    --
  17:19  stap  86900/170000   51%   824 ms/st  nog 19u01m   code/5  100%
  17:20  stap  86950/170000   51%   824 ms/st  nog 19u00m   code/6    --
  17:20  stap  87000/170000   51%   824 ms/st  nog 19u00m   rekenen/13   97%
  stap 87000 | diepte  33%  diepte2  67%  gemengd  35%  grondslag  33%  ladder  89%   | diepte tot 17 | 720 ms/stap
  17:22  stap  87050/170000   51%   825 ms/st  nog 19u00m   rekenen/2    --
  17:22  stap  87100/170000   51%   825 ms/st  nog 18u59m   rekenen/2  100%
  17:23  stap  87150/170000   51%   825 ms/st  nog 18u58m   code/5    --
  17:23  stap  87200/170000   51%   825 ms/st  nog 18u57m   rekenen/6   98%
  17:24  stap  87250/170000   51%   825 ms/st  nog 18u57m   rekenen/10    --
  17:25  stap  87300/170000   51%   824 ms/st  nog 18u56m   puzzel/4   94%
  17:25  stap  87350/170000   51%   824 ms/st  nog 18u55m   puzzel/1    --
  17:26  stap  87400/170000   51%   824 ms/st  nog 18u54m   code/6   97%
  17:27  stap  87450/170000   51%   824 ms/st  nog 18u54m   rekenen/13    --
  17:27  stap  87500/170000   51%   824 ms/st  nog 18u53m   code/4  100%
  stap 87500 | diepte  36%  diepte2  67%  gemengd  39%  grondslag  34%  ladder  89%   | diepte tot 17 | 721 ms/stap
  17:29  stap  87550/170000   52%   825 ms/st  nog 18u53m   rekenen/16    --
  17:29  stap  87600/170000   52%   825 ms/st  nog 18u52m   code/4  100%
  17:30  stap  87650/170000   52%   824 ms/st  nog 18u51m   code/3    --
  17:30  stap  87700/170000   52%   825 ms/st  nog 18u50m   code/6  100%
  17:31  stap  87750/170000   52%   824 ms/st  nog 18u50m   rekenen/11    --
  17:32  stap  87800/170000   52%   824 ms/st  nog 18u49m   code/8   98%
  17:32  stap  87850/170000   52%   824 ms/st  nog 18u48m   rekenen/15    --
  17:33  stap  87900/170000   52%   824 ms/st  nog 18u47m   rekenen/14   92%
  17:33  stap  87950/170000   52%   824 ms/st  nog 18u46m   rekenen/1    --
  17:34  stap  88000/170000   52%   824 ms/st  nog 18u46m   puzzel/2  100%
  stap 88000 | diepte  38%  diepte2  69%  gemengd  35%  grondslag  31%  ladder  89%   | diepte tot 17 | 721 ms/stap
  17:35  stap  88050/170000   52%   824 ms/st  nog 18u46m   rekenen/2    --
  17:36  stap  88100/170000   52%   824 ms/st  nog 18u45m   puzzel/5   94%
  17:37  stap  88150/170000   52%   825 ms/st  nog 18u44m   rekenen/9    --
  17:37  stap  88200/170000   52%   824 ms/st  nog 18u44m   rekenen/13   97%
  17:38  stap  88250/170000   52%   824 ms/st  nog 18u43m   puzzel/3    --
  17:38  stap  88300/170000   52%   824 ms/st  nog 18u42m   rekenen/17   75%
  17:39  stap  88350/170000   52%   824 ms/st  nog 18u41m   rekenen/5    --
  17:40  stap  88400/170000   52%   824 ms/st  nog 18u40m   rekenen/9   97%
  17:40  stap  88450/170000   52%   824 ms/st  nog 18u40m   rekenen/10    --
  17:41  stap  88500/170000   52%   824 ms/st  nog 18u39m   code/6  100%
  stap 88500 | diepte  37%  diepte2  67%  gemengd  39%  grondslag  35%  ladder  89%   | diepte tot 17 | 722 ms/stap
  17:42  stap  88550/170000   52%   824 ms/st  nog 18u39m   rekenen/4    --
  17:43  stap  88600/170000   52%   824 ms/st  nog 18u38m   rekenen/7   98%
  17:43  stap  88650/170000   52%   824 ms/st  nog 18u37m   code/1    --
  17:44  stap  88700/170000   52%   824 ms/st  nog 18u36m   rekenen/15   92%
  17:44  stap  88750/170000   52%   824 ms/st  nog 18u36m   code/1    --
  17:45  stap  88800/170000   52%   824 ms/st  nog 18u35m   puzzel/5   59%
  17:46  stap  88850/170000   52%   824 ms/st  nog 18u34m   rekenen/14    --
  17:46  stap  88900/170000   52%   824 ms/st  nog 18u33m   rekenen/3  100%
  17:47  stap  88950/170000   52%   824 ms/st  nog 18u33m   code/7    --
  17:48  stap  89000/170000   52%   824 ms/st  nog 18u32m   rekenen/6  100%
  stap 89000 | diepte  32%  diepte2  68%  gemengd  38%  grondslag  33%  ladder  89%   | diepte tot 17 | 723 ms/stap
  17:49  stap  89050/170000   52%   824 ms/st  nog 18u32m   rekenen/15    --
  17:49  stap  89100/170000   52%   824 ms/st  nog 18u31m   rekenen/8   98%
  17:50  stap  89150/170000   52%   824 ms/st  nog 18u30m   puzzel/4    --
  17:51  stap  89200/170000   52%   824 ms/st  nog 18u29m   rekenen/16   97%
  17:51  stap  89250/170000   52%   824 ms/st  nog 18u29m   rekenen/8    --
  17:52  stap  89300/170000   53%   824 ms/st  nog 18u28m   rekenen/14  100%
  17:53  stap  89350/170000   53%   824 ms/st  nog 18u27m   rekenen/11    --
  17:53  stap  89400/170000   53%   824 ms/st  nog 18u26m   code/7  100%
  17:54  stap  89450/170000   53%   824 ms/st  nog 18u26m   puzzel/3    --
  17:54  stap  89500/170000   53%   824 ms/st  nog 18u25m   code/1  100%
  stap 89500 | diepte  36%  diepte2  69%  gemengd  37%  grondslag  35%  ladder  89%   | diepte tot 17 | 723 ms/stap
  17:55  stap  89550/170000   53%   824 ms/st  nog 18u25m   code/6    --
  17:56  stap  89600/170000   53%   824 ms/st  nog 18u24m   rekenen/15   98%
  17:57  stap  89650/170000   53%   824 ms/st  nog 18u23m   rekenen/5    --
  17:57  stap  89700/170000   53%   824 ms/st  nog 18u22m   code/7   97%
  17:58  stap  89750/170000   53%   824 ms/st  nog 18u22m   rekenen/14    --
  17:58  stap  89800/170000   53%   824 ms/st  nog 18u21m   rekenen/14   94%
  17:59  stap  89850/170000   53%   824 ms/st  nog 18u20m   puzzel/5    --
  18:00  stap  89900/170000   53%   824 ms/st  nog 18u19m   code/3  100%
  18:00  stap  89950/170000   53%   824 ms/st  nog 18u19m   rekenen/2    --
  18:01  stap  90000/170000   53%   824 ms/st  nog 18u18m   rekenen/4  100%
  stap 90000 | diepte  39%  diepte2  69%  gemengd  36%  grondslag  34%  ladder  89%   | diepte tot 17 | 723 ms/stap
  18:02  stap  90050/170000   53%   824 ms/st  nog 18u18m   puzzel/2    --
  18:03  stap  90100/170000   53%   824 ms/st  nog 18u17m   rekenen/6  100%
  18:03  stap  90150/170000   53%   824 ms/st  nog 18u16m   code/8    --
  18:04  stap  90200/170000   53%   824 ms/st  nog 18u15m   rekenen/9  100%
  18:04  stap  90250/170000   53%   824 ms/st  nog 18u14m   puzzel/3    --
  18:05  stap  90300/170000   53%   824 ms/st  nog 18u14m   code/2  100%
  18:06  stap  90350/170000   53%   824 ms/st  nog 18u13m   code/3    --
  18:06  stap  90400/170000   53%   824 ms/st  nog 18u12m   puzzel/3  100%
  18:07  stap  90450/170000   53%   824 ms/st  nog 18u11m   rekenen/10    --
  18:08  stap  90500/170000   53%   824 ms/st  nog 18u11m   rekenen/2  100%
  stap 90500 | diepte  40%  diepte2  68%  gemengd  40%  grondslag  34%  ladder  89%   | diepte tot 17 | 724 ms/stap
  18:09  stap  90550/170000   53%   824 ms/st  nog 18u11m   rekenen/9    --
  18:10  stap  90600/170000   53%   824 ms/st  nog 18u10m   puzzel/3  100%
  18:10  stap  90650/170000   53%   824 ms/st  nog 18u09m   code/2    --
  18:11  stap  90700/170000   53%   824 ms/st  nog 18u09m   rekenen/14   92%
  18:11  stap  90750/170000   53%   824 ms/st  nog 18u08m   puzzel/1    --
  18:12  stap  90800/170000   53%   824 ms/st  nog 18u07m   rekenen/9  100%
  18:13  stap  90850/170000   53%   824 ms/st  nog 18u06m   code/8    --
  18:13  stap  90900/170000   53%   824 ms/st  nog 18u05m   rekenen/6   98%
  18:14  stap  90950/170000   54%   824 ms/st  nog 18u05m   rekenen/9    --
  18:15  stap  91000/170000   54%   824 ms/st  nog 18u04m   code/6   97%
  stap 91000 | diepte  41%  diepte2  70%  gemengd  38%  grondslag  31%  ladder  89%   | diepte tot 17 | 725 ms/stap
  18:16  stap  91050/170000   54%   824 ms/st  nog 18u04m   rekenen/2    --
  18:16  stap  91100/170000   54%   824 ms/st  nog 18u03m   rekenen/6  100%
  18:17  stap  91150/170000   54%   824 ms/st  nog 18u02m   code/8    --
  18:18  stap  91200/170000   54%   824 ms/st  nog 18u02m   code/6   95%
  18:18  stap  91250/170000   54%   824 ms/st  nog 18u01m   code/6    --
  18:19  stap  91300/170000   54%   824 ms/st  nog 18u00m   code/4  100%
  18:19  stap  91350/170000   54%   824 ms/st  nog 17u59m   code/7    --
  18:20  stap  91400/170000   54%   824 ms/st  nog 17u58m   code/5  100%
  18:21  stap  91450/170000   54%   824 ms/st  nog 17u58m   rekenen/5    --
  18:21  stap  91500/170000   54%   824 ms/st  nog 17u57m   code/7   97%
  stap 91500 | diepte  37%  diepte2  71%  gemengd  37%  grondslag  32%  ladder  89%   | diepte tot 17 | 725 ms/stap
  18:23  stap  91550/170000   54%   824 ms/st  nog 17u57m   rekenen/8    --
  18:23  stap  91600/170000   54%   824 ms/st  nog 17u56m   code/5  100%
  18:24  stap  91650/170000   54%   824 ms/st  nog 17u55m   rekenen/3    --
  18:24  stap  91700/170000   54%   824 ms/st  nog 17u55m   rekenen/6   88%
  18:25  stap  91750/170000   54%   824 ms/st  nog 17u54m   puzzel/3    --
  18:25  stap  91800/170000   54%   824 ms/st  nog 17u53m   rekenen/15   81%
  18:26  stap  91850/170000   54%   824 ms/st  nog 17u52m   rekenen/9    --
  18:27  stap  91900/170000   54%   824 ms/st  nog 17u51m   code/8   98%
  18:27  stap  91950/170000   54%   824 ms/st  nog 17u51m   rekenen/12    --
  18:28  stap  92000/170000   54%   824 ms/st  nog 17u50m   rekenen/16   84%
  stap 92000 | diepte  37%  diepte2  70%  gemengd  39%  grondslag  34%  ladder  89%   | diepte tot 17 | 725 ms/stap
  18:29  stap  92050/170000   54%   824 ms/st  nog 17u50m   rekenen/8    --
  18:30  stap  92100/170000   54%   824 ms/st  nog 17u49m   rekenen/15   89%
  18:31  stap  92150/170000   54%   824 ms/st  nog 17u48m   rekenen/9    --
  18:31  stap  92200/170000   54%   824 ms/st  nog 17u48m   rekenen/9  100%
  18:32  stap  92250/170000   54%   824 ms/st  nog 17u47m   rekenen/2    --
  18:33  stap  92300/170000   54%   824 ms/st  nog 17u46m   rekenen/3   98%
  18:33  stap  92350/170000   54%   824 ms/st  nog 17u45m   rekenen/1    --
  18:34  stap  92400/170000   54%   824 ms/st  nog 17u45m   code/5  100%
  18:34  stap  92450/170000   54%   824 ms/st  nog 17u44m   rekenen/11    --
  18:35  stap  92500/170000   54%   824 ms/st  nog 17u43m   rekenen/3  100%
  stap 92500 | diepte  37%  diepte2  67%  gemengd  37%  grondslag  31%  ladder  90%   | diepte tot 17 | 726 ms/stap
  18:36  stap  92550/170000   54%   824 ms/st  nog 17u43m   rekenen/4    --
  18:37  stap  92600/170000   54%   824 ms/st  nog 17u42m   puzzel/4   97%
  18:37  stap  92650/170000   55%   824 ms/st  nog 17u42m   rekenen/6    --
  18:38  stap  92700/170000   55%   824 ms/st  nog 17u41m   code/3  100%
  18:39  stap  92750/170000   55%   824 ms/st  nog 17u40m   code/8    --
  18:39  stap  92800/170000   55%   824 ms/st  nog 17u39m   code/7   95%
  18:40  stap  92850/170000   55%   824 ms/st  nog 17u39m   rekenen/6    --
  18:40  stap  92900/170000   55%   824 ms/st  nog 17u38m   puzzel/2  100%
  18:41  stap  92950/170000   55%   824 ms/st  nog 17u37m   code/2    --
  18:42  stap  93000/170000   55%   824 ms/st  nog 17u36m   rekenen/15   92%
  stap 93000 | diepte  40%  diepte2  67%  gemengd  38%  grondslag  34%  ladder  88%   | diepte tot 17 | 726 ms/stap
  18:43  stap  93050/170000   55%   824 ms/st  nog 17u36m   code/3    --
  18:43  stap  93100/170000   55%   824 ms/st  nog 17u35m   rekenen/10  100%
  18:44  stap  93150/170000   55%   824 ms/st  nog 17u34m   rekenen/12    --
  18:45  stap  93200/170000   55%   824 ms/st  nog 17u34m   puzzel/4   83%
  18:45  stap  93250/170000   55%   823 ms/st  nog 17u33m   rekenen/9    --
  18:46  stap  93300/170000   55%   823 ms/st  nog 17u32m   code/6  100%
  18:46  stap  93350/170000   55%   823 ms/st  nog 17u31m   rekenen/17    --
  18:47  stap  93400/170000   55%   823 ms/st  nog 17u30m   rekenen/10   98%
  18:48  stap  93450/170000   55%   823 ms/st  nog 17u30m   rekenen/4    --
  18:48  stap  93500/170000   55%   823 ms/st  nog 17u29m   rekenen/9  100%
  stap 93500 | diepte  33%  diepte2  68%  gemengd  40%  grondslag  36%  ladder  89%   | diepte tot 17 | 727 ms/stap
  18:49  stap  93550/170000   55%   824 ms/st  nog 17u29m   rekenen/5    --
  18:50  stap  93600/170000   55%   824 ms/st  nog 17u28m   puzzel/5   91%
  18:51  stap  93650/170000   55%   823 ms/st  nog 17u27m   code/1    --
  18:51  stap  93700/170000   55%   823 ms/st  nog 17u27m   rekenen/13   92%
  18:52  stap  93750/170000   55%   823 ms/st  nog 17u26m   code/5    --
  18:53  stap  93800/170000   55%   823 ms/st  nog 17u25m   rekenen/7   98%
  18:53  stap  93850/170000   55%   823 ms/st  nog 17u24m   code/3    --
  18:54  stap  93900/170000   55%   823 ms/st  nog 17u24m   code/5   98%
  18:54  stap  93950/170000   55%   823 ms/st  nog 17u23m   puzzel/2    --
  18:55  stap  94000/170000   55%   823 ms/st  nog 17u22m   rekenen/14   95%
  stap 94000 | diepte  39%  diepte2  67%  gemengd  37%  grondslag  33%  ladder  89%   | diepte tot 17 | 727 ms/stap
  18:56  stap  94050/170000   55%   823 ms/st  nog 17u22m   puzzel/1    --
  18:57  stap  94100/170000   55%   823 ms/st  nog 17u21m   puzzel/2  100%
  18:57  stap  94150/170000   55%   823 ms/st  nog 17u20m   rekenen/8    --
  18:58  stap  94200/170000   55%   823 ms/st  nog 17u20m   puzzel/3   97%
  18:59  stap  94250/170000   55%   823 ms/st  nog 17u19m   rekenen/8    --
  18:59  stap  94300/170000   55%   823 ms/st  nog 17u18m   rekenen/13   95%
  19:00  stap  94350/170000   56%   823 ms/st  nog 17u17m   rekenen/13    --
  19:01  stap  94400/170000   56%   823 ms/st  nog 17u17m   code/3  100%
  19:01  stap  94450/170000   56%   823 ms/st  nog 17u16m   puzzel/2    --
  19:02  stap  94500/170000   56%   823 ms/st  nog 17u15m   rekenen/7  100%
  stap 94500 | diepte  37%  diepte2  69%  gemengd  35%  grondslag  33%  ladder  89%   | diepte tot 17 | 728 ms/stap
  19:03  stap  94550/170000   56%   824 ms/st  nog 17u15m   code/6    --
  19:04  stap  94600/170000   56%   823 ms/st  nog 17u14m   code/3  100%
  19:04  stap  94650/170000   56%   823 ms/st  nog 17u13m   rekenen/9    --
  19:05  stap  94700/170000   56%   823 ms/st  nog 17u13m   puzzel/1   98%
  19:05  stap  94750/170000   56%   823 ms/st  nog 17u12m   code/2    --
  19:06  stap  94800/170000   56%   823 ms/st  nog 17u11m   rekenen/1  100%
  19:06  stap  94850/170000   56%   823 ms/st  nog 17u10m   code/1    --
  19:07  stap  94900/170000   56%   823 ms/st  nog 17u10m   rekenen/14   94%
  19:08  stap  94950/170000   56%   823 ms/st  nog 17u09m   puzzel/5    --
  19:08  stap  95000/170000   56%   823 ms/st  nog 17u08m   puzzel/1  100%
  stap 95000 | diepte  35%  diepte2  67%  gemengd  37%  grondslag  33%  ladder  89%   | diepte tot 17 | 728 ms/stap
  19:09  stap  95050/170000   56%   823 ms/st  nog 17u08m   rekenen/3    --
  19:10  stap  95100/170000   56%   823 ms/st  nog 17u07m   puzzel/1  100%
  19:11  stap  95150/170000   56%   823 ms/st  nog 17u06m   code/8    --
  19:11  stap  95200/170000   56%   823 ms/st  nog 17u06m   rekenen/8   98%
  19:12  stap  95250/170000   56%   823 ms/st  nog 17u05m   rekenen/4    --
  19:13  stap  95300/170000   56%   823 ms/st  nog 17u04m   puzzel/2   98%
  19:13  stap  95350/170000   56%   823 ms/st  nog 17u03m   code/4    --
  19:14  stap  95400/170000   56%   823 ms/st  nog 17u02m   code/4  100%
  19:14  stap  95450/170000   56%   823 ms/st  nog 17u02m   rekenen/7    --
  19:15  stap  95500/170000   56%   823 ms/st  nog 17u01m   puzzel/1  100%
  stap 95500 | diepte  36%  diepte2  67%  gemengd  40%  grondslag  33%  ladder  89%   | diepte tot 17 | 728 ms/stap
  19:16  stap  95550/170000   56%   823 ms/st  nog 17u01m   rekenen/9    --
  19:17  stap  95600/170000   56%   823 ms/st  nog 17u00m   rekenen/9   98%
  19:17  stap  95650/170000   56%   823 ms/st  nog 16u59m   code/8    --
  19:18  stap  95700/170000   56%   823 ms/st  nog 16u58m   code/5  100%
  19:19  stap  95750/170000   56%   823 ms/st  nog 16u58m   rekenen/7    --
  19:19  stap  95800/170000   56%   823 ms/st  nog 16u57m   code/3  100%
  19:20  stap  95850/170000   56%   823 ms/st  nog 16u56m   rekenen/3    --
  19:20  stap  95900/170000   56%   823 ms/st  nog 16u55m   rekenen/7  100%
  19:21  stap  95950/170000   56%   823 ms/st  nog 16u55m   rekenen/12    --
  19:22  stap  96000/170000   56%   823 ms/st  nog 16u54m   rekenen/12   94%
  stap 96000 | diepte  46%  diepte2  67%  gemengd  35%  grondslag  29%  ladder  89%   | diepte tot 17 | 729 ms/stap
  19:23  stap  96050/170000   56%   823 ms/st  nog 16u54m   code/2    --
  19:23  stap  96100/170000   57%   823 ms/st  nog 16u53m   code/5  100%
  19:24  stap  96150/170000   57%   823 ms/st  nog 16u52m   rekenen/12    --
  19:25  stap  96200/170000   57%   823 ms/st  nog 16u52m   puzzel/2  100%
  19:25  stap  96250/170000   57%   823 ms/st  nog 16u51m   rekenen/14    --
  19:26  stap  96300/170000   57%   823 ms/st  nog 16u50m   rekenen/2  100%
  19:26  stap  96350/170000   57%   823 ms/st  nog 16u49m   rekenen/4    --
  19:27  stap  96400/170000   57%   822 ms/st  nog 16u48m   puzzel/1  100%
  19:28  stap  96450/170000   57%   822 ms/st  nog 16u48m   code/6    --
  19:28  stap  96500/170000   57%   822 ms/st  nog 16u47m   rekenen/14   95%
  stap 96500 | diepte  38%  diepte2  67%  gemengd  40%  grondslag  33%  ladder  89%   | diepte tot 17 | 729 ms/stap
  19:29  stap  96550/170000   57%   823 ms/st  nog 16u47m   rekenen/11    --
  19:30  stap  96600/170000   57%   823 ms/st  nog 16u46m   code/5  100%
  19:31  stap  96650/170000   57%   823 ms/st  nog 16u45m   puzzel/3    --
  19:31  stap  96700/170000   57%   823 ms/st  nog 16u45m   rekenen/2  100%
  19:32  stap  96750/170000   57%   823 ms/st  nog 16u44m   rekenen/8    --
  19:33  stap  96800/170000   57%   823 ms/st  nog 16u43m   rekenen/10   98%
  19:33  stap  96850/170000   57%   823 ms/st  nog 16u42m   puzzel/5    --
  19:34  stap  96900/170000   57%   823 ms/st  nog 16u42m   code/3  100%
  19:35  stap  96950/170000   57%   822 ms/st  nog 16u41m   code/8    --
  19:35  stap  97000/170000   57%   822 ms/st  nog 16u40m   rekenen/4  100%
  stap 97000 | diepte  37%  diepte2  67%  gemengd  37%  grondslag  27%  ladder  90%   | diepte tot 17 | 730 ms/stap
  19:37  stap  97050/170000   57%   823 ms/st  nog 16u40m   rekenen/10    --
  19:37  stap  97100/170000   57%   823 ms/st  nog 16u39m   rekenen/10  100%
  19:38  stap  97150/170000   57%   823 ms/st  nog 16u38m   puzzel/5    --
  19:38  stap  97200/170000   57%   823 ms/st  nog 16u38m   rekenen/4  100%
  19:39  stap  97250/170000   57%   823 ms/st  nog 16u37m   rekenen/12    --
  19:40  stap  97300/170000   57%   823 ms/st  nog 16u36m   rekenen/4  100%
  19:40  stap  97350/170000   57%   823 ms/st  nog 16u36m   rekenen/1    --
  19:41  stap  97400/170000   57%   823 ms/st  nog 16u35m   puzzel/5   89%
  19:41  stap  97450/170000   57%   822 ms/st  nog 16u34m   code/5    --
  19:42  stap  97500/170000   57%   822 ms/st  nog 16u33m   rekenen/10   97%
  stap 97500 | diepte  34%  diepte2  67%  gemengd  39%  grondslag  28%  ladder  89%   | diepte tot 17 | 730 ms/stap
  19:43  stap  97550/170000   57%   823 ms/st  nog 16u33m   rekenen/16    --
  19:44  stap  97600/170000   57%   823 ms/st  nog 16u32m   puzzel/1  100%
  19:45  stap  97650/170000   57%   823 ms/st  nog 16u32m   code/6    --
  19:45  stap  97700/170000   57%   823 ms/st  nog 16u31m   puzzel/4   92%
  19:46  stap  97750/170000   57%   823 ms/st  nog 16u30m   rekenen/14    --
  19:46  stap  97800/170000   58%   823 ms/st  nog 16u29m   code/8   98%
  19:47  stap  97850/170000   58%   823 ms/st  nog 16u29m   puzzel/2    --
  19:48  stap  97900/170000   58%   823 ms/st  nog 16u28m   code/4  100%
  19:48  stap  97950/170000   58%   822 ms/st  nog 16u27m   rekenen/4    --
  19:49  stap  98000/170000   58%   822 ms/st  nog 16u26m   rekenen/5  100%
  stap 98000 | diepte  41%  diepte2  69%  gemengd  37%  grondslag  31%  ladder  90%   | diepte tot 17 | 730 ms/stap
  19:50  stap  98050/170000   58%   823 ms/st  nog 16u26m   rekenen/17    --
  19:51  stap  98100/170000   58%   823 ms/st  nog 16u25m   rekenen/13   98%
  19:51  stap  98150/170000   58%   823 ms/st  nog 16u25m   rekenen/3    --
  19:52  stap  98200/170000   58%   823 ms/st  nog 16u24m   puzzel/2  100%
  19:52  stap  98250/170000   58%   823 ms/st  nog 16u23m   code/1    --
  19:53  stap  98300/170000   58%   822 ms/st  nog 16u22m   rekenen/15   91%
  19:54  stap  98350/170000   58%   822 ms/st  nog 16u22m   code/4    --
  19:54  stap  98400/170000   58%   822 ms/st  nog 16u21m   code/6  100%
  19:55  stap  98450/170000   58%   822 ms/st  nog 16u20m   rekenen/9    --
  19:55  stap  98500/170000   58%   822 ms/st  nog 16u19m   rekenen/1  100%
  stap 98500 | diepte  36%  diepte2  69%  gemengd  37%  grondslag  30%  ladder  89%   | diepte tot 17 | 731 ms/stap
  19:56  stap  98550/170000   58%   822 ms/st  nog 16u19m   rekenen/8    --
  19:57  stap  98600/170000   58%   823 ms/st  nog 16u18m   code/1  100%
  19:58  stap  98650/170000   58%   822 ms/st  nog 16u17m   rekenen/3    --
  19:58  stap  98700/170000   58%   822 ms/st  nog 16u17m   rekenen/16   94%
  19:59  stap  98750/170000   58%   822 ms/st  nog 16u16m   rekenen/6    --
  20:00  stap  98800/170000   58%   822 ms/st  nog 16u15m   code/6  100%
  20:00  stap  98850/170000   58%   822 ms/st  nog 16u14m   code/4    --
  20:01  stap  98900/170000   58%   822 ms/st  nog 16u14m   rekenen/11   94%
  20:01  stap  98950/170000   58%   822 ms/st  nog 16u13m   rekenen/1    --
  20:02  stap  99000/170000   58%   822 ms/st  nog 16u12m   rekenen/14   98%
  stap 99000 | diepte  39%  diepte2  69%  gemengd  39%  grondslag  35%  ladder  89%   | diepte tot 17 | 731 ms/stap
  20:03  stap  99050/170000   58%   822 ms/st  nog 16u12m   code/1    --
  20:04  stap  99100/170000   58%   822 ms/st  nog 16u11m   rekenen/2  100%
  20:04  stap  99150/170000   58%   822 ms/st  nog 16u11m   code/1    --
  20:05  stap  99200/170000   58%   822 ms/st  nog 16u10m   rekenen/13   95%
  20:06  stap  99250/170000   58%   822 ms/st  nog 16u09m   rekenen/6    --
  20:06  stap  99300/170000   58%   822 ms/st  nog 16u08m   rekenen/2  100%
  20:07  stap  99350/170000   58%   822 ms/st  nog 16u08m   code/3    --
  20:08  stap  99400/170000   58%   822 ms/st  nog 16u07m   code/5  100%
  20:08  stap  99450/170000   58%   822 ms/st  nog 16u06m   code/5    --
  20:09  stap  99500/170000   59%   822 ms/st  nog 16u05m   rekenen/6  100%
  stap 99500 | diepte  40%  diepte2  67%  gemengd  41%  grondslag  34%  ladder  89%   | diepte tot 17 | 731 ms/stap
  20:10  stap  99550/170000   59%   822 ms/st  nog 16u05m   puzzel/2    --
  20:11  stap  99600/170000   59%   822 ms/st  nog 16u04m   rekenen/13   97%
  20:11  stap  99650/170000   59%   822 ms/st  nog 16u04m   code/3    --
  20:12  stap  99700/170000   59%   822 ms/st  nog 16u03m   rekenen/17   92%
  20:12  stap  99750/170000   59%   822 ms/st  nog 16u02m   rekenen/15    --
  20:13  stap  99800/170000   59%   822 ms/st  nog 16u01m   code/6   88%
  20:13  stap  99850/170000   59%   822 ms/st  nog 16u00m   code/8    --
  20:14  stap  99900/170000   59%   822 ms/st  nog 16u00m   rekenen/8   98%
  20:15  stap  99950/170000   59%   822 ms/st  nog 15u59m   puzzel/1    --
  20:15  stap 100000/170000   59%   822 ms/st  nog 15u58m   rekenen/17   91%
  stap 100000 | diepte  37%  diepte2  68%  gemengd  41%  grondslag  32%  ladder  89%   | diepte tot 17 | 732 ms/stap
  20:17  stap 100050/170000   59%   822 ms/st  nog 15u58m   puzzel/2    --
  20:17  stap 100100/170000   59%   822 ms/st  nog 15u57m   rekenen/16   95%
  20:18  stap 100150/170000   59%   822 ms/st  nog 15u57m   puzzel/5    --
  20:18  stap 100200/170000   59%   822 ms/st  nog 15u56m   code/8   97%
  20:19  stap 100250/170000   59%   822 ms/st  nog 15u55m   rekenen/2    --
  20:20  stap 100300/170000   59%   822 ms/st  nog 15u54m   rekenen/9   94%
  20:20  stap 100350/170000   59%   822 ms/st  nog 15u53m   rekenen/8    --
  20:21  stap 100400/170000   59%   822 ms/st  nog 15u53m   rekenen/8  100%
  20:21  stap 100450/170000   59%   822 ms/st  nog 15u52m   puzzel/2    --
  20:22  stap 100500/170000   59%   822 ms/st  nog 15u51m   rekenen/12   94%
  stap 100500 | diepte  36%  diepte2  66%  gemengd  39%  grondslag  35%  ladder  88%   | diepte tot 17 | 732 ms/stap
  20:23  stap 100550/170000   59%   822 ms/st  nog 15u51m   code/5    --
  20:24  stap 100600/170000   59%   822 ms/st  nog 15u50m   rekenen/17   78%
  20:24  stap 100650/170000   59%   822 ms/st  nog 15u49m   code/6    --
  20:25  stap 100700/170000   59%   822 ms/st  nog 15u49m   puzzel/4   94%
  20:26  stap 100750/170000   59%   822 ms/st  nog 15u48m   code/1    --
  20:26  stap 100800/170000   59%   822 ms/st  nog 15u47m   code/4  100%
  20:27  stap 100850/170000   59%   822 ms/st  nog 15u47m   rekenen/9    --
  20:28  stap 100900/170000   59%   822 ms/st  nog 15u46m   code/5  100%
  20:28  stap 100950/170000   59%   822 ms/st  nog 15u45m   rekenen/6    --
  20:29  stap 101000/170000   59%   822 ms/st  nog 15u44m   rekenen/12  100%
  stap 101000 | diepte  42%  diepte2  65%  gemengd  39%  grondslag  37%  ladder  89%   | diepte tot 17 | 732 ms/stap
  20:30  stap 101050/170000   59%   822 ms/st  nog 15u44m   puzzel/4    --
  20:31  stap 101100/170000   59%   822 ms/st  nog 15u43m   puzzel/3   98%
  20:31  stap 101150/170000   60%   822 ms/st  nog 15u43m   code/6    --
  20:32  stap 101200/170000   60%   822 ms/st  nog 15u42m   rekenen/8   95%
  20:32  stap 101250/170000   60%   822 ms/st  nog 15u41m   rekenen/12    --
  20:33  stap 101300/170000   60%   822 ms/st  nog 15u40m   rekenen/17   92%
  20:34  stap 101350/170000   60%   822 ms/st  nog 15u40m   code/6    --
  20:34  stap 101400/170000   60%   822 ms/st  nog 15u39m   code/8   97%
  20:35  stap 101450/170000   60%   822 ms/st  nog 15u38m   rekenen/8    --
  20:35  stap 101500/170000   60%   822 ms/st  nog 15u37m   rekenen/8  100%
  stap 101500 | diepte  36%  diepte2  67%  gemengd  39%  grondslag  36%  ladder  90%   | diepte tot 17 | 733 ms/stap
  20:37  stap 101550/170000   60%   822 ms/st  nog 15u37m   code/1    --
  20:37  stap 101600/170000   60%   822 ms/st  nog 15u36m   puzzel/2  100%
  20:38  stap 101650/170000   60%   822 ms/st  nog 15u36m   rekenen/17    --
  20:39  stap 101700/170000   60%   822 ms/st  nog 15u35m   code/6  100%
  20:39  stap 101750/170000   60%   822 ms/st  nog 15u34m   rekenen/13    --
  20:40  stap 101800/170000   60%   822 ms/st  nog 15u33m   rekenen/14   97%
  20:40  stap 101850/170000   60%   822 ms/st  nog 15u33m   puzzel/2    --
  20:41  stap 101900/170000   60%   822 ms/st  nog 15u32m   code/1  100%
  20:42  stap 101950/170000   60%   821 ms/st  nog 15u31m   code/7    --
  20:42  stap 102000/170000   60%   821 ms/st  nog 15u31m   code/7   97%
  stap 102000 | diepte  36%  diepte2  68%  gemengd  39%  grondslag  34%  ladder  89%   | diepte tot 17 | 733 ms/stap
  20:43  stap 102050/170000   60%   822 ms/st  nog 15u30m   rekenen/8    --
  20:44  stap 102100/170000   60%   822 ms/st  nog 15u29m   rekenen/12   95%
  20:45  stap 102150/170000   60%   822 ms/st  nog 15u29m   rekenen/15    --
  20:45  stap 102200/170000   60%   822 ms/st  nog 15u28m   code/6   98%
  20:46  stap 102250/170000   60%   822 ms/st  nog 15u27m   puzzel/2    --
  20:46  stap 102300/170000   60%   821 ms/st  nog 15u26m   puzzel/1  100%
  20:47  stap 102350/170000   60%   821 ms/st  nog 15u26m   puzzel/3    --
  20:48  stap 102400/170000   60%   821 ms/st  nog 15u25m   rekenen/17   59%
  20:48  stap 102450/170000   60%   821 ms/st  nog 15u24m   rekenen/13    --
  20:49  stap 102500/170000   60%   821 ms/st  nog 15u23m   rekenen/9   97%
  stap 102500 | diepte  41%  diepte2  67%  gemengd  39%  grondslag  36%  ladder  90%   | diepte tot 17 | 734 ms/stap
  20:50  stap 102550/170000   60%   822 ms/st  nog 15u23m   code/8    --
  20:51  stap 102600/170000   60%   822 ms/st  nog 15u22m   rekenen/13   94%
  20:51  stap 102650/170000   60%   822 ms/st  nog 15u22m   code/2    --
  20:52  stap 102700/170000   60%   822 ms/st  nog 15u21m   code/8   97%
  20:53  stap 102750/170000   60%   822 ms/st  nog 15u20m   rekenen/3    --
  20:53  stap 102800/170000   60%   821 ms/st  nog 15u20m   rekenen/9  100%
  20:54  stap 102850/170000   60%   821 ms/st  nog 15u19m   code/2    --
  20:54  stap 102900/170000   61%   821 ms/st  nog 15u18m   puzzel/4   95%
  20:55  stap 102950/170000   61%   821 ms/st  nog 15u17m   rekenen/5    --
  20:56  stap 103000/170000   61%   821 ms/st  nog 15u17m   rekenen/16   92%
  stap 103000 | diepte  38%  diepte2  69%  gemengd  40%  grondslag  37%  ladder  89%   | diepte tot 17 | 734 ms/stap
  20:57  stap 103050/170000   61%   822 ms/st  nog 15u16m   code/8    --
  20:58  stap 103100/170000   61%   822 ms/st  nog 15u16m   puzzel/4   95%
  20:58  stap 103150/170000   61%   822 ms/st  nog 15u15m   rekenen/9    --
  20:59  stap 103200/170000   61%   821 ms/st  nog 15u14m   puzzel/5   92%
  20:59  stap 103250/170000   61%   821 ms/st  nog 15u13m   rekenen/3    --
  21:00  stap 103300/170000   61%   821 ms/st  nog 15u13m   puzzel/3   98%
  21:00  stap 103350/170000   61%   821 ms/st  nog 15u12m   rekenen/10    --
  21:01  stap 103400/170000   61%   821 ms/st  nog 15u11m   puzzel/2  100%
  21:02  stap 103450/170000   61%   821 ms/st  nog 15u10m   rekenen/13    --
  21:02  stap 103500/170000   61%   821 ms/st  nog 15u10m   rekenen/5  100%
  stap 103500 | diepte  35%  diepte2  68%  gemengd  39%  grondslag  37%  ladder  89%   | diepte tot 17 | 734 ms/stap
  21:03  stap 103550/170000   61%   821 ms/st  nog 15u09m   code/6    --
  21:04  stap 103600/170000   61%   821 ms/st  nog 15u09m   rekenen/1  100%
  21:05  stap 103650/170000   61%   821 ms/st  nog 15u08m   puzzel/2    --
  21:05  stap 103700/170000   61%   821 ms/st  nog 15u07m   puzzel/1  100%
  21:06  stap 103750/170000   61%   821 ms/st  nog 15u06m   rekenen/7    --
  21:06  stap 103800/170000   61%   821 ms/st  nog 15u06m   rekenen/11   98%
  21:07  stap 103850/170000   61%   821 ms/st  nog 15u05m   rekenen/7    --
  21:08  stap 103900/170000   61%   821 ms/st  nog 15u04m   rekenen/5   98%
  21:08  stap 103950/170000   61%   821 ms/st  nog 15u03m   rekenen/14    --
  21:09  stap 104000/170000   61%   821 ms/st  nog 15u03m   rekenen/10  100%
=== poging 1 — 21:09:54 ===
  geheugen terug: 20,000 herinneringen
HERVAT bij stap 103501. Vorige keer eindigde met 'incident', 1 minuten geleden.
========================================================================
Leven in de wereld
========================================================================
14,368,528 parameters op cuda
170000 stappen, herhaling 37.5%, wereld open tot diepte 17
proefwerk elke 500 stappen, 150 opgaven per stuk

  stap     0 | diepte  35%  diepte2  68%  gemengd  39%  grondslag  37%  ladder  89%
  21:11  stap 103550/170000   61%   765 ms/st  nog 14u07m   puzzel/3    --
  21:11  stap 103600/170000   61%   831 ms/st  nog 15u19m   rekenen/1  100%
  21:12  stap 103650/170000   61%   854 ms/st  nog 15u44m   puzzel/2    --
  21:13  stap 103700/170000   61%   818 ms/st  nog 15u03m   code/2   25%
  21:13  stap 103750/170000   61%   789 ms/st  nog 14u31m   puzzel/5    --
  21:14  stap 103800/170000   61%   782 ms/st  nog 14u23m   rekenen/10  100%
  21:14  stap 103850/170000   61%   762 ms/st  nog 13u59m   puzzel/4    --
  21:15  stap 103900/170000   61%   746 ms/st  nog 13u42m   code/3   73%
  21:16  stap 103950/170000   61%   753 ms/st  nog 13u48m   rekenen/14    --
  21:16  stap 104000/170000   61%   738 ms/st  nog 13u31m   rekenen/9  100%
  stap 104000 | diepte  35%  diepte2  67%  gemengd  63%  grondslag  62%  ladder  89%   | diepte tot 17 | 4 ms/stap
  21:17  stap 104050/170000   61%   804 ms/st  nog 14u43m   rekenen/8    --
  21:18  stap 104100/170000   61%   810 ms/st  nog 14u49m   puzzel/5   69%
  21:19  stap 104150/170000   61%   789 ms/st  nog 14u26m   rekenen/3    --
  21:19  stap 104200/170000   61%   791 ms/st  nog 14u27m   rekenen/12   98%
  21:20  stap 104250/170000   61%   780 ms/st  nog 14u15m   code/2    --
  21:20  stap 104300/170000   61%   766 ms/st  nog 13u58m   code/1   25%
  21:21  stap 104350/170000   61%   752 ms/st  nog 13u42m   code/2    --
  21:21  stap 104400/170000   61%   758 ms/st  nog 13u48m   code/5   98%
  21:22  stap 104450/170000   61%   763 ms/st  nog 13u53m   code/2    --
  21:23  stap 104500/170000   61%   755 ms/st  nog 13u44m   rekenen/12   94%
=== poging 1 — 21:23:37 ===
  geheugen terug: 20,000 herinneringen
HERVAT bij stap 104001. Vorige keer eindigde met 'incident', 1 minuten geleden.
========================================================================
Leven in de wereld
========================================================================
14,368,528 parameters op cuda
170000 stappen, herhaling 37.5%, wereld open tot diepte 17
proefwerk elke 500 stappen, 150 opgaven per stuk

  stap     0 | diepte  35%  diepte2  67%  gemengd  63%  grondslag  62%  ladder  89%
  21:24  stap 104050/170000   61%   863 ms/st  nog 15u48m   rekenen/8    --
  21:25  stap 104100/170000   61%   989 ms/st  nog 18u06m   puzzel/5   66%
  21:26  stap 104150/170000   61%   943 ms/st  nog 17u14m   rekenen/3    --
  21:27  stap 104200/170000   61%   972 ms/st  nog 17u45m   rekenen/12   98%
  21:28  stap 104250/170000   61%   972 ms/st  nog 17u45m   code/2    --
  21:29  stap 104300/170000   61%   968 ms/st  nog 17u39m   code/1   25%
  21:29  stap 104350/170000   61%   957 ms/st  nog 17u26m   code/2    --
  21:30  stap 104400/170000   61%   984 ms/st  nog 17u56m   code/4   86%
  21:31  stap 104450/170000   61%   994 ms/st  nog 18u06m   code/2    --
  21:32  stap 104500/170000   61%   994 ms/st  nog 18u04m   rekenen/12   98%
=== poging 1 — 21:33:01 ===
  geheugen terug: 20,000 herinneringen
HERVAT bij stap 104001. Vorige keer eindigde met 'incident', 1 minuten geleden.
========================================================================
Leven in de wereld
========================================================================
14,368,528 parameters op cuda
170000 stappen, herhaling 37.5%, wereld open tot diepte 17
proefwerk elke 500 stappen, 150 opgaven per stuk

  stap     0 | diepte  35%  diepte2  67%  gemengd  63%  grondslag  62%  ladder  89%
  21:34  stap 104050/170000   61%   917 ms/st  nog 16u47m   rekenen/9    --
  21:35  stap 104100/170000   61%  1011 ms/st  nog 18u30m   rekenen/6   97%
  21:36  stap 104150/170000   61%  1016 ms/st  nog 18u35m   puzzel/4    --
  21:37  stap 104200/170000   61%  1045 ms/st  nog 19u05m   rekenen/13   97%
  21:38  stap 104250/170000   61%  1036 ms/st  nog 18u55m   code/4    --
  21:38  stap 104300/170000   61%  1029 ms/st  nog 18u46m   rekenen/2  100%
  21:39  stap 104350/170000   61%  1019 ms/st  nog 18u35m   code/4    --
  21:40  stap 104400/170000   61%  1043 ms/st  nog 19u00m   rekenen/5   98%
  21:41  stap 104450/170000   61%  1053 ms/st  nog 19u09m   rekenen/2    --
  21:42  stap 104500/170000   61%  1052 ms/st  nog 19u08m   rekenen/13   94%
  stap 104500 | diepte  36%  diepte2  69%  gemengd  63%  grondslag  61%  ladder  89%   | diepte tot 17 | 5 ms/stap
  21:44  stap 104550/170000   62%  1129 ms/st  nog 20u31m   rekenen/8    --
  21:44  stap 104600/170000   62%  1123 ms/st  nog 20u23m   rekenen/12   98%
  21:45  stap 104650/170000   62%  1125 ms/st  nog 20u25m   code/6    --
  21:46  stap 104700/170000   62%  1127 ms/st  nog 20u26m   rekenen/8  100%
  21:47  stap 104750/170000   62%  1119 ms/st  nog 20u16m   puzzel/2    --
  21:48  stap 104800/170000   62%  1117 ms/st  nog 20u13m   puzzel/3   92%
  21:49  stap 104850/170000   62%  1109 ms/st  nog 20u04m   rekenen/5    --
  21:50  stap 104900/170000   62%  1103 ms/st  nog 19u56m   code/1  100%
  21:51  stap 104950/170000   62%  1098 ms/st  nog 19u50m   rekenen/16    --
  21:52  stap 105000/170000   62%  1098 ms/st  nog 19u49m   rekenen/14   98%
  stap 105000 | diepte  37%  diepte2  69%  gemengd  65%  grondslag  61%  ladder  88%   | diepte tot 17 | 11 ms/stap
  21:53  stap 105050/170000   62%  1135 ms/st  nog 20u28m   rekenen/7    --
  21:54  stap 105100/170000   62%  1133 ms/st  nog 20u25m   rekenen/2  100%
  21:55  stap 105150/170000   62%  1131 ms/st  nog 20u22m   code/7    --
  21:56  stap 105200/170000   62%  1126 ms/st  nog 20u16m   code/5   98%
  21:57  stap 105250/170000   62%  1119 ms/st  nog 20u07m   rekenen/8    --
  21:57  stap 105300/170000   62%  1118 ms/st  nog 20u05m   rekenen/1  100%
  21:58  stap 105350/170000   62%  1118 ms/st  nog 20u04m   code/6    --
  21:59  stap 105400/170000   62%  1114 ms/st  nog 19u59m   rekenen/11   97%
  22:00  stap 105450/170000   62%  1111 ms/st  nog 19u55m   rekenen/4    --
  22:01  stap 105500/170000   62%  1110 ms/st  nog 19u53m   rekenen/8   98%
  stap 105500 | diepte  37%  diepte2  69%  gemengd  63%  grondslag  59%  ladder  88%   | diepte tot 17 | 16 ms/stap
  22:03  stap 105550/170000   62%  1138 ms/st  nog 20u22m   puzzel/2    --
  22:04  stap 105600/170000   62%  1138 ms/st  nog 20u21m   rekenen/2  100%
  22:04  stap 105650/170000   62%  1135 ms/st  nog 20u17m   rekenen/13    --
  22:05  stap 105700/170000   62%  1129 ms/st  nog 20u10m   rekenen/12  100%
=== poging 1 — 22:06:21 ===
  geheugen terug: 20,000 herinneringen
HERVAT bij stap 105501. Vorige keer eindigde met 'incident', 0 minuten geleden.
========================================================================
Leven in de wereld
========================================================================
14,368,528 parameters op cuda
170000 stappen, herhaling 37.5%, wereld open tot diepte 17
proefwerk elke 500 stappen, 150 opgaven per stuk

  stap     0 | diepte  37%  diepte2  69%  gemengd  63%  grondslag  59%  ladder  88%
  22:07  stap 105550/170000   62%  1087 ms/st  nog 19u27m   code/3    --
  22:09  stap 105600/170000   62%  1168 ms/st  nog 20u53m   rekenen/2  100%
  22:09  stap 105650/170000   62%  1137 ms/st  nog 20u18m   rekenen/12    --
  22:10  stap 105700/170000   62%  1094 ms/st  nog 19u32m   rekenen/11   97%
  22:11  stap 105750/170000   62%  1077 ms/st  nog 19u13m   puzzel/4    --
  22:12  stap 105800/170000   62%  1077 ms/st  nog 19u12m   rekenen/8  100%
  22:13  stap 105850/170000   62%  1085 ms/st  nog 19u19m   code/8    --
  22:14  stap 105900/170000   62%  1088 ms/st  nog 19u22m   puzzel/2  100%
  22:15  stap 105950/170000   62%  1084 ms/st  nog 19u17m   rekenen/17    --
  22:16  stap 106000/170000   62%  1081 ms/st  nog 19u12m   code/5   92%
  stap 106000 | diepte  39%  diepte2  69%  gemengd  72%  grondslag  66%  ladder  89%   | diepte tot 17 | 5 ms/stap
  22:17  stap 106050/170000   62%  1145 ms/st  nog 20u20m   rekenen/4    --
  22:18  stap 106100/170000   62%  1138 ms/st  nog 20u12m   code/5   89%
  22:19  stap 106150/170000   62%  1128 ms/st  nog 20u00m   puzzel/4    --
  22:20  stap 106200/170000   62%  1129 ms/st  nog 20u00m   rekenen/4  100%
  22:21  stap 106250/170000   62%  1115 ms/st  nog 19u44m   code/8    --
  22:21  stap 106300/170000   63%  1112 ms/st  nog 19u41m   rekenen/13  100%
  22:22  stap 106350/170000   63%  1104 ms/st  nog 19u30m   code/1    --
  22:23  stap 106400/170000   63%  1094 ms/st  nog 19u19m   puzzel/2  100%
  22:24  stap 106450/170000   63%  1090 ms/st  nog 19u14m   puzzel/4    --
  22:25  stap 106500/170000   63%  1089 ms/st  nog 19u12m   rekenen/13   95%
  stap 106500 | diepte  37%  diepte2  67%  gemengd  72%  grondslag  68%  ladder  90%   | diepte tot 17 | 11 ms/stap
  22:26  stap 106550/170000   63%  1121 ms/st  nog 19u45m   puzzel/4    --
  22:27  stap 106600/170000   63%  1117 ms/st  nog 19u40m   rekenen/5   98%
  22:28  stap 106650/170000   63%  1116 ms/st  nog 19u38m   rekenen/12    --
  22:29  stap 106700/170000   63%  1111 ms/st  nog 19u31m   rekenen/6  100%
  22:30  stap 106750/170000   63%  1104 ms/st  nog 19u24m   puzzel/3    --
  22:30  stap 106800/170000   63%  1101 ms/st  nog 19u19m   rekenen/13   98%
  22:31  stap 106850/170000   63%  1097 ms/st  nog 19u14m   code/5    --
  22:32  stap 106900/170000   63%  1094 ms/st  nog 19u10m   code/3  100%
  22:33  stap 106950/170000   63%  1091 ms/st  nog 19u06m   code/7    --
  22:34  stap 107000/170000   63%  1095 ms/st  nog 19u09m   code/8   98%
  stap 107000 | diepte  40%  diepte2  67%  gemengd  72%  grondslag  71%  ladder  89%   | diepte tot 17 | 16 ms/stap
  22:35  stap 107050/170000   63%  1116 ms/st  nog 19u31m   rekenen/14    --
  22:36  stap 107100/170000   63%  1116 ms/st  nog 19u29m   rekenen/17   91%
  22:37  stap 107150/170000   63%  1111 ms/st  nog 19u23m   rekenen/1    --
  22:38  stap 107200/170000   63%  1108 ms/st  nog 19u20m   rekenen/10   98%
  22:39  stap 107250/170000   63%  1109 ms/st  nog 19u19m   rekenen/17    --
  22:40  stap 107300/170000   63%  1106 ms/st  nog 19u15m   code/5   91%
  22:41  stap 107350/170000   63%  1103 ms/st  nog 19u11m   rekenen/16    --
  22:41  stap 107400/170000   63%  1101 ms/st  nog 19u09m   rekenen/7   97%
  22:42  stap 107450/170000   63%  1098 ms/st  nog 19u05m   rekenen/12    --
  22:43  stap 107500/170000   63%  1096 ms/st  nog 19u01m   rekenen/3  100%
  stap 107500 | diepte  36%  diepte2  68%  gemengd  72%  grondslag  69%  ladder  89%   | diepte tot 17 | 21 ms/stap
  22:45  stap 107550/170000   63%  1117 ms/st  nog 19u22m   code/1    --
  22:46  stap 107600/170000   63%  1114 ms/st  nog 19u18m   rekenen/10   95%
  22:46  stap 107650/170000   63%  1110 ms/st  nog 19u13m   code/6    --
  22:47  stap 107700/170000   63%  1108 ms/st  nog 19u10m   puzzel/1   98%
  22:48  stap 107750/170000   63%  1108 ms/st  nog 19u09m   rekenen/14    --
  22:49  stap 107800/170000   63%  1106 ms/st  nog 19u06m   code/6   94%
  22:50  stap 107850/170000   63%  1105 ms/st  nog 19u04m   rekenen/2    --
  22:51  stap 107900/170000   63%  1101 ms/st  nog 18u59m   rekenen/7   98%
  22:51  stap 107950/170000   64%  1099 ms/st  nog 18u56m   rekenen/17    --
  22:52  stap 108000/170000   64%  1100 ms/st  nog 18u56m   rekenen/12   98%
  stap 108000 | diepte  36%  diepte2  69%  gemengd  75%  grondslag  73%  ladder  90%   | diepte tot 17 | 26 ms/stap
  22:54  stap 108050/170000   64%  1113 ms/st  nog 19u09m   rekenen/4    --
  22:55  stap 108100/170000   64%  1114 ms/st  nog 19u09m   rekenen/6  100%
  22:56  stap 108150/170000   64%  1111 ms/st  nog 19u05m   rekenen/6    --
  22:57  stap 108200/170000   64%  1110 ms/st  nog 19u03m   code/8   95%
  22:57  stap 108250/170000   64%  1109 ms/st  nog 19u01m   code/3    --
  22:58  stap 108300/170000   64%  1110 ms/st  nog 19u01m   puzzel/4   89%
  22:59  stap 108350/170000   64%  1109 ms/st  nog 18u59m   rekenen/3    --
  23:00  stap 108400/170000   64%  1107 ms/st  nog 18u56m   puzzel/2   98%
  23:01  stap 108450/170000   64%  1103 ms/st  nog 18u51m   rekenen/6    --
  23:02  stap 108500/170000   64%  1105 ms/st  nog 18u52m   rekenen/8   98%
  stap 108500 | diepte  41%  diepte2  69%  gemengd  73%  grondslag  69%  ladder  89%   | diepte tot 17 | 31 ms/stap
  23:03  stap 108550/170000   64%  1117 ms/st  nog 19u03m   code/1    --
  23:04  stap 108600/170000   64%  1117 ms/st  nog 19u03m   rekenen/1  100%
  23:05  stap 108650/170000   64%  1115 ms/st  nog 19u00m   puzzel/3    --
  23:06  stap 108700/170000   64%  1114 ms/st  nog 18u58m   rekenen/4  100%
  23:07  stap 108750/170000   64%  1112 ms/st  nog 18u55m   code/3    --
  23:08  stap 108800/170000   64%  1112 ms/st  nog 18u54m   puzzel/1  100%
  23:09  stap 108850/170000   64%  1112 ms/st  nog 18u52m   rekenen/11    --
  23:09  stap 108900/170000   64%  1109 ms/st  nog 18u49m   rekenen/4  100%
  23:10  stap 108950/170000   64%  1107 ms/st  nog 18u45m   rekenen/7    --
  23:11  stap 109000/170000   64%  1106 ms/st  nog 18u43m   puzzel/3   97%
  stap 109000 | diepte  35%  diepte2  67%  gemengd  73%  grondslag  71%  ladder  90%   | diepte tot 17 | 36 ms/stap
  23:13  stap 109050/170000   64%  1115 ms/st  nog 18u52m   puzzel/3    --
  23:13  stap 109100/170000   64%  1115 ms/st  nog 18u51m   rekenen/5  100%
  23:14  stap 109150/170000   64%  1114 ms/st  nog 18u49m   rekenen/6    --
  23:15  stap 109200/170000   64%  1113 ms/st  nog 18u47m   code/1  100%
  23:16  stap 109250/170000   64%  1110 ms/st  nog 18u44m   code/5    --
  23:17  stap 109300/170000   64%  1110 ms/st  nog 18u43m   code/3  100%
  23:18  stap 109350/170000   64%  1108 ms/st  nog 18u40m   puzzel/3    --
  23:19  stap 109400/170000   64%  1108 ms/st  nog 18u39m   puzzel/3   98%
  23:19  stap 109450/170000   64%  1107 ms/st  nog 18u37m   puzzel/2    --
  23:20  stap 109500/170000   64%  1107 ms/st  nog 18u36m   rekenen/10   97%
  stap 109500 | diepte  44%  diepte2  69%  gemengd  74%  grondslag  71%  ladder  89%   | diepte tot 17 | 41 ms/stap
  23:22  stap 109550/170000   64%  1116 ms/st  nog 18u44m   rekenen/8    --
  23:23  stap 109600/170000   64%  1115 ms/st  nog 18u42m   rekenen/2  100%
  23:24  stap 109650/170000   64%  1114 ms/st  nog 18u40m   rekenen/15    --
  23:24  stap 109700/170000   65%  1113 ms/st  nog 18u38m   code/4   98%
  23:25  stap 109750/170000   65%  1112 ms/st  nog 18u36m   rekenen/14    --
  23:26  stap 109800/170000   65%  1111 ms/st  nog 18u34m   code/2  100%
  23:27  stap 109850/170000   65%  1111 ms/st  nog 18u33m   rekenen/12    --
  23:28  stap 109900/170000   65%  1109 ms/st  nog 18u31m   code/8   95%
  23:29  stap 109950/170000   65%  1108 ms/st  nog 18u29m   rekenen/12    --
  23:30  stap 110000/170000   65%  1109 ms/st  nog 18u28m   code/6   97%
  stap 110000 | diepte  41%  diepte2  69%  gemengd  74%  grondslag  69%  ladder  87%   | diepte tot 17 | 46 ms/stap
  23:31  stap 110050/170000   65%  1118 ms/st  nog 18u37m   code/3    --
  23:32  stap 110100/170000   65%  1117 ms/st  nog 18u35m   puzzel/3   97%
  23:33  stap 110150/170000   65%  1116 ms/st  nog 18u33m   code/4    --
  23:34  stap 110200/170000   65%  1116 ms/st  nog 18u32m   rekenen/16   94%
  23:35  stap 110250/170000   65%  1116 ms/st  nog 18u30m   rekenen/1    --
  23:36  stap 110300/170000   65%  1115 ms/st  nog 18u29m   rekenen/3   98%
  23:37  stap 110350/170000   65%  1114 ms/st  nog 18u27m   rekenen/17    --
  23:38  stap 110400/170000   65%  1114 ms/st  nog 18u26m   rekenen/6  100%
  23:38  stap 110450/170000   65%  1114 ms/st  nog 18u25m   puzzel/5    --
  23:39  stap 110500/170000   65%  1114 ms/st  nog 18u24m   code/8   95%
  stap 110500 | diepte  42%  diepte2  69%  gemengd  73%  grondslag  71%  ladder  89%   | diepte tot 17 | 51 ms/stap
  23:41  stap 110550/170000   65%  1120 ms/st  nog 18u29m   code/1    --
  23:42  stap 110600/170000   65%  1120 ms/st  nog 18u28m   puzzel/3   98%
  23:43  stap 110650/170000   65%  1119 ms/st  nog 18u26m   rekenen/13    --
  23:43  stap 110700/170000   65%  1118 ms/st  nog 18u25m   puzzel/3   98%
  23:44  stap 110750/170000   65%  1118 ms/st  nog 18u24m   rekenen/16    --
  23:45  stap 110800/170000   65%  1116 ms/st  nog 18u21m   rekenen/9   98%
  23:46  stap 110850/170000   65%  1115 ms/st  nog 18u19m   rekenen/7    --
  23:47  stap 110900/170000   65%  1114 ms/st  nog 18u17m   rekenen/1  100%
  23:48  stap 110950/170000   65%  1114 ms/st  nog 18u15m   code/1    --
  23:49  stap 111000/170000   65%  1113 ms/st  nog 18u14m   rekenen/14   92%
  stap 111000 | diepte  39%  diepte2  69%  gemengd  76%  grondslag  73%  ladder  90%   | diepte tot 17 | 55 ms/stap
  23:50  stap 111050/170000   65%  1118 ms/st  nog 18u18m   rekenen/11    --
  23:51  stap 111100/170000   65%  1117 ms/st  nog 18u16m   code/8   97%
  23:52  stap 111150/170000   65%  1117 ms/st  nog 18u15m   rekenen/11    --
  23:53  stap 111200/170000   65%  1116 ms/st  nog 18u13m   rekenen/14  100%
  23:53  stap 111250/170000   65%  1116 ms/st  nog 18u12m   rekenen/2    --
  23:54  stap 111300/170000   65%  1114 ms/st  nog 18u09m   rekenen/15   88%
  23:55  stap 111350/170000   66%  1113 ms/st  nog 18u08m   rekenen/4    --
  23:56  stap 111400/170000   66%  1113 ms/st  nog 18u07m   rekenen/15   95%
  23:57  stap 111450/170000   66%  1112 ms/st  nog 18u04m   puzzel/2    --
  23:58  stap 111500/170000   66%  1112 ms/st  nog 18u04m   rekenen/17   89%
  stap 111500 | diepte  35%  diepte2  68%  gemengd  72%  grondslag  68%  ladder  89%   | diepte tot 17 | 60 ms/stap
  23:59  stap 111550/170000   66%  1118 ms/st  nog 18u09m   code/2    --
  00:00  stap 111600/170000   66%  1117 ms/st  nog 18u07m   puzzel/4   89%
  00:01  stap 111650/170000   66%  1116 ms/st  nog 18u04m   rekenen/14    --
  00:02  stap 111700/170000   66%  1115 ms/st  nog 18u03m   rekenen/3  100%
  00:03  stap 111750/170000   66%  1115 ms/st  nog 18u02m   code/4    --
  00:04  stap 111800/170000   66%  1114 ms/st  nog 18u00m   rekenen/3   98%
  00:04  stap 111850/170000   66%  1113 ms/st  nog 17u59m   code/2    --
  00:05  stap 111900/170000   66%  1113 ms/st  nog 17u57m   rekenen/8  100%
  00:06  stap 111950/170000   66%  1111 ms/st  nog 17u55m   rekenen/10    --
  00:07  stap 112000/170000   66%  1111 ms/st  nog 17u53m   rekenen/13   94%
  stap 112000 | diepte  40%  diepte2  69%  gemengd  73%  grondslag  70%  ladder  87%   | diepte tot 17 | 65 ms/stap
  00:08  stap 112050/170000   66%  1117 ms/st  nog 17u58m   rekenen/5    --
  00:09  stap 112100/170000   66%  1116 ms/st  nog 17u56m   code/1  100%
  00:10  stap 112150/170000   66%  1115 ms/st  nog 17u54m   rekenen/15    --
  00:11  stap 112200/170000   66%  1113 ms/st  nog 17u52m   rekenen/7  100%
  00:12  stap 112250/170000   66%  1114 ms/st  nog 17u51m   rekenen/9    --
  00:13  stap 112300/170000   66%  1113 ms/st  nog 17u50m   code/4  100%
  00:14  stap 112350/170000   66%  1113 ms/st  nog 17u49m   code/8    --
  00:14  stap 112400/170000   66%  1112 ms/st  nog 17u47m   code/6  100%
  00:15  stap 112450/170000   66%  1111 ms/st  nog 17u46m   puzzel/1    --
  00:16  stap 112500/170000   66%  1110 ms/st  nog 17u43m   rekenen/14   97%
  stap 112500 | diepte  35%  diepte2  69%  gemengd  67%  grondslag  65%  ladder  89%   | diepte tot 17 | 69 ms/stap
  00:18  stap 112550/170000   66%  1115 ms/st  nog 17u48m   puzzel/1    --
  00:19  stap 112600/170000   66%  1115 ms/st  nog 17u47m   rekenen/11  100%
  00:19  stap 112650/170000   66%  1113 ms/st  nog 17u44m   rekenen/4    --
  00:20  stap 112700/170000   66%  1113 ms/st  nog 17u42m   rekenen/13  100%
  00:21  stap 112750/170000   66%  1112 ms/st  nog 17u41m   puzzel/4    --
  00:22  stap 112800/170000   66%  1111 ms/st  nog 17u39m   code/8  100%
  00:23  stap 112850/170000   66%  1111 ms/st  nog 17u37m   rekenen/10    --
  00:23  stap 112900/170000   66%  1110 ms/st  nog 17u36m   rekenen/9   98%
  00:24  stap 112950/170000   66%  1109 ms/st  nog 17u34m   rekenen/17    --
  00:25  stap 113000/170000   66%  1109 ms/st  nog 17u33m   rekenen/14   97%
  stap 113000 | diepte  36%  diepte2  69%  gemengd  71%  grondslag  71%  ladder  89%   | diepte tot 17 | 74 ms/stap
  00:27  stap 113050/170000   66%  1113 ms/st  nog 17u36m   rekenen/5    --
  00:28  stap 113100/170000   67%  1113 ms/st  nog 17u35m   rekenen/4  100%
  00:28  stap 113150/170000   67%  1113 ms/st  nog 17u34m   rekenen/17    --
  00:29  stap 113200/170000   67%  1112 ms/st  nog 17u32m   code/3  100%
  00:30  stap 113250/170000   67%  1112 ms/st  nog 17u31m   rekenen/17    --
  00:31  stap 113300/170000   67%  1112 ms/st  nog 17u31m   puzzel/3  100%
  00:32  stap 113350/170000   67%  1111 ms/st  nog 17u28m   code/2    --
  00:33  stap 113400/170000   67%  1109 ms/st  nog 17u26m   rekenen/3  100%
  00:33  stap 113450/170000   67%  1109 ms/st  nog 17u24m   puzzel/1    --
  00:34  stap 113500/170000   67%  1108 ms/st  nog 17u23m   code/7   92%
  stap 113500 | diepte  30%  diepte2  67%  gemengd  72%  grondslag  67%  ladder  89%   | diepte tot 17 | 78 ms/stap
  00:36  stap 113550/170000   67%  1113 ms/st  nog 17u27m   rekenen/17    --
  00:37  stap 113600/170000   67%  1113 ms/st  nog 17u26m   rekenen/6  100%
  00:38  stap 113650/170000   67%  1112 ms/st  nog 17u24m   rekenen/5    --
  00:38  stap 113700/170000   67%  1111 ms/st  nog 17u22m   rekenen/6  100%
  00:39  stap 113750/170000   67%  1111 ms/st  nog 17u21m   code/1    --
  00:40  stap 113800/170000   67%  1110 ms/st  nog 17u19m   rekenen/6  100%
  00:41  stap 113850/170000   67%  1110 ms/st  nog 17u18m   rekenen/2    --
  00:42  stap 113900/170000   67%  1110 ms/st  nog 17u17m   rekenen/5  100%
  00:43  stap 113950/170000   67%  1109 ms/st  nog 17u15m   rekenen/2    --
  00:44  stap 114000/170000   67%  1108 ms/st  nog 17u14m   rekenen/5  100%
  stap 114000 | diepte  35%  diepte2  66%  gemengd  71%  grondslag  69%  ladder  90%   | diepte tot 17 | 83 ms/stap
  00:45  stap 114050/170000   67%  1113 ms/st  nog 17u17m   code/5    --
  00:46  stap 114100/170000   67%  1113 ms/st  nog 17u16m   puzzel/5   94%
  00:47  stap 114150/170000   67%  1112 ms/st  nog 17u15m   rekenen/8    --
  00:48  stap 114200/170000   67%  1112 ms/st  nog 17u13m   rekenen/7  100%
  00:49  stap 114250/170000   67%  1111 ms/st  nog 17u12m   rekenen/5    --
  00:49  stap 114300/170000   67%  1111 ms/st  nog 17u11m   rekenen/16   95%
  00:50  stap 114350/170000   67%  1110 ms/st  nog 17u09m   code/5    --
  00:51  stap 114400/170000   67%  1109 ms/st  nog 17u07m   rekenen/10   98%
  00:52  stap 114450/170000   67%  1109 ms/st  nog 17u06m   puzzel/4    --
  00:53  stap 114500/170000   67%  1108 ms/st  nog 17u05m   rekenen/16   88%
  stap 114500 | diepte  33%  diepte2  68%  gemengd  69%  grondslag  69%  ladder  89%   | diepte tot 17 | 87 ms/stap
  00:54  stap 114550/170000   67%  1112 ms/st  nog 17u07m   rekenen/17    --
  00:55  stap 114600/170000   67%  1112 ms/st  nog 17u06m   rekenen/11   95%
  00:56  stap 114650/170000   67%  1111 ms/st  nog 17u04m   code/1    --
  00:57  stap 114700/170000   67%  1111 ms/st  nog 17u04m   code/8   97%
  00:58  stap 114750/170000   68%  1111 ms/st  nog 17u02m   rekenen/7    --
  00:59  stap 114800/170000   68%  1111 ms/st  nog 17u01m   rekenen/6  100%
  00:59  stap 114850/170000   68%  1109 ms/st  nog 16u59m   rekenen/16    --
  01:00  stap 114900/170000   68%  1109 ms/st  nog 16u58m   code/8  100%
  01:01  stap 114950/170000   68%  1109 ms/st  nog 16u57m   rekenen/16    --
  01:02  stap 115000/170000   68%  1108 ms/st  nog 16u56m   puzzel/1  100%
  stap 115000 | diepte  34%  diepte2  70%  gemengd  72%  grondslag  67%  ladder  89%   | diepte tot 17 | 92 ms/stap
  01:04  stap 115050/170000   68%  1112 ms/st  nog 16u58m   code/7    --
  01:04  stap 115100/170000   68%  1112 ms/st  nog 16u57m   rekenen/7   98%
  01:05  stap 115150/170000   68%  1111 ms/st  nog 16u55m   rekenen/11    --
  01:06  stap 115200/170000   68%  1111 ms/st  nog 16u54m   puzzel/3   98%
  01:07  stap 115250/170000   68%  1111 ms/st  nog 16u53m   puzzel/4    --
  01:08  stap 115300/170000   68%  1110 ms/st  nog 16u51m   rekenen/10   98%
  01:09  stap 115350/170000   68%  1110 ms/st  nog 16u50m   rekenen/11    --
  01:10  stap 115400/170000   68%  1110 ms/st  nog 16u49m   puzzel/4   92%
  01:10  stap 115450/170000   68%  1108 ms/st  nog 16u47m   rekenen/11    --
  01:11  stap 115500/170000   68%  1108 ms/st  nog 16u46m   rekenen/7   95%
  stap 115500 | diepte  33%  diepte2  67%  gemengd  74%  grondslag  75%  ladder  89%   | diepte tot 17 | 96 ms/stap
  01:13  stap 115550/170000   68%  1111 ms/st  nog 16u48m   code/2    --
  01:14  stap 115600/170000   68%  1111 ms/st  nog 16u47m   rekenen/10  100%
  01:14  stap 115650/170000   68%  1111 ms/st  nog 16u46m   code/6    --
  01:15  stap 115700/170000   68%  1110 ms/st  nog 16u44m   code/2  100%
  01:16  stap 115750/170000   68%  1109 ms/st  nog 16u43m   puzzel/3    --
  01:17  stap 115800/170000   68%  1109 ms/st  nog 16u41m   rekenen/5  100%
  01:18  stap 115850/170000   68%  1108 ms/st  nog 16u40m   puzzel/1    --
  01:19  stap 115900/170000   68%  1108 ms/st  nog 16u39m   code/8   95%
  01:20  stap 115950/170000   68%  1108 ms/st  nog 16u38m   puzzel/1    --
  01:20  stap 116000/170000   68%  1108 ms/st  nog 16u36m   code/1  100%
  stap 116000 | diepte  34%  diepte2  70%  gemengd  75%  grondslag  71%  ladder  89%   | diepte tot 17 | 101 ms/stap
  01:22  stap 116050/170000   68%  1111 ms/st  nog 16u38m   code/3    --
  01:23  stap 116100/170000   68%  1111 ms/st  nog 16u37m   puzzel/4   92%
  01:24  stap 116150/170000   68%  1110 ms/st  nog 16u36m   rekenen/1    --
  01:24  stap 116200/170000   68%  1110 ms/st  nog 16u35m   code/1  100%
  01:25  stap 116250/170000   68%  1109 ms/st  nog 16u33m   puzzel/2    --
  01:26  stap 116300/170000   68%  1109 ms/st  nog 16u32m   code/1  100%
  01:27  stap 116350/170000   68%  1109 ms/st  nog 16u31m   rekenen/12    --
  01:28  stap 116400/170000   68%  1108 ms/st  nog 16u29m   puzzel/1  100%
  01:29  stap 116450/170000   68%  1108 ms/st  nog 16u28m   code/1    --
  01:30  stap 116500/170000   69%  1107 ms/st  nog 16u27m   rekenen/6  100%
  stap 116500 | diepte  35%  diepte2  68%  gemengd  74%  grondslag  71%  ladder  89%   | diepte tot 17 | 105 ms/stap
  01:31  stap 116550/170000   69%  1110 ms/st  nog 16u29m   rekenen/12    --
  01:32  stap 116600/170000   69%  1110 ms/st  nog 16u28m   rekenen/8  100%
  01:33  stap 116650/170000   69%  1110 ms/st  nog 16u27m   code/3    --
  01:34  stap 116700/170000   69%  1110 ms/st  nog 16u25m   rekenen/1  100%
  01:35  stap 116750/170000   69%  1109 ms/st  nog 16u24m   code/4    --
  01:35  stap 116800/170000   69%  1109 ms/st  nog 16u23m   rekenen/8   98%
  01:36  stap 116850/170000   69%  1109 ms/st  nog 16u22m   code/1    --
  01:37  stap 116900/170000   69%  1109 ms/st  nog 16u21m   code/8  100%
  01:38  stap 116950/170000   69%  1109 ms/st  nog 16u20m   code/7    --
  01:39  stap 117000/170000   69%  1108 ms/st  nog 16u18m   code/1  100%
  stap 117000 | diepte  35%  diepte2  69%  gemengd  75%  grondslag  69%  ladder  90%   | diepte tot 17 | 109 ms/stap
  01:40  stap 117050/170000   69%  1111 ms/st  nog 16u20m   code/7    --
  01:41  stap 117100/170000   69%  1111 ms/st  nog 16u19m   code/6  100%
  01:42  stap 117150/170000   69%  1110 ms/st  nog 16u18m   puzzel/5    --
  01:43  stap 117200/170000   69%  1110 ms/st  nog 16u16m   rekenen/9   98%
  01:44  stap 117250/170000   69%  1109 ms/st  nog 16u15m   puzzel/2    --
  01:45  stap 117300/170000   69%  1109 ms/st  nog 16u14m   rekenen/6  100%
  01:45  stap 117350/170000   69%  1108 ms/st  nog 16u12m   rekenen/8    --
  01:46  stap 117400/170000   69%  1108 ms/st  nog 16u11m   rekenen/7  100%
  01:47  stap 117450/170000   69%  1107 ms/st  nog 16u09m   puzzel/4    --
  01:48  stap 117500/170000   69%  1107 ms/st  nog 16u08m   rekenen/2  100%
  stap 117500 | diepte  33%  diepte2  68%  gemengd  74%  grondslag  72%  ladder  89%   | diepte tot 17 | 113 ms/stap
  01:50  stap 117550/170000   69%  1110 ms/st  nog 16u10m   rekenen/1    --
  01:50  stap 117600/170000   69%  1110 ms/st  nog 16u09m   code/7   98%
  01:51  stap 117650/170000   69%  1110 ms/st  nog 16u08m   rekenen/7    --
  01:52  stap 117700/170000   69%  1110 ms/st  nog 16u07m   rekenen/2  100%
  01:53  stap 117750/170000   69%  1109 ms/st  nog 16u05m   puzzel/5    --
  01:54  stap 117800/170000   69%  1108 ms/st  nog 16u04m   rekenen/5  100%
  01:55  stap 117850/170000   69%  1108 ms/st  nog 16u03m   rekenen/2    --
  01:56  stap 117900/170000   69%  1108 ms/st  nog 16u02m   rekenen/16   95%
  01:57  stap 117950/170000   69%  1108 ms/st  nog 16u01m   code/4    --
  01:57  stap 118000/170000   69%  1108 ms/st  nog 16u00m   puzzel/2  100%
  stap 118000 | diepte  33%  diepte2  68%  gemengd  75%  grondslag  71%  ladder  89%   | diepte tot 17 | 118 ms/stap
  01:59  stap 118050/170000   69%  1111 ms/st  nog 16u01m   code/3    --
  02:00  stap 118100/170000   69%  1110 ms/st  nog 16u00m   rekenen/8   98%
  02:01  stap 118150/170000   70%  1110 ms/st  nog 15u58m   rekenen/12    --
  02:01  stap 118200/170000   70%  1109 ms/st  nog 15u57m   code/4   97%
  02:02  stap 118250/170000   70%  1109 ms/st  nog 15u56m   rekenen/13    --
  02:03  stap 118300/170000   70%  1108 ms/st  nog 15u55m   rekenen/2  100%
  02:04  stap 118350/170000   70%  1108 ms/st  nog 15u53m   rekenen/4    --
  02:05  stap 118400/170000   70%  1107 ms/st  nog 15u52m   puzzel/2  100%
  02:05  stap 118450/170000   70%  1106 ms/st  nog 15u50m   code/8    --
  02:06  stap 118500/170000   70%  1106 ms/st  nog 15u49m   puzzel/1  100%
  stap 118500 | diepte  33%  diepte2  69%  gemengd  70%  grondslag  66%  ladder  89%   | diepte tot 17 | 122 ms/stap
  02:08  stap 118550/170000   70%  1109 ms/st  nog 15u51m   code/6    --
  02:09  stap 118600/170000   70%  1109 ms/st  nog 15u50m   rekenen/13   95%
  02:09  stap 118650/170000   70%  1108 ms/st  nog 15u48m   rekenen/2    --
  02:10  stap 118700/170000   70%  1108 ms/st  nog 15u47m   code/6   94%
  02:11  stap 118750/170000   70%  1107 ms/st  nog 15u45m   puzzel/5    --
  02:12  stap 118800/170000   70%  1107 ms/st  nog 15u44m   rekenen/4  100%
  02:13  stap 118850/170000   70%  1106 ms/st  nog 15u43m   rekenen/14    --
  02:14  stap 118900/170000   70%  1106 ms/st  nog 15u42m   rekenen/12   98%
  02:14  stap 118950/170000   70%  1105 ms/st  nog 15u40m   rekenen/15    --
  02:15  stap 119000/170000   70%  1105 ms/st  nog 15u39m   code/1  100%
  stap 119000 | diepte  30%  diepte2  69%  gemengd  73%  grondslag  71%  ladder  90%   | diepte tot 17 | 126 ms/stap
  02:17  stap 119050/170000   70%  1107 ms/st  nog 15u40m   rekenen/12    --
  02:18  stap 119100/170000   70%  1107 ms/st  nog 15u39m   rekenen/5  100%
  02:18  stap 119150/170000   70%  1107 ms/st  nog 15u38m   rekenen/16    --
  02:19  stap 119200/170000   70%  1107 ms/st  nog 15u37m   code/6   94%
  02:20  stap 119250/170000   70%  1107 ms/st  nog 15u36m   puzzel/4    --
  02:21  stap 119300/170000   70%  1106 ms/st  nog 15u34m   code/3  100%
  02:22  stap 119350/170000   70%  1106 ms/st  nog 15u33m   code/5    --
  02:23  stap 119400/170000   70%  1106 ms/st  nog 15u32m   code/4   98%
  02:24  stap 119450/170000   70%  1105 ms/st  nog 15u31m   code/4    --
  02:24  stap 119500/170000   70%  1105 ms/st  nog 15u30m   rekenen/8   98%
  stap 119500 | diepte  36%  diepte2  69%  gemengd  75%  grondslag  70%  ladder  89%   | diepte tot 17 | 130 ms/stap
  02:26  stap 119550/170000   70%  1107 ms/st  nog 15u31m   rekenen/7    --
  02:27  stap 119600/170000   70%  1107 ms/st  nog 15u30m   rekenen/17   94%
  02:28  stap 119650/170000   70%  1107 ms/st  nog 15u28m   rekenen/13    --
  02:29  stap 119700/170000   70%  1107 ms/st  nog 15u27m   rekenen/8  100%
  02:29  stap 119750/170000   70%  1106 ms/st  nog 15u26m   rekenen/13    --
  02:30  stap 119800/170000   70%  1106 ms/st  nog 15u25m   rekenen/14   97%
  02:31  stap 119850/170000   70%  1106 ms/st  nog 15u24m   code/4    --
  02:32  stap 119900/170000   71%  1106 ms/st  nog 15u23m   puzzel/3   98%
  02:33  stap 119950/170000   71%  1106 ms/st  nog 15u22m   rekenen/12    --
  02:34  stap 120000/170000   71%  1105 ms/st  nog 15u21m   rekenen/7  100%
  stap 120000 | diepte  33%  diepte2  71%  gemengd  74%  grondslag  66%  ladder  89%   | diepte tot 17 | 134 ms/stap
  02:35  stap 120050/170000   71%  1108 ms/st  nog 15u22m   rekenen/8    --
  02:36  stap 120100/170000   71%  1108 ms/st  nog 15u21m   rekenen/8  100%
  02:37  stap 120150/170000   71%  1107 ms/st  nog 15u20m   rekenen/2    --
  02:38  stap 120200/170000   71%  1107 ms/st  nog 15u19m   rekenen/17   97%
  02:39  stap 120250/170000   71%  1107 ms/st  nog 15u17m   rekenen/4    --
  02:40  stap 120300/170000   71%  1107 ms/st  nog 15u16m   code/1  100%
  02:41  stap 120350/170000   71%  1107 ms/st  nog 15u15m   code/4    --
  02:41  stap 120400/170000   71%  1107 ms/st  nog 15u14m   rekenen/3   98%
  02:42  stap 120450/170000   71%  1106 ms/st  nog 15u13m   code/8    --
  02:43  stap 120500/170000   71%  1106 ms/st  nog 15u12m   code/5   98%
  stap 120500 | diepte  35%  diepte2  71%  gemengd  74%  grondslag  65%  ladder  89%   | diepte tot 17 | 138 ms/stap
  02:45  stap 120550/170000   71%  1108 ms/st  nog 15u13m   puzzel/5    --
  02:45  stap 120600/170000   71%  1108 ms/st  nog 15u12m   rekenen/3  100%
  02:46  stap 120650/170000   71%  1108 ms/st  nog 15u11m   rekenen/9    --
  02:47  stap 120700/170000   71%  1107 ms/st  nog 15u09m   rekenen/11   97%
  02:48  stap 120750/170000   71%  1107 ms/st  nog 15u08m   rekenen/6    --
  02:49  stap 120800/170000   71%  1107 ms/st  nog 15u07m   code/3  100%
  02:50  stap 120850/170000   71%  1106 ms/st  nog 15u05m   rekenen/4    --
  02:50  stap 120900/170000   71%  1106 ms/st  nog 15u04m   puzzel/2  100%
  02:51  stap 120950/170000   71%  1105 ms/st  nog 15u03m   code/4    --
  02:52  stap 121000/170000   71%  1105 ms/st  nog 15u02m   rekenen/17   94%
  stap 121000 | diepte  35%  diepte2  70%  gemengd  76%  grondslag  69%  ladder  89%   | diepte tot 17 | 142 ms/stap
  02:53  stap 121050/170000   71%  1107 ms/st  nog 15u03m   code/7    --
  02:54  stap 121100/170000   71%  1107 ms/st  nog 15u02m   code/1  100%
  02:55  stap 121150/170000   71%  1107 ms/st  nog 15u01m   rekenen/9    --
  02:56  stap 121200/170000   71%  1107 ms/st  nog 15u00m   rekenen/10   97%
  02:57  stap 121250/170000   71%  1107 ms/st  nog 14u59m   rekenen/14    --
  02:58  stap 121300/170000   71%  1106 ms/st  nog 14u57m   puzzel/1  100%
  02:59  stap 121350/170000   71%  1106 ms/st  nog 14u56m   rekenen/17    --
  02:59  stap 121400/170000   71%  1105 ms/st  nog 14u55m   rekenen/3  100%
  03:00  stap 121450/170000   71%  1105 ms/st  nog 14u54m   code/4    --
  03:01  stap 121500/170000   71%  1106 ms/st  nog 14u53m   code/8   97%
  stap 121500 | diepte  39%  diepte2  70%  gemengd  73%  grondslag  67%  ladder  89%   | diepte tot 17 | 146 ms/stap
  03:03  stap 121550/170000   72%  1108 ms/st  nog 14u54m   code/4    --
  03:04  stap 121600/170000   72%  1107 ms/st  nog 14u53m   code/6  100%
  03:05  stap 121650/170000   72%  1107 ms/st  nog 14u52m   puzzel/5    --
  03:06  stap 121700/170000   72%  1107 ms/st  nog 14u51m   code/1  100%
  03:06  stap 121750/170000   72%  1107 ms/st  nog 14u49m   code/3    --
  03:07  stap 121800/170000   72%  1106 ms/st  nog 14u48m   rekenen/16   95%
  03:08  stap 121850/170000   72%  1106 ms/st  nog 14u47m   code/5    --
  03:09  stap 121900/170000   72%  1106 ms/st  nog 14u46m   rekenen/11  100%
  03:10  stap 121950/170000   72%  1105 ms/st  nog 14u45m   rekenen/3    --
  03:10  stap 122000/170000   72%  1105 ms/st  nog 14u43m   rekenen/2  100%
  stap 122000 | diepte  39%  diepte2  69%  gemengd  75%  grondslag  69%  ladder  89%   | diepte tot 17 | 150 ms/stap
  03:12  stap 122050/170000   72%  1107 ms/st  nog 14u44m   rekenen/9    --
  03:13  stap 122100/170000   72%  1107 ms/st  nog 14u43m   puzzel/5   89%
  03:14  stap 122150/170000   72%  1107 ms/st  nog 14u42m   rekenen/13    --
  03:14  stap 122200/170000   72%  1106 ms/st  nog 14u41m   rekenen/11   97%
  03:15  stap 122250/170000   72%  1106 ms/st  nog 14u40m   rekenen/13    --
  03:16  stap 122300/170000   72%  1106 ms/st  nog 14u39m   rekenen/14   95%
  03:17  stap 122350/170000   72%  1106 ms/st  nog 14u38m   puzzel/1    --
  03:18  stap 122400/170000   72%  1105 ms/st  nog 14u36m   puzzel/1  100%
  03:19  stap 122450/170000   72%  1105 ms/st  nog 14u35m   puzzel/5    --
  03:20  stap 122500/170000   72%  1105 ms/st  nog 14u34m   code/7  100%
  stap 122500 | diepte  34%  diepte2  70%  gemengd  73%  grondslag  67%  ladder  89%   | diepte tot 17 | 154 ms/stap
  03:21  stap 122550/170000   72%  1107 ms/st  nog 14u35m   rekenen/17    --
  03:22  stap 122600/170000   72%  1107 ms/st  nog 14u34m   puzzel/3   98%
  03:23  stap 122650/170000   72%  1107 ms/st  nog 14u33m   rekenen/5    --
  03:24  stap 122700/170000   72%  1107 ms/st  nog 14u32m   puzzel/1  100%
  03:25  stap 122750/170000   72%  1107 ms/st  nog 14u31m   puzzel/2    --
  03:26  stap 122800/170000   72%  1107 ms/st  nog 14u30m   puzzel/5   88%
  03:26  stap 122850/170000   72%  1106 ms/st  nog 14u29m   puzzel/2    --
  03:27  stap 122900/170000   72%  1106 ms/st  nog 14u28m   code/4  100%
  03:28  stap 122950/170000   72%  1106 ms/st  nog 14u26m   code/4    --
  03:29  stap 123000/170000   72%  1105 ms/st  nog 14u25m   rekenen/8   98%
  stap 123000 | diepte  36%  diepte2  70%  gemengd  77%  grondslag  70%  ladder  89%   | diepte tot 17 | 158 ms/stap
  03:30  stap 123050/170000   72%  1107 ms/st  nog 14u26m   rekenen/8    --
  03:31  stap 123100/170000   72%  1107 ms/st  nog 14u25m   rekenen/6  100%
  03:32  stap 123150/170000   72%  1107 ms/st  nog 14u24m   code/2    --
  03:33  stap 123200/170000   72%  1107 ms/st  nog 14u23m   code/2  100%
  03:34  stap 123250/170000   72%  1106 ms/st  nog 14u21m   rekenen/11    --
  03:35  stap 123300/170000   73%  1106 ms/st  nog 14u20m   puzzel/1  100%
  03:36  stap 123350/170000   73%  1106 ms/st  nog 14u19m   code/2    --
  03:36  stap 123400/170000   73%  1106 ms/st  nog 14u18m   rekenen/6   97%
  03:37  stap 123450/170000   73%  1105 ms/st  nog 14u17m   code/5    --
  03:38  stap 123500/170000   73%  1105 ms/st  nog 14u16m   rekenen/7  100%
  stap 123500 | diepte  31%  diepte2  71%  gemengd  75%  grondslag  71%  ladder  89%   | diepte tot 17 | 161 ms/stap
  03:40  stap 123550/170000   73%  1107 ms/st  nog 14u16m   rekenen/5    --
  03:41  stap 123600/170000   73%  1107 ms/st  nog 14u16m   puzzel/5   91%
  03:41  stap 123650/170000   73%  1107 ms/st  nog 14u14m   rekenen/7    --
  03:42  stap 123700/170000   73%  1106 ms/st  nog 14u13m   rekenen/13   94%
  03:43  stap 123750/170000   73%  1106 ms/st  nog 14u12m   puzzel/3    --
  03:44  stap 123800/170000   73%  1106 ms/st  nog 14u11m   rekenen/1  100%
  03:45  stap 123850/170000   73%  1105 ms/st  nog 14u10m   rekenen/13    --
  03:46  stap 123900/170000   73%  1105 ms/st  nog 14u09m   code/8   97%
  03:46  stap 123950/170000   73%  1105 ms/st  nog 14u08m   puzzel/5    --
  03:47  stap 124000/170000   73%  1105 ms/st  nog 14u07m   rekenen/11   98%
  stap 124000 | diepte  35%  diepte2  69%  gemengd  72%  grondslag  67%  ladder  88%   | diepte tot 17 | 165 ms/stap
  03:49  stap 124050/170000   73%  1107 ms/st  nog 14u07m   code/5    --
  03:50  stap 124100/170000   73%  1107 ms/st  nog 14u06m   code/8   98%
  03:50  stap 124150/170000   73%  1106 ms/st  nog 14u05m   rekenen/16    --
  03:51  stap 124200/170000   73%  1106 ms/st  nog 14u04m   rekenen/6  100%
  03:52  stap 124250/170000   73%  1106 ms/st  nog 14u03m   puzzel/1    --
  03:53  stap 124300/170000   73%  1106 ms/st  nog 14u02m   rekenen/11  100%
  03:54  stap 124350/170000   73%  1105 ms/st  nog 14u01m   puzzel/5    --
  03:55  stap 124400/170000   73%  1106 ms/st  nog 14u00m   puzzel/5   91%
  03:56  stap 124450/170000   73%  1105 ms/st  nog 13u59m   code/1    --
  03:56  stap 124500/170000   73%  1105 ms/st  nog 13u57m   rekenen/12   97%
  stap 124500 | diepte  33%  diepte2  69%  gemengd  73%  grondslag  70%  ladder  88%   | diepte tot 17 | 169 ms/stap
  03:58  stap 124550/170000   73%  1107 ms/st  nog 13u58m   code/3    --
  03:59  stap 124600/170000   73%  1107 ms/st  nog 13u57m   puzzel/5   91%
  04:00  stap 124650/170000   73%  1107 ms/st  nog 13u56m   rekenen/15    --
  04:01  stap 124700/170000   73%  1107 ms/st  nog 13u55m   puzzel/5   88%
  04:01  stap 124750/170000   73%  1106 ms/st  nog 13u54m   code/5    --
  04:02  stap 124800/170000   73%  1106 ms/st  nog 13u53m   rekenen/16   94%
  04:03  stap 124850/170000   73%  1106 ms/st  nog 13u52m   code/2    --
  04:04  stap 124900/170000   73%  1106 ms/st  nog 13u51m   rekenen/14   95%
  04:05  stap 124950/170000   74%  1106 ms/st  nog 13u50m   rekenen/7    --
  04:06  stap 125000/170000   74%  1105 ms/st  nog 13u49m   puzzel/3  100%
  stap 125000 | diepte  37%  diepte2  69%  gemengd  74%  grondslag  67%  ladder  90%   | diepte tot 17 | 173 ms/stap
  04:07  stap 125050/170000   74%  1107 ms/st  nog 13u49m   rekenen/12    --
  04:08  stap 125100/170000   74%  1107 ms/st  nog 13u48m   code/1  100%
  04:09  stap 125150/170000   74%  1107 ms/st  nog 13u47m   puzzel/4    --
  04:10  stap 125200/170000   74%  1106 ms/st  nog 13u46m   rekenen/6   97%
  04:11  stap 125250/170000   74%  1106 ms/st  nog 13u44m   rekenen/10    --
  04:12  stap 125300/170000   74%  1106 ms/st  nog 13u43m   rekenen/7  100%
  04:12  stap 125350/170000   74%  1106 ms/st  nog 13u42m   rekenen/11    --
  04:13  stap 125400/170000   74%  1106 ms/st  nog 13u41m   rekenen/1  100%
  04:14  stap 125450/170000   74%  1105 ms/st  nog 13u40m   rekenen/4    --
  04:15  stap 125500/170000   74%  1105 ms/st  nog 13u39m   rekenen/14   95%
  stap 125500 | diepte  37%  diepte2  71%  gemengd  74%  grondslag  68%  ladder  87%   | diepte tot 17 | 176 ms/stap
  04:17  stap 125550/170000   74%  1107 ms/st  nog 13u40m   rekenen/14    --
  04:17  stap 125600/170000   74%  1107 ms/st  nog 13u39m   rekenen/14   94%
  04:18  stap 125650/170000   74%  1107 ms/st  nog 13u38m   code/4    --
  04:19  stap 125700/170000   74%  1106 ms/st  nog 13u36m   rekenen/6  100%
  04:20  stap 125750/170000   74%  1106 ms/st  nog 13u35m   code/7    --
  04:21  stap 125800/170000   74%  1106 ms/st  nog 13u34m   rekenen/14  100%
  04:22  stap 125850/170000   74%  1106 ms/st  nog 13u33m   code/7    --
  04:23  stap 125900/170000   74%  1106 ms/st  nog 13u32m   rekenen/13   97%
  04:23  stap 125950/170000   74%  1105 ms/st  nog 13u31m   rekenen/3    --
  04:24  stap 126000/170000   74%  1105 ms/st  nog 13u30m   rekenen/14   98%
  stap 126000 | diepte  35%  diepte2  70%  gemengd  75%  grondslag  69%  ladder  87%   | diepte tot 17 | 180 ms/stap
  04:26  stap 126050/170000   74%  1107 ms/st  nog 13u30m   rekenen/16    --
  04:26  stap 126100/170000   74%  1107 ms/st  nog 13u29m   code/1  100%
  04:27  stap 126150/170000   74%  1106 ms/st  nog 13u28m   rekenen/1    --
  04:28  stap 126200/170000   74%  1106 ms/st  nog 13u27m   rekenen/16   91%
  04:29  stap 126250/170000   74%  1106 ms/st  nog 13u26m   code/6    --
  04:30  stap 126300/170000   74%  1106 ms/st  nog 13u25m   rekenen/7  100%
  04:31  stap 126350/170000   74%  1106 ms/st  nog 13u24m   puzzel/5    --
  04:32  stap 126400/170000   74%  1106 ms/st  nog 13u23m   rekenen/15   95%
  04:33  stap 126450/170000   74%  1106 ms/st  nog 13u22m   rekenen/4    --
  04:33  stap 126500/170000   74%  1105 ms/st  nog 13u21m   rekenen/1  100%
  stap 126500 | diepte  36%  diepte2  69%  gemengd  73%  grondslag  72%  ladder  88%   | diepte tot 17 | 184 ms/stap
  04:35  stap 126550/170000   74%  1107 ms/st  nog 13u21m   rekenen/10    --
  04:36  stap 126600/170000   74%  1107 ms/st  nog 13u20m   puzzel/3   97%
  04:37  stap 126650/170000   74%  1106 ms/st  nog 13u19m   code/1    --
  04:38  stap 126700/170000   75%  1107 ms/st  nog 13u18m   rekenen/7   97%
  04:38  stap 126750/170000   75%  1106 ms/st  nog 13u17m   code/1    --
  04:39  stap 126800/170000   75%  1106 ms/st  nog 13u16m   code/2  100%
  04:40  stap 126850/170000   75%  1106 ms/st  nog 13u15m   puzzel/4    --
  04:41  stap 126900/170000   75%  1106 ms/st  nog 13u14m   rekenen/7  100%
  04:42  stap 126950/170000   75%  1106 ms/st  nog 13u13m   rekenen/9    --
  04:43  stap 127000/170000   75%  1106 ms/st  nog 13u12m   rekenen/4  100%
  stap 127000 | diepte  37%  diepte2  70%  gemengd  73%  grondslag  70%  ladder  89%   | diepte tot 17 | 187 ms/stap
  04:44  stap 127050/170000   75%  1107 ms/st  nog 13u12m   rekenen/7    --
  04:45  stap 127100/170000   75%  1107 ms/st  nog 13u11m   rekenen/6  100%
  04:46  stap 127150/170000   75%  1107 ms/st  nog 13u10m   rekenen/13    --
  04:47  stap 127200/170000   75%  1107 ms/st  nog 13u09m   puzzel/3   98%
  04:48  stap 127250/170000   75%  1107 ms/st  nog 13u08m   rekenen/8    --
  04:49  stap 127300/170000   75%  1107 ms/st  nog 13u07m   rekenen/6  100%
  04:50  stap 127350/170000   75%  1107 ms/st  nog 13u06m   code/4    --
  04:50  stap 127400/170000   75%  1106 ms/st  nog 13u05m   code/3  100%
  04:51  stap 127450/170000   75%  1106 ms/st  nog 13u04m   rekenen/8    --
  04:52  stap 127500/170000   75%  1106 ms/st  nog 13u03m   rekenen/3  100%
  stap 127500 | diepte  35%  diepte2  71%  gemengd  73%  grondslag  69%  ladder  89%   | diepte tot 17 | 191 ms/stap
  04:54  stap 127550/170000   75%  1108 ms/st  nog 13u03m   rekenen/2    --
  04:54  stap 127600/170000   75%  1107 ms/st  nog 13u02m   rekenen/8  100%
  04:55  stap 127650/170000   75%  1107 ms/st  nog 13u01m   rekenen/13    --
  04:56  stap 127700/170000   75%  1107 ms/st  nog 13u00m   code/5  100%
  04:57  stap 127750/170000   75%  1107 ms/st  nog 12u59m   rekenen/10    --
  04:58  stap 127800/170000   75%  1107 ms/st  nog 12u58m   code/2  100%
  04:59  stap 127850/170000   75%  1107 ms/st  nog 12u57m   rekenen/17    --
  05:00  stap 127900/170000   75%  1106 ms/st  nog 12u56m   rekenen/7  100%
  05:00  stap 127950/170000   75%  1106 ms/st  nog 12u54m   puzzel/4    --
  05:01  stap 128000/170000   75%  1106 ms/st  nog 12u53m   rekenen/11   97%
  stap 128000 | diepte  36%  diepte2  70%  gemengd  70%  grondslag  67%  ladder  88%   | diepte tot 17 | 195 ms/stap
  05:03  stap 128050/170000   75%  1107 ms/st  nog 12u54m   rekenen/16    --
  05:04  stap 128100/170000   75%  1107 ms/st  nog 12u53m   code/5   95%
  05:04  stap 128150/170000   75%  1107 ms/st  nog 12u52m   rekenen/7    --
  05:05  stap 128200/170000   75%  1107 ms/st  nog 12u51m   rekenen/17   91%
  05:06  stap 128250/170000   75%  1107 ms/st  nog 12u50m   code/5    --
  05:07  stap 128300/170000   75%  1106 ms/st  nog 12u48m   rekenen/12  100%
  05:08  stap 128350/170000   76%  1106 ms/st  nog 12u47m   rekenen/13    --
  05:09  stap 128400/170000   76%  1106 ms/st  nog 12u46m   rekenen/17   88%
  05:10  stap 128450/170000   76%  1106 ms/st  nog 12u45m   rekenen/7    --
  05:10  stap 128500/170000   76%  1106 ms/st  nog 12u44m   code/4   97%
  stap 128500 | diepte  35%  diepte2  68%  gemengd  74%  grondslag  66%  ladder  89%   | diepte tot 17 | 198 ms/stap
  05:12  stap 128550/170000   76%  1107 ms/st  nog 12u45m   rekenen/3    --
  05:13  stap 128600/170000   76%  1107 ms/st  nog 12u44m   puzzel/4   92%
  05:14  stap 128650/170000   76%  1107 ms/st  nog 12u43m   code/2    --
  05:15  stap 128700/170000   76%  1107 ms/st  nog 12u42m   puzzel/3   97%
  05:15  stap 128750/170000   76%  1107 ms/st  nog 12u40m   rekenen/3    --
  05:16  stap 128800/170000   76%  1107 ms/st  nog 12u39m   rekenen/8  100%
  05:17  stap 128850/170000   76%  1106 ms/st  nog 12u38m   rekenen/15    --
  05:18  stap 128900/170000   76%  1106 ms/st  nog 12u37m   rekenen/15   95%
  05:19  stap 128950/170000   76%  1106 ms/st  nog 12u36m   rekenen/13    --
  05:20  stap 129000/170000   76%  1106 ms/st  nog 12u35m   rekenen/3  100%
  stap 129000 | diepte  39%  diepte2  69%  gemengd  72%  grondslag  63%  ladder  89%   | diepte tot 17 | 202 ms/stap
  05:21  stap 129050/170000   76%  1107 ms/st  nog 12u35m   rekenen/9    --
  05:22  stap 129100/170000   76%  1107 ms/st  nog 12u34m   rekenen/1  100%
  05:23  stap 129150/170000   76%  1107 ms/st  nog 12u33m   rekenen/16    --
  05:24  stap 129200/170000   76%  1107 ms/st  nog 12u32m   rekenen/9  100%
  05:25  stap 129250/170000   76%  1107 ms/st  nog 12u31m   rekenen/3    --
  05:25  stap 129300/170000   76%  1106 ms/st  nog 12u30m   puzzel/5   89%
  05:26  stap 129350/170000   76%  1106 ms/st  nog 12u29m   code/2    --
  05:27  stap 129400/170000   76%  1106 ms/st  nog 12u28m   rekenen/16   92%
  05:28  stap 129450/170000   76%  1106 ms/st  nog 12u27m   rekenen/13    --
  05:29  stap 129500/170000   76%  1106 ms/st  nog 12u26m   rekenen/6  100%
  stap 129500 | diepte  39%  diepte2  67%  gemengd  73%  grondslag  66%  ladder  89%   | diepte tot 17 | 205 ms/stap
  05:30  stap 129550/170000   76%  1107 ms/st  nog 12u26m   puzzel/3    --
  05:31  stap 129600/170000   76%  1107 ms/st  nog 12u25m   puzzel/1  100%
  05:32  stap 129650/170000   76%  1107 ms/st  nog 12u24m   rekenen/7    --
  05:33  stap 129700/170000   76%  1107 ms/st  nog 12u23m   rekenen/17   86%
  05:34  stap 129750/170000   76%  1107 ms/st  nog 12u22m   code/5    --
  05:35  stap 129800/170000   76%  1106 ms/st  nog 12u21m   rekenen/17   91%
  05:36  stap 129850/170000   76%  1106 ms/st  nog 12u20m   rekenen/6    --
  05:36  stap 129900/170000   76%  1106 ms/st  nog 12u19m   rekenen/5  100%
  05:37  stap 129950/170000   76%  1106 ms/st  nog 12u18m   puzzel/1    --
  05:38  stap 130000/170000   76%  1106 ms/st  nog 12u17m   code/6  100%
  stap 130000 | diepte  38%  diepte2  69%  gemengd  69%  grondslag  67%  ladder  89%   | diepte tot 17 | 209 ms/stap
  05:40  stap 130050/170000   76%  1107 ms/st  nog 12u17m   rekenen/9    --
  05:41  stap 130100/170000   77%  1107 ms/st  nog 12u16m   code/5   98%
  05:41  stap 130150/170000   77%  1107 ms/st  nog 12u15m   rekenen/3    --
  05:42  stap 130200/170000   77%  1107 ms/st  nog 12u14m   rekenen/9  100%
  05:43  stap 130250/170000   77%  1106 ms/st  nog 12u13m   code/2    --
  05:44  stap 130300/170000   77%  1106 ms/st  nog 12u12m   code/6  100%
  05:45  stap 130350/170000   77%  1106 ms/st  nog 12u11m   code/5    --
  05:46  stap 130400/170000   77%  1106 ms/st  nog 12u09m   code/4   83%
  05:46  stap 130450/170000   77%  1106 ms/st  nog 12u08m   code/2    --
  05:47  stap 130500/170000   77%  1106 ms/st  nog 12u08m   rekenen/1  100%
  stap 130500 | diepte  37%  diepte2  71%  gemengd  75%  grondslag  69%  ladder  89%   | diepte tot 17 | 212 ms/stap
  05:49  stap 130550/170000   77%  1107 ms/st  nog 12u08m   rekenen/3    --
  05:50  stap 130600/170000   77%  1107 ms/st  nog 12u07m   rekenen/17   92%
  05:51  stap 130650/170000   77%  1107 ms/st  nog 12u06m   code/2    --
  05:51  stap 130700/170000   77%  1107 ms/st  nog 12u05m   rekenen/11  100%
  05:52  stap 130750/170000   77%  1107 ms/st  nog 12u04m   rekenen/8    --
  05:53  stap 130800/170000   77%  1107 ms/st  nog 12u02m   rekenen/1  100%
  05:54  stap 130850/170000   77%  1106 ms/st  nog 12u01m   code/8    --
  05:55  stap 130900/170000   77%  1106 ms/st  nog 12u00m   rekenen/14   97%
  05:56  stap 130950/170000   77%  1106 ms/st  nog 11u59m   puzzel/3    --
  05:57  stap 131000/170000   77%  1106 ms/st  nog 11u58m   code/8   98%
  stap 131000 | diepte  39%  diepte2  70%  gemengd  73%  grondslag  73%  ladder  89%   | diepte tot 17 | 216 ms/stap
  05:58  stap 131050/170000   77%  1107 ms/st  nog 11u58m   rekenen/5    --
  05:59  stap 131100/170000   77%  1107 ms/st  nog 11u57m   rekenen/14   98%
  06:00  stap 131150/170000   77%  1107 ms/st  nog 11u56m   rekenen/11    --
  06:01  stap 131200/170000   77%  1107 ms/st  nog 11u55m   rekenen/14   97%
  06:01  stap 131250/170000   77%  1107 ms/st  nog 11u54m   rekenen/3    --
  06:02  stap 131300/170000   77%  1106 ms/st  nog 11u53m   rekenen/1  100%
  06:03  stap 131350/170000   77%  1106 ms/st  nog 11u52m   rekenen/5    --
  06:04  stap 131400/170000   77%  1106 ms/st  nog 11u51m   rekenen/12   97%
  06:05  stap 131450/170000   77%  1106 ms/st  nog 11u50m   code/7    --
  06:06  stap 131500/170000   77%  1106 ms/st  nog 11u49m   puzzel/1  100%
  stap 131500 | diepte  38%  diepte2  69%  gemengd  75%  grondslag  70%  ladder  89%   | diepte tot 17 | 219 ms/stap
  06:07  stap 131550/170000   77%  1107 ms/st  nog 11u49m   puzzel/5    --
  06:08  stap 131600/170000   77%  1107 ms/st  nog 11u48m   rekenen/14   98%
  06:09  stap 131650/170000   77%  1107 ms/st  nog 11u47m   rekenen/17    --
  06:10  stap 131700/170000   77%  1107 ms/st  nog 11u46m   rekenen/14   98%
  06:11  stap 131750/170000   78%  1107 ms/st  nog 11u45m   rekenen/13    --
  06:12  stap 131800/170000   78%  1107 ms/st  nog 11u44m   code/5   97%
  06:13  stap 131850/170000   78%  1107 ms/st  nog 11u43m   rekenen/4    --
  06:13  stap 131900/170000   78%  1107 ms/st  nog 11u42m   rekenen/15   92%
  06:14  stap 131950/170000   78%  1106 ms/st  nog 11u41m   rekenen/7    --
  06:15  stap 132000/170000   78%  1106 ms/st  nog 11u40m   rekenen/5  100%
  stap 132000 | diepte  41%  diepte2  70%  gemengd  75%  grondslag  71%  ladder  89%   | diepte tot 17 | 222 ms/stap
  06:17  stap 132050/170000   78%  1107 ms/st  nog 11u40m   puzzel/3    --
  06:17  stap 132100/170000   78%  1107 ms/st  nog 11u39m   rekenen/1  100%
  06:18  stap 132150/170000   78%  1107 ms/st  nog 11u38m   puzzel/2    --
  06:19  stap 132200/170000   78%  1107 ms/st  nog 11u37m   code/5   97%
  06:20  stap 132250/170000   78%  1107 ms/st  nog 11u36m   rekenen/4    --
  06:21  stap 132300/170000   78%  1107 ms/st  nog 11u35m   rekenen/10   95%
  06:22  stap 132350/170000   78%  1107 ms/st  nog 11u34m   rekenen/1    --
  06:23  stap 132400/170000   78%  1106 ms/st  nog 11u33m   puzzel/1  100%
  06:23  stap 132450/170000   78%  1106 ms/st  nog 11u32m   rekenen/12    --
  06:24  stap 132500/170000   78%  1106 ms/st  nog 11u31m   code/5  100%
  stap 132500 | diepte  39%  diepte2  71%  gemengd  73%  grondslag  71%  ladder  89%   | diepte tot 17 | 226 ms/stap
  06:26  stap 132550/170000   78%  1107 ms/st  nog 11u31m   rekenen/2    --
  06:27  stap 132600/170000   78%  1107 ms/st  nog 11u30m   rekenen/9  100%
  06:27  stap 132650/170000   78%  1107 ms/st  nog 11u28m   code/1    --
  06:28  stap 132700/170000   78%  1107 ms/st  nog 11u27m   rekenen/16   89%
  06:29  stap 132750/170000   78%  1107 ms/st  nog 11u26m   rekenen/13    --
  06:30  stap 132800/170000   78%  1106 ms/st  nog 11u26m   rekenen/9   98%
  06:31  stap 132850/170000   78%  1106 ms/st  nog 11u25m   code/2    --
  06:32  stap 132900/170000   78%  1106 ms/st  nog 11u23m   rekenen/2  100%
  06:33  stap 132950/170000   78%  1106 ms/st  nog 11u22m   puzzel/1    --
  06:33  stap 133000/170000   78%  1106 ms/st  nog 11u21m   code/4   97%
  stap 133000 | diepte  40%  diepte2  68%  gemengd  72%  grondslag  69%  ladder  89%   | diepte tot 17 | 229 ms/stap
  06:35  stap 133050/170000   78%  1107 ms/st  nog 11u21m   rekenen/16    --
  06:36  stap 133100/170000   78%  1107 ms/st  nog 11u20m   code/4   95%
  06:37  stap 133150/170000   78%  1107 ms/st  nog 11u19m   rekenen/1    --
  06:37  stap 133200/170000   78%  1107 ms/st  nog 11u18m   code/6   97%
  06:38  stap 133250/170000   78%  1107 ms/st  nog 11u17m   puzzel/2    --
  06:39  stap 133300/170000   78%  1107 ms/st  nog 11u16m   rekenen/4  100%
  06:40  stap 133350/170000   78%  1106 ms/st  nog 11u15m   code/6    --
  06:41  stap 133400/170000   78%  1106 ms/st  nog 11u14m   code/4  100%
  06:42  stap 133450/170000   78%  1106 ms/st  nog 11u13m   rekenen/10    --
  06:43  stap 133500/170000   79%  1106 ms/st  nog 11u12m   rekenen/7  100%
  stap 133500 | diepte  37%  diepte2  69%  gemengd  74%  grondslag  69%  ladder  90%   | diepte tot 17 | 232 ms/stap
  06:44  stap 133550/170000   79%  1107 ms/st  nog 11u12m   code/2    --
  06:45  stap 133600/170000   79%  1107 ms/st  nog 11u11m   code/6  100%
  06:46  stap 133650/170000   79%  1107 ms/st  nog 11u10m   rekenen/11    --
  06:47  stap 133700/170000   79%  1107 ms/st  nog 11u09m   rekenen/16   91%
  06:48  stap 133750/170000   79%  1107 ms/st  nog 11u08m   code/1    --
  06:49  stap 133800/170000   79%  1107 ms/st  nog 11u07m   rekenen/1  100%
  06:49  stap 133850/170000   79%  1107 ms/st  nog 11u06m   code/2    --
  06:50  stap 133900/170000   79%  1106 ms/st  nog 11u05m   code/5  100%
  06:51  stap 133950/170000   79%  1106 ms/st  nog 11u04m   puzzel/5    --
  06:52  stap 134000/170000   79%  1106 ms/st  nog 11u03m   rekenen/8  100%
  stap 134000 | diepte  37%  diepte2  70%  gemengd  74%  grondslag  70%  ladder  89%   | diepte tot 17 | 235 ms/stap
  06:53  stap 134050/170000   79%  1107 ms/st  nog 11u03m   code/5    --
  06:54  stap 134100/170000   79%  1107 ms/st  nog 11u02m   rekenen/17   91%
  06:55  stap 134150/170000   79%  1107 ms/st  nog 11u01m   rekenen/6    --
  06:56  stap 134200/170000   79%  1107 ms/st  nog 11u00m   rekenen/5  100%
  06:57  stap 134250/170000   79%  1107 ms/st  nog 10u59m   rekenen/14    --
  06:58  stap 134300/170000   79%  1106 ms/st  nog 10u58m   rekenen/16   92%
  06:59  stap 134350/170000   79%  1106 ms/st  nog 10u57m   rekenen/17    --
  06:59  stap 134400/170000   79%  1106 ms/st  nog 10u56m   rekenen/4  100%
  07:00  stap 134450/170000   79%  1106 ms/st  nog 10u55m   rekenen/10    --
  07:01  stap 134500/170000   79%  1106 ms/st  nog 10u54m   puzzel/5   95%
  stap 134500 | diepte  39%  diepte2  70%  gemengd  73%  grondslag  71%  ladder  90%   | diepte tot 17 | 239 ms/stap
  07:03  stap 134550/170000   79%  1107 ms/st  nog 10u54m   puzzel/4    --
  07:04  stap 134600/170000   79%  1107 ms/st  nog 10u53m   puzzel/2  100%
  07:04  stap 134650/170000   79%  1107 ms/st  nog 10u52m   puzzel/3    --
  07:05  stap 134700/170000   79%  1107 ms/st  nog 10u51m   puzzel/5   97%
  07:06  stap 134750/170000   79%  1107 ms/st  nog 10u50m   rekenen/11    --
  07:07  stap 134800/170000   79%  1107 ms/st  nog 10u49m   puzzel/4   92%
  07:08  stap 134850/170000   79%  1107 ms/st  nog 10u48m   rekenen/10    --
  07:09  stap 134900/170000   79%  1107 ms/st  nog 10u47m   code/3  100%
  07:10  stap 134950/170000   79%  1107 ms/st  nog 10u46m   rekenen/15    --
  07:11  stap 135000/170000   79%  1107 ms/st  nog 10u45m   rekenen/14  100%
  stap 135000 | diepte  38%  diepte2  70%  gemengd  72%  grondslag  68%  ladder  89%   | diepte tot 17 | 242 ms/stap
  07:12  stap 135050/170000   79%  1108 ms/st  nog 10u45m   rekenen/7    --
  07:13  stap 135100/170000   79%  1108 ms/st  nog 10u44m   puzzel/4   91%
  07:14  stap 135150/170000   80%  1108 ms/st  nog 10u43m   puzzel/1    --
  07:15  stap 135200/170000   80%  1108 ms/st  nog 10u42m   code/3  100%
  07:16  stap 135250/170000   80%  1108 ms/st  nog 10u41m   rekenen/4    --
  07:17  stap 135300/170000   80%  1107 ms/st  nog 10u40m   rekenen/2  100%
  07:17  stap 135350/170000   80%  1107 ms/st  nog 10u39m   code/4    --
  07:18  stap 135400/170000   80%  1107 ms/st  nog 10u38m   rekenen/3  100%
  07:19  stap 135450/170000   80%  1107 ms/st  nog 10u37m   puzzel/2    --
  07:20  stap 135500/170000   80%  1107 ms/st  nog 10u36m   rekenen/7   98%
  stap 135500 | diepte  45%  diepte2  68%  gemengd  74%  grondslag  73%  ladder  89%   | diepte tot 17 | 245 ms/stap
  07:21  stap 135550/170000   80%  1108 ms/st  nog 10u36m   rekenen/8    --
  07:22  stap 135600/170000   80%  1108 ms/st  nog 10u35m   rekenen/9  100%
  07:23  stap 135650/170000   80%  1108 ms/st  nog 10u34m   rekenen/10    --
  07:24  stap 135700/170000   80%  1108 ms/st  nog 10u33m   rekenen/2  100%
  07:25  stap 135750/170000   80%  1108 ms/st  nog 10u32m   rekenen/4    --
  07:26  stap 135800/170000   80%  1107 ms/st  nog 10u31m   rekenen/10   97%
  07:27  stap 135850/170000   80%  1107 ms/st  nog 10u30m   rekenen/5    --
  07:27  stap 135900/170000   80%  1107 ms/st  nog 10u29m   puzzel/4   89%
  07:28  stap 135950/170000   80%  1107 ms/st  nog 10u27m   puzzel/1    --
  07:29  stap 136000/170000   80%  1106 ms/st  nog 10u26m   rekenen/13   97%
  stap 136000 | diepte  41%  diepte2  69%  gemengd  73%  grondslag  70%  ladder  89%   | diepte tot 17 | 248 ms/stap
  07:31  stap 136050/170000   80%  1108 ms/st  nog 10u26m   code/2    --
  07:32  stap 136100/170000   80%  1108 ms/st  nog 10u25m   rekenen/4  100%
  07:32  stap 136150/170000   80%  1108 ms/st  nog 10u24m   rekenen/2    --
  07:33  stap 136200/170000   80%  1107 ms/st  nog 10u23m   rekenen/15   97%
  07:34  stap 136250/170000   80%  1107 ms/st  nog 10u22m   code/1    --
  07:35  stap 136300/170000   80%  1107 ms/st  nog 10u21m   puzzel/4   97%
  07:36  stap 136350/170000   80%  1107 ms/st  nog 10u20m   rekenen/3    --
  07:37  stap 136400/170000   80%  1107 ms/st  nog 10u19m   code/3  100%
  07:38  stap 136450/170000   80%  1107 ms/st  nog 10u19m   code/5    --
  07:38  stap 136500/170000   80%  1107 ms/st  nog 10u17m   rekenen/14   98%
  stap 136500 | diepte  41%  diepte2  69%  gemengd  75%  grondslag  69%  ladder  89%   | diepte tot 17 | 252 ms/stap
  07:40  stap 136550/170000   80%  1108 ms/st  nog 10u17m   rekenen/2    --
  07:41  stap 136600/170000   80%  1108 ms/st  nog 10u16m   rekenen/2  100%
  07:42  stap 136650/170000   80%  1108 ms/st  nog 10u15m   code/5    --
  07:42  stap 136700/170000   80%  1107 ms/st  nog 10u14m   code/1  100%
  07:43  stap 136750/170000   80%  1107 ms/st  nog 10u13m   rekenen/7    --
  07:44  stap 136800/170000   80%  1107 ms/st  nog 10u12m   rekenen/10  100%
  07:45  stap 136850/170000   80%  1107 ms/st  nog 10u11m   rekenen/17    --
  07:46  stap 136900/170000   81%  1107 ms/st  nog 10u10m   rekenen/4  100%
  07:47  stap 136950/170000   81%  1107 ms/st  nog 10u09m   puzzel/1    --
  07:47  stap 137000/170000   81%  1106 ms/st  nog 10u08m   puzzel/1  100%
  stap 137000 | diepte  39%  diepte2  70%  gemengd  75%  grondslag  71%  ladder  89%   | diepte tot 17 | 255 ms/stap
  07:49  stap 137050/170000   81%  1108 ms/st  nog 10u08m   puzzel/2    --
  07:50  stap 137100/170000   81%  1107 ms/st  nog 10u07m   rekenen/2  100%
  07:51  stap 137150/170000   81%  1107 ms/st  nog 10u06m   rekenen/14    --
  07:51  stap 137200/170000   81%  1107 ms/st  nog 10u05m   rekenen/8  100%
  07:52  stap 137250/170000   81%  1107 ms/st  nog 10u04m   rekenen/10    --
  07:53  stap 137300/170000   81%  1107 ms/st  nog 10u03m   code/2  100%
  07:54  stap 137350/170000   81%  1107 ms/st  nog 10u02m   code/3    --
  07:55  stap 137400/170000   81%  1106 ms/st  nog 10u01m   rekenen/10   98%
  07:56  stap 137450/170000   81%  1106 ms/st  nog 10u00m   code/8    --
  07:57  stap 137500/170000   81%  1106 ms/st  nog 9u59m   rekenen/17   97%
  stap 137500 | diepte  37%  diepte2  70%  gemengd  75%  grondslag  67%  ladder  89%   | diepte tot 17 | 258 ms/stap
  07:58  stap 137550/170000   81%  1107 ms/st  nog 9u58m   rekenen/10    --
  07:59  stap 137600/170000   81%  1107 ms/st  nog 9u57m   puzzel/3  100%
  08:00  stap 137650/170000   81%  1107 ms/st  nog 9u56m   rekenen/16    --
  08:01  stap 137700/170000   81%  1107 ms/st  nog 9u55m   code/7   98%
  08:01  stap 137750/170000   81%  1107 ms/st  nog 9u54m   rekenen/3    --
  08:02  stap 137800/170000   81%  1107 ms/st  nog 9u53m   puzzel/3   98%
  08:03  stap 137850/170000   81%  1106 ms/st  nog 9u52m   rekenen/2    --
  08:04  stap 137900/170000   81%  1106 ms/st  nog 9u51m   rekenen/8   98%
  08:05  stap 137950/170000   81%  1106 ms/st  nog 9u50m   rekenen/10    --
  08:06  stap 138000/170000   81%  1106 ms/st  nog 9u49m   puzzel/4   94%
  stap 138000 | diepte  39%  diepte2  71%  gemengd  73%  grondslag  71%  ladder  89%   | diepte tot 17 | 261 ms/stap
  08:07  stap 138050/170000   81%  1107 ms/st  nog 9u49m   rekenen/14    --
  08:08  stap 138100/170000   81%  1107 ms/st  nog 9u48m   code/2  100%
  08:09  stap 138150/170000   81%  1107 ms/st  nog 9u47m   rekenen/17    --
  08:10  stap 138200/170000   81%  1107 ms/st  nog 9u46m   puzzel/2  100%
  08:11  stap 138250/170000   81%  1107 ms/st  nog 9u45m   rekenen/16    --
  08:11  stap 138300/170000   81%  1106 ms/st  nog 9u44m   puzzel/4   95%
  08:12  stap 138350/170000   81%  1106 ms/st  nog 9u43m   rekenen/3    --
  08:13  stap 138400/170000   81%  1106 ms/st  nog 9u42m   rekenen/2  100%
  08:14  stap 138450/170000   81%  1106 ms/st  nog 9u41m   rekenen/12    --
  08:15  stap 138500/170000   81%  1106 ms/st  nog 9u40m   rekenen/2  100%
  stap 138500 | diepte  33%  diepte2  70%  gemengd  74%  grondslag  73%  ladder  89%   | diepte tot 17 | 264 ms/stap
  08:17  stap 138550/170000   82%  1107 ms/st  nog 9u40m   rekenen/13    --
  08:17  stap 138600/170000   82%  1107 ms/st  nog 9u39m   puzzel/3   98%
  08:18  stap 138650/170000   82%  1107 ms/st  nog 9u38m   code/8    --
  08:19  stap 138700/170000   82%  1107 ms/st  nog 9u37m   rekenen/13   92%
  08:20  stap 138750/170000   82%  1107 ms/st  nog 9u36m   rekenen/8    --
  08:21  stap 138800/170000   82%  1107 ms/st  nog 9u35m   rekenen/11  100%
  08:22  stap 138850/170000   82%  1107 ms/st  nog 9u34m   rekenen/7    --
  08:23  stap 138900/170000   82%  1107 ms/st  nog 9u33m   code/2  100%
  08:23  stap 138950/170000   82%  1107 ms/st  nog 9u32m   puzzel/1    --
  08:24  stap 139000/170000   82%  1106 ms/st  nog 9u31m   rekenen/2  100%
  stap 139000 | diepte  39%  diepte2  69%  gemengd  77%  grondslag  73%  ladder  89%   | diepte tot 17 | 267 ms/stap
  08:26  stap 139050/170000   82%  1107 ms/st  nog 9u31m   rekenen/10    --
  08:27  stap 139100/170000   82%  1107 ms/st  nog 9u30m   rekenen/2  100%
  08:27  stap 139150/170000   82%  1107 ms/st  nog 9u29m   rekenen/7    --
  08:28  stap 139200/170000   82%  1107 ms/st  nog 9u28m   puzzel/3  100%
  08:29  stap 139250/170000   82%  1107 ms/st  nog 9u27m   code/1    --
  08:30  stap 139300/170000   82%  1107 ms/st  nog 9u26m   rekenen/3  100%
  08:31  stap 139350/170000   82%  1106 ms/st  nog 9u25m   code/3    --
  08:32  stap 139400/170000   82%  1106 ms/st  nog 9u24m   rekenen/11  100%
  08:33  stap 139450/170000   82%  1106 ms/st  nog 9u23m   rekenen/15    --
  08:34  stap 139500/170000   82%  1106 ms/st  nog 9u22m   rekenen/17   92%
  stap 139500 | diepte  40%  diepte2  69%  gemengd  75%  grondslag  73%  ladder  88%   | diepte tot 17 | 270 ms/stap
  08:35  stap 139550/170000   82%  1107 ms/st  nog 9u21m   puzzel/1    --
  08:36  stap 139600/170000   82%  1107 ms/st  nog 9u21m   puzzel/3   97%
  08:37  stap 139650/170000   82%  1107 ms/st  nog 9u20m   rekenen/10    --
  08:38  stap 139700/170000   82%  1107 ms/st  nog 9u19m   rekenen/1  100%
  08:38  stap 139750/170000   82%  1107 ms/st  nog 9u18m   rekenen/14    --
  08:39  stap 139800/170000   82%  1107 ms/st  nog 9u17m   rekenen/15   92%
  08:40  stap 139850/170000   82%  1107 ms/st  nog 9u16m   code/5    --
  08:41  stap 139900/170000   82%  1107 ms/st  nog 9u15m   rekenen/6   98%
  08:42  stap 139950/170000   82%  1106 ms/st  nog 9u14m   rekenen/7    --
  08:43  stap 140000/170000   82%  1106 ms/st  nog 9u13m   rekenen/12   97%
  stap 140000 | diepte  37%  diepte2  70%  gemengd  74%  grondslag  71%  ladder  90%   | diepte tot 17 | 273 ms/stap
  08:44  stap 140050/170000   82%  1108 ms/st  nog 9u12m   rekenen/15    --
  08:45  stap 140100/170000   82%  1108 ms/st  nog 9u11m   rekenen/3  100%
  08:46  stap 140150/170000   82%  1107 ms/st  nog 9u10m   rekenen/14    --
  08:47  stap 140200/170000   82%  1107 ms/st  nog 9u09m   puzzel/5   89%
  08:48  stap 140250/170000   82%  1107 ms/st  nog 9u08m   rekenen/5    --
  08:49  stap 140300/170000   83%  1107 ms/st  nog 9u08m   rekenen/4  100%
  08:50  stap 140350/170000   83%  1107 ms/st  nog 9u07m   rekenen/1    --
  08:50  stap 140400/170000   83%  1107 ms/st  nog 9u06m   rekenen/7  100%
  08:51  stap 140450/170000   83%  1107 ms/st  nog 9u05m   rekenen/15    --
  08:52  stap 140500/170000   83%  1107 ms/st  nog 9u04m   puzzel/4   92%
  stap 140500 | diepte  35%  diepte2  69%  gemengd  75%  grondslag  71%  ladder  88%   | diepte tot 17 | 276 ms/stap
  08:54  stap 140550/170000   83%  1108 ms/st  nog 9u03m   rekenen/15    --
  08:55  stap 140600/170000   83%  1108 ms/st  nog 9u02m   rekenen/15   95%
  08:56  stap 140650/170000   83%  1108 ms/st  nog 9u01m   rekenen/5    --
  08:56  stap 140700/170000   83%  1108 ms/st  nog 9u00m   code/8   97%
  08:57  stap 140750/170000   83%  1108 ms/st  nog 8u59m   code/1    --
  08:58  stap 140800/170000   83%  1107 ms/st  nog 8u58m   code/6   98%
  08:59  stap 140850/170000   83%  1107 ms/st  nog 8u57m   rekenen/4    --
  09:00  stap 140900/170000   83%  1107 ms/st  nog 8u56m   code/6   97%
  09:01  stap 140950/170000   83%  1107 ms/st  nog 8u56m   rekenen/7    --
  09:02  stap 141000/170000   83%  1107 ms/st  nog 8u55m   puzzel/4   91%
  stap 141000 | diepte  35%  diepte2  69%  gemengd  74%  grondslag  71%  ladder  90%   | diepte tot 17 | 279 ms/stap
  09:03  stap 141050/170000   83%  1108 ms/st  nog 8u54m   rekenen/10    --
  09:04  stap 141100/170000   83%  1108 ms/st  nog 8u53m   rekenen/13   98%
  09:05  stap 141150/170000   83%  1108 ms/st  nog 8u52m   code/4    --
  09:06  stap 141200/170000   83%  1108 ms/st  nog 8u51m   rekenen/8  100%
  09:06  stap 141250/170000   83%  1107 ms/st  nog 8u50m   code/1    --
  09:07  stap 141300/170000   83%  1107 ms/st  nog 8u49m   rekenen/8   97%
  09:08  stap 141350/170000   83%  1107 ms/st  nog 8u48m   rekenen/6    --
  09:09  stap 141400/170000   83%  1107 ms/st  nog 8u47m   puzzel/5   95%
  09:10  stap 141450/170000   83%  1107 ms/st  nog 8u46m   rekenen/15    --
  09:11  stap 141500/170000   83%  1107 ms/st  nog 8u45m   rekenen/3  100%
  stap 141500 | diepte  37%  diepte2  69%  gemengd  75%  grondslag  71%  ladder  88%   | diepte tot 17 | 282 ms/stap
  09:12  stap 141550/170000   83%  1108 ms/st  nog 8u45m   rekenen/10    --
  09:13  stap 141600/170000   83%  1108 ms/st  nog 8u44m   code/2  100%
  09:14  stap 141650/170000   83%  1107 ms/st  nog 8u43m   rekenen/7    --
  09:15  stap 141700/170000   83%  1107 ms/st  nog 8u42m   puzzel/1  100%
  09:15  stap 141750/170000   83%  1107 ms/st  nog 8u41m   code/6    --
  09:16  stap 141800/170000   83%  1107 ms/st  nog 8u40m   rekenen/5  100%
  09:17  stap 141850/170000   83%  1107 ms/st  nog 8u39m   rekenen/15    --
  09:18  stap 141900/170000   83%  1107 ms/st  nog 8u38m   rekenen/17   91%
  09:19  stap 141950/170000   84%  1107 ms/st  nog 8u37m   code/3    --
  09:20  stap 142000/170000   84%  1107 ms/st  nog 8u36m   rekenen/5  100%
  stap 142000 | diepte  42%  diepte2  67%  gemengd  74%  grondslag  72%  ladder  89%   | diepte tot 17 | 285 ms/stap
  09:21  stap 142050/170000   84%  1107 ms/st  nog 8u35m   rekenen/12    --
  09:22  stap 142100/170000   84%  1107 ms/st  nog 8u34m   puzzel/3  100%
  09:23  stap 142150/170000   84%  1107 ms/st  nog 8u34m   rekenen/7    --
  09:24  stap 142200/170000   84%  1107 ms/st  nog 8u33m   rekenen/1  100%
  09:25  stap 142250/170000   84%  1107 ms/st  nog 8u32m   rekenen/12    --
  09:26  stap 142300/170000   84%  1107 ms/st  nog 8u31m   rekenen/6  100%
  09:26  stap 142350/170000   84%  1107 ms/st  nog 8u30m   rekenen/2    --
  09:27  stap 142400/170000   84%  1107 ms/st  nog 8u29m   rekenen/14   97%
  09:28  stap 142450/170000   84%  1107 ms/st  nog 8u28m   rekenen/15    --
  09:29  stap 142500/170000   84%  1107 ms/st  nog 8u27m   puzzel/4   95%
  stap 142500 | diepte  37%  diepte2  68%  gemengd  73%  grondslag  70%  ladder  88%   | diepte tot 17 | 288 ms/stap
  09:31  stap 142550/170000   84%  1108 ms/st  nog 8u26m   code/4    --
  09:31  stap 142600/170000   84%  1107 ms/st  nog 8u25m   rekenen/5  100%
  09:32  stap 142650/170000   84%  1107 ms/st  nog 8u24m   rekenen/7    --
  09:33  stap 142700/170000   84%  1107 ms/st  nog 8u23m   code/3  100%
  09:34  stap 142750/170000   84%  1107 ms/st  nog 8u22m   rekenen/7    --
  09:35  stap 142800/170000   84%  1107 ms/st  nog 8u21m   rekenen/1  100%
  09:36  stap 142850/170000   84%  1107 ms/st  nog 8u21m   puzzel/3    --
  09:37  stap 142900/170000   84%  1107 ms/st  nog 8u20m   rekenen/1  100%
  09:38  stap 142950/170000   84%  1107 ms/st  nog 8u19m   rekenen/4    --
  09:39  stap 143000/170000   84%  1107 ms/st  nog 8u18m   rekenen/4  100%
  stap 143000 | diepte  37%  diepte2  69%  gemengd  71%  grondslag  71%  ladder  89%   | diepte tot 17 | 291 ms/stap
  09:40  stap 143050/170000   84%  1108 ms/st  nog 8u17m   rekenen/12    --
  09:41  stap 143100/170000   84%  1108 ms/st  nog 8u16m   rekenen/8   97%
  09:42  stap 143150/170000   84%  1108 ms/st  nog 8u15m   rekenen/9    --
  09:43  stap 143200/170000   84%  1108 ms/st  nog 8u14m   rekenen/7   97%
  09:43  stap 143250/170000   84%  1107 ms/st  nog 8u13m   rekenen/14    --
  09:44  stap 143300/170000   84%  1107 ms/st  nog 8u12m   puzzel/4   98%
  09:45  stap 143350/170000   84%  1107 ms/st  nog 8u11m   rekenen/6    --
  09:46  stap 143400/170000   84%  1107 ms/st  nog 8u10m   rekenen/1  100%
  09:47  stap 143450/170000   84%  1107 ms/st  nog 8u09m   rekenen/12    --
  09:48  stap 143500/170000   84%  1107 ms/st  nog 8u08m   puzzel/3  100%
  stap 143500 | diepte  31%  diepte2  71%  gemengd  77%  grondslag  73%  ladder  89%   | diepte tot 17 | 293 ms/stap
  09:49  stap 143550/170000   84%  1108 ms/st  nog 8u08m   rekenen/9    --
  09:50  stap 143600/170000   84%  1108 ms/st  nog 8u07m   puzzel/4   95%
  09:51  stap 143650/170000   84%  1107 ms/st  nog 8u06m   rekenen/2    --
  09:52  stap 143700/170000   85%  1107 ms/st  nog 8u05m   rekenen/8  100%
  09:52  stap 143750/170000   85%  1107 ms/st  nog 8u04m   rekenen/17    --
  09:53  stap 143800/170000   85%  1107 ms/st  nog 8u03m   rekenen/14   97%
  09:54  stap 143850/170000   85%  1107 ms/st  nog 8u02m   puzzel/4    --
  09:55  stap 143900/170000   85%  1107 ms/st  nog 8u01m   rekenen/1  100%
  09:56  stap 143950/170000   85%  1107 ms/st  nog 8u00m   rekenen/1    --
  09:57  stap 144000/170000   85%  1107 ms/st  nog 7u59m   puzzel/1   98%
  stap 144000 | diepte  33%  diepte2  68%  gemengd  75%  grondslag  73%  ladder  89%   | diepte tot 17 | 296 ms/stap
  09:58  stap 144050/170000   85%  1108 ms/st  nog 7u59m   rekenen/10    --
  09:59  stap 144100/170000   85%  1107 ms/st  nog 7u58m   rekenen/16   95%
  10:00  stap 144150/170000   85%  1107 ms/st  nog 7u57m   rekenen/15    --
  10:01  stap 144200/170000   85%  1107 ms/st  nog 7u56m   code/4  100%
  10:02  stap 144250/170000   85%  1107 ms/st  nog 7u55m   rekenen/7    --
  10:02  stap 144300/170000   85%  1107 ms/st  nog 7u54m   rekenen/14   97%
  10:03  stap 144350/170000   85%  1107 ms/st  nog 7u53m   rekenen/11    --
  10:04  stap 144400/170000   85%  1107 ms/st  nog 7u52m   rekenen/9   98%
  10:05  stap 144450/170000   85%  1107 ms/st  nog 7u51m   rekenen/16    --
  10:06  stap 144500/170000   85%  1106 ms/st  nog 7u50m   rekenen/4  100%
  stap 144500 | diepte  37%  diepte2  69%  gemengd  79%  grondslag  73%  ladder  89%   | diepte tot 17 | 299 ms/stap
  10:07  stap 144550/170000   85%  1107 ms/st  nog 7u49m   rekenen/2    --
  10:08  stap 144600/170000   85%  1107 ms/st  nog 7u48m   code/7   97%
  10:09  stap 144650/170000   85%  1107 ms/st  nog 7u47m   rekenen/15    --
  10:10  stap 144700/170000   85%  1107 ms/st  nog 7u46m   rekenen/17   97%
  10:11  stap 144750/170000   85%  1107 ms/st  nog 7u45m   code/5    --
  10:11  stap 144800/170000   85%  1107 ms/st  nog 7u44m   code/1  100%
  10:12  stap 144850/170000   85%  1107 ms/st  nog 7u43m   rekenen/2    --
  10:13  stap 144900/170000   85%  1106 ms/st  nog 7u42m   puzzel/1  100%
  10:14  stap 144950/170000   85%  1106 ms/st  nog 7u41m   rekenen/17    --
  10:15  stap 145000/170000   85%  1106 ms/st  nog 7u40m   puzzel/3   98%
  stap 145000 | diepte  29%  diepte2  69%  gemengd  76%  grondslag  73%  ladder  89%   | diepte tot 17 | 302 ms/stap
  10:16  stap 145050/170000   85%  1107 ms/st  nog 7u40m   rekenen/1    --
  10:17  stap 145100/170000   85%  1107 ms/st  nog 7u39m   rekenen/10   97%
  10:18  stap 145150/170000   85%  1107 ms/st  nog 7u38m   code/3    --
  10:19  stap 145200/170000   85%  1107 ms/st  nog 7u37m   rekenen/15   95%
  10:20  stap 145250/170000   85%  1107 ms/st  nog 7u36m   rekenen/2    --
  10:20  stap 145300/170000   85%  1106 ms/st  nog 7u35m   rekenen/2  100%
  10:21  stap 145350/170000   86%  1106 ms/st  nog 7u34m   rekenen/17    --
  10:22  stap 145400/170000   86%  1106 ms/st  nog 7u33m   code/3   98%
  10:23  stap 145450/170000   86%  1106 ms/st  nog 7u32m   puzzel/3    --
  10:24  stap 145500/170000   86%  1106 ms/st  nog 7u31m   rekenen/1  100%
  stap 145500 | diepte  34%  diepte2  70%  gemengd  74%  grondslag  75%  ladder  89%   | diepte tot 17 | 304 ms/stap
  10:25  stap 145550/170000   86%  1107 ms/st  nog 7u30m   code/2    --
  10:26  stap 145600/170000   86%  1107 ms/st  nog 7u30m   rekenen/5   98%
  10:27  stap 145650/170000   86%  1107 ms/st  nog 7u29m   rekenen/6    --
  10:28  stap 145700/170000   86%  1106 ms/st  nog 7u28m   rekenen/16   95%
  10:29  stap 145750/170000   86%  1106 ms/st  nog 7u27m   rekenen/10    --
  10:30  stap 145800/170000   86%  1106 ms/st  nog 7u26m   rekenen/2  100%
  10:30  stap 145850/170000   86%  1106 ms/st  nog 7u25m   rekenen/13    --
  10:31  stap 145900/170000   86%  1106 ms/st  nog 7u24m   rekenen/6  100%
  10:32  stap 145950/170000   86%  1106 ms/st  nog 7u23m   code/3    --
  10:33  stap 146000/170000   86%  1106 ms/st  nog 7u22m   code/5  100%
  stap 146000 | diepte  35%  diepte2  71%  gemengd  75%  grondslag  72%  ladder  90%   | diepte tot 17 | 307 ms/stap
  10:35  stap 146050/170000   86%  1107 ms/st  nog 7u21m   code/1    --
  10:35  stap 146100/170000   86%  1106 ms/st  nog 7u20m   rekenen/3  100%
  10:36  stap 146150/170000   86%  1106 ms/st  nog 7u19m   rekenen/6    --
  10:37  stap 146200/170000   86%  1106 ms/st  nog 7u18m   puzzel/1  100%
  10:38  stap 146250/170000   86%  1106 ms/st  nog 7u17m   rekenen/3    --
  10:39  stap 146300/170000   86%  1106 ms/st  nog 7u16m   puzzel/2  100%
  10:40  stap 146350/170000   86%  1106 ms/st  nog 7u15m   code/1    --
  10:40  stap 146400/170000   86%  1106 ms/st  nog 7u15m   rekenen/2  100%
  10:41  stap 146450/170000   86%  1106 ms/st  nog 7u14m   rekenen/11    --
  10:42  stap 146500/170000   86%  1106 ms/st  nog 7u13m   puzzel/2  100%
  stap 146500 | diepte  36%  diepte2  71%  gemengd  75%  grondslag  69%  ladder  89%   | diepte tot 17 | 310 ms/stap
  10:44  stap 146550/170000   86%  1107 ms/st  nog 7u12m   code/4    --
  10:45  stap 146600/170000   86%  1107 ms/st  nog 7u11m   rekenen/15   92%
  10:45  stap 146650/170000   86%  1106 ms/st  nog 7u10m   rekenen/14    --
  10:46  stap 146700/170000   86%  1106 ms/st  nog 7u09m   puzzel/5   92%
  10:47  stap 146750/170000   86%  1106 ms/st  nog 7u08m   puzzel/3    --
  10:48  stap 146800/170000   86%  1106 ms/st  nog 7u07m   code/1  100%
  10:49  stap 146850/170000   86%  1106 ms/st  nog 7u06m   puzzel/4    --
  10:50  stap 146900/170000   86%  1106 ms/st  nog 7u05m   rekenen/3  100%
  10:51  stap 146950/170000   86%  1106 ms/st  nog 7u04m   code/3    --
  10:51  stap 147000/170000   86%  1106 ms/st  nog 7u03m   code/4   98%
  stap 147000 | diepte  33%  diepte2  69%  gemengd  75%  grondslag  72%  ladder  89%   | diepte tot 17 | 312 ms/stap
  10:53  stap 147050/170000   86%  1107 ms/st  nog 7u03m   puzzel/5    --
  10:54  stap 147100/170000   87%  1107 ms/st  nog 7u02m   rekenen/15   97%
  10:55  stap 147150/170000   87%  1107 ms/st  nog 7u01m   code/2    --
  10:56  stap 147200/170000   87%  1107 ms/st  nog 7u00m   code/2  100%
  10:57  stap 147250/170000   87%  1107 ms/st  nog 6u59m   rekenen/3    --
  10:57  stap 147300/170000   87%  1107 ms/st  nog 6u58m   rekenen/8   98%
  10:58  stap 147350/170000   87%  1107 ms/st  nog 6u57m   rekenen/2    --
  10:59  stap 147400/170000   87%  1106 ms/st  nog 6u56m   rekenen/11   98%
  11:00  stap 147450/170000   87%  1106 ms/st  nog 6u55m   puzzel/4    --
  11:01  stap 147500/170000   87%  1106 ms/st  nog 6u54m   rekenen/5   98%
  stap 147500 | diepte  36%  diepte2  70%  gemengd  75%  grondslag  69%  ladder  89%   | diepte tot 17 | 315 ms/stap
  11:02  stap 147550/170000   87%  1107 ms/st  nog 6u54m   rekenen/16    --
  11:03  stap 147600/170000   87%  1107 ms/st  nog 6u53m   puzzel/1  100%
  11:04  stap 147650/170000   87%  1107 ms/st  nog 6u52m   rekenen/4    --
  11:05  stap 147700/170000   87%  1106 ms/st  nog 6u51m   rekenen/16   94%
  11:06  stap 147750/170000   87%  1106 ms/st  nog 6u50m   rekenen/6    --
  11:06  stap 147800/170000   87%  1106 ms/st  nog 6u49m   rekenen/5  100%
  11:07  stap 147850/170000   87%  1106 ms/st  nog 6u48m   puzzel/5    --
  11:08  stap 147900/170000   87%  1106 ms/st  nog 6u47m   rekenen/9  100%
  11:09  stap 147950/170000   87%  1106 ms/st  nog 6u46m   rekenen/17    --
  11:10  stap 148000/170000   87%  1106 ms/st  nog 6u45m   rekenen/3  100%
  stap 148000 | diepte  33%  diepte2  71%  gemengd  73%  grondslag  71%  ladder  89%   | diepte tot 17 | 318 ms/stap
  11:11  stap 148050/170000   87%  1107 ms/st  nog 6u44m   rekenen/13    --
  11:12  stap 148100/170000   87%  1107 ms/st  nog 6u43m   rekenen/8   98%
  11:13  stap 148150/170000   87%  1106 ms/st  nog 6u42m   rekenen/5    --
  11:14  stap 148200/170000   87%  1106 ms/st  nog 6u42m   rekenen/16   94%
  11:15  stap 148250/170000   87%  1106 ms/st  nog 6u41m   rekenen/7    --
  11:16  stap 148300/170000   87%  1106 ms/st  nog 6u40m   rekenen/2  100%
  11:17  stap 148350/170000   87%  1106 ms/st  nog 6u39m   puzzel/1    --
  11:17  stap 148400/170000   87%  1106 ms/st  nog 6u38m   rekenen/7  100%
  11:18  stap 148450/170000   87%  1106 ms/st  nog 6u37m   rekenen/13    --
  11:19  stap 148500/170000   87%  1106 ms/st  nog 6u36m   rekenen/13   98%
  stap 148500 | diepte  39%  diepte2  70%  gemengd  73%  grondslag  72%  ladder  89%   | diepte tot 17 | 320 ms/stap
  11:21  stap 148550/170000   87%  1107 ms/st  nog 6u35m   rekenen/2    --
  11:21  stap 148600/170000   87%  1106 ms/st  nog 6u34m   rekenen/8  100%
  11:22  stap 148650/170000   87%  1106 ms/st  nog 6u33m   rekenen/7    --
  11:23  stap 148700/170000   87%  1106 ms/st  nog 6u32m   rekenen/8   97%
  11:24  stap 148750/170000   88%  1106 ms/st  nog 6u31m   rekenen/2    --
  11:25  stap 148800/170000   88%  1106 ms/st  nog 6u30m   code/1  100%
  11:25  stap 148850/170000   88%  1106 ms/st  nog 6u29m   rekenen/1    --
  11:26  stap 148900/170000   88%  1106 ms/st  nog 6u28m   rekenen/15   92%
  11:27  stap 148950/170000   88%  1106 ms/st  nog 6u27m   puzzel/3    --
  11:28  stap 149000/170000   88%  1105 ms/st  nog 6u26m   code/8   98%
  stap 149000 | diepte  38%  diepte2  69%  gemengd  71%  grondslag  68%  ladder  89%   | diepte tot 17 | 323 ms/stap
  11:30  stap 149050/170000   88%  1106 ms/st  nog 6u26m   puzzel/5    --
  11:30  stap 149100/170000   88%  1106 ms/st  nog 6u25m   rekenen/14   94%
  11:31  stap 149150/170000   88%  1106 ms/st  nog 6u24m   rekenen/4    --
  11:32  stap 149200/170000   88%  1106 ms/st  nog 6u23m   code/7   98%
  11:33  stap 149250/170000   88%  1106 ms/st  nog 6u22m   puzzel/1    --
  11:34  stap 149300/170000   88%  1106 ms/st  nog 6u21m   rekenen/1  100%
  11:35  stap 149350/170000   88%  1106 ms/st  nog 6u20m   puzzel/5    --
  11:36  stap 149400/170000   88%  1106 ms/st  nog 6u19m   rekenen/9  100%
  11:37  stap 149450/170000   88%  1106 ms/st  nog 6u18m   puzzel/3    --
  11:37  stap 149500/170000   88%  1106 ms/st  nog 6u17m   rekenen/3  100%
  stap 149500 | diepte  35%  diepte2  68%  gemengd  71%  grondslag  67%  ladder  89%   | diepte tot 17 | 326 ms/stap
  11:39  stap 149550/170000   88%  1107 ms/st  nog 6u17m   rekenen/5    --
  11:40  stap 149600/170000   88%  1106 ms/st  nog 6u16m   rekenen/6   98%
  11:41  stap 149650/170000   88%  1106 ms/st  nog 6u15m   rekenen/2    --
  11:41  stap 149700/170000   88%  1106 ms/st  nog 6u14m   rekenen/10  100%
  11:42  stap 149750/170000   88%  1106 ms/st  nog 6u13m   code/7    --
  11:43  stap 149800/170000   88%  1106 ms/st  nog 6u12m   puzzel/3   97%
  11:44  stap 149850/170000   88%  1106 ms/st  nog 6u11m   code/8    --
  11:45  stap 149900/170000   88%  1106 ms/st  nog 6u10m   rekenen/14   95%
  11:46  stap 149950/170000   88%  1106 ms/st  nog 6u09m   puzzel/1    --
  11:46  stap 150000/170000   88%  1105 ms/st  nog 6u08m   rekenen/2  100%
  stap 150000 | diepte  36%  diepte2  70%  gemengd  71%  grondslag  69%  ladder  89%   | diepte tot 17 | 328 ms/stap
  11:48  stap 150050/170000   88%  1106 ms/st  nog 6u07m   rekenen/1    --
  11:49  stap 150100/170000   88%  1106 ms/st  nog 6u06m   rekenen/7   98%
  11:50  stap 150150/170000   88%  1106 ms/st  nog 6u05m   code/3    --
  11:50  stap 150200/170000   88%  1106 ms/st  nog 6u04m   rekenen/12   98%
  11:51  stap 150250/170000   88%  1106 ms/st  nog 6u03m   code/3    --
  11:52  stap 150300/170000   88%  1106 ms/st  nog 6u03m   rekenen/8  100%
  11:53  stap 150350/170000   88%  1106 ms/st  nog 6u02m   rekenen/10    --
  11:54  stap 150400/170000   88%  1106 ms/st  nog 6u01m   rekenen/17   98%
  11:55  stap 150450/170000   88%  1106 ms/st  nog 6u00m   rekenen/2    --
  11:56  stap 150500/170000   89%  1105 ms/st  nog 5u59m   puzzel/5   94%
  stap 150500 | diepte  36%  diepte2  71%  gemengd  74%  grondslag  71%  ladder  89%   | diepte tot 17 | 331 ms/stap
  11:57  stap 150550/170000   89%  1106 ms/st  nog 5u58m   rekenen/4    --
  11:58  stap 150600/170000   89%  1106 ms/st  nog 5u57m   rekenen/7  100%
  11:59  stap 150650/170000   89%  1106 ms/st  nog 5u56m   code/6    --
  12:00  stap 150700/170000   89%  1106 ms/st  nog 5u55m   puzzel/2  100%
  12:00  stap 150750/170000   89%  1106 ms/st  nog 5u54m   rekenen/6    --
  12:01  stap 150800/170000   89%  1106 ms/st  nog 5u53m   code/8   98%
  12:02  stap 150850/170000   89%  1106 ms/st  nog 5u52m   rekenen/12    --
  12:03  stap 150900/170000   89%  1106 ms/st  nog 5u51m   rekenen/9  100%
  12:04  stap 150950/170000   89%  1105 ms/st  nog 5u50m   rekenen/7    --
  12:05  stap 151000/170000   89%  1105 ms/st  nog 5u49m   puzzel/2  100%
  stap 151000 | diepte  41%  diepte2  69%  gemengd  74%  grondslag  70%  ladder  88%   | diepte tot 17 | 333 ms/stap
  12:06  stap 151050/170000   89%  1106 ms/st  nog 5u49m   rekenen/3    --
  12:07  stap 151100/170000   89%  1106 ms/st  nog 5u48m   rekenen/9  100%
  12:08  stap 151150/170000   89%  1106 ms/st  nog 5u47m   rekenen/10    --
  12:09  stap 151200/170000   89%  1106 ms/st  nog 5u46m   rekenen/16   89%
  12:10  stap 151250/170000   89%  1106 ms/st  nog 5u45m   rekenen/13    --
  12:11  stap 151300/170000   89%  1106 ms/st  nog 5u44m   rekenen/14  100%
  12:11  stap 151350/170000   89%  1106 ms/st  nog 5u43m   rekenen/12    --
  12:12  stap 151400/170000   89%  1105 ms/st  nog 5u42m   rekenen/7  100%
  12:13  stap 151450/170000   89%  1105 ms/st  nog 5u41m   rekenen/15    --
  12:14  stap 151500/170000   89%  1105 ms/st  nog 5u40m   code/2   98%
  stap 151500 | diepte  40%  diepte2  69%  gemengd  73%  grondslag  70%  ladder  87%   | diepte tot 17 | 336 ms/stap
  12:15  stap 151550/170000   89%  1106 ms/st  nog 5u40m   rekenen/16    --
  12:16  stap 151600/170000   89%  1106 ms/st  nog 5u39m   rekenen/5  100%
  12:17  stap 151650/170000   89%  1106 ms/st  nog 5u38m   rekenen/10    --
  12:18  stap 151700/170000   89%  1106 ms/st  nog 5u37m   code/1  100%
  12:19  stap 151750/170000   89%  1106 ms/st  nog 5u36m   rekenen/12    --
  12:20  stap 151800/170000   89%  1106 ms/st  nog 5u35m   code/7   98%
  12:20  stap 151850/170000   89%  1105 ms/st  nog 5u34m   rekenen/15    --
  12:21  stap 151900/170000   89%  1105 ms/st  nog 5u33m   rekenen/17   95%
  12:22  stap 151950/170000   89%  1105 ms/st  nog 5u32m   rekenen/7    --
  12:23  stap 152000/170000   89%  1105 ms/st  nog 5u31m   rekenen/3  100%
  stap 152000 | diepte  38%  diepte2  70%  gemengd  75%  grondslag  73%  ladder  89%   | diepte tot 17 | 338 ms/stap
  12:25  stap 152050/170000   89%  1106 ms/st  nog 5u30m   rekenen/6    --
  12:25  stap 152100/170000   89%  1106 ms/st  nog 5u29m   code/3  100%
  12:26  stap 152150/170000   90%  1106 ms/st  nog 5u28m   code/7    --
  12:27  stap 152200/170000   90%  1106 ms/st  nog 5u27m   rekenen/9  100%
  12:28  stap 152250/170000   90%  1105 ms/st  nog 5u27m   rekenen/13    --
  12:29  stap 152300/170000   90%  1105 ms/st  nog 5u26m   code/5   97%
  12:30  stap 152350/170000   90%  1105 ms/st  nog 5u25m   rekenen/12    --
  12:30  stap 152400/170000   90%  1105 ms/st  nog 5u24m   code/2  100%
  12:31  stap 152450/170000   90%  1105 ms/st  nog 5u23m   code/3    --
  12:32  stap 152500/170000   90%  1105 ms/st  nog 5u22m   puzzel/3  100%
  stap 152500 | diepte  35%  diepte2  69%  gemengd  75%  grondslag  72%  ladder  89%   | diepte tot 17 | 341 ms/stap
  12:34  stap 152550/170000   90%  1106 ms/st  nog 5u21m   rekenen/7    --
  12:35  stap 152600/170000   90%  1106 ms/st  nog 5u20m   rekenen/14   97%
  12:35  stap 152650/170000   90%  1106 ms/st  nog 5u19m   rekenen/13    --
  12:36  stap 152700/170000   90%  1106 ms/st  nog 5u18m   puzzel/5   94%
  12:37  stap 152750/170000   90%  1105 ms/st  nog 5u17m   rekenen/11    --
  12:38  stap 152800/170000   90%  1106 ms/st  nog 5u16m   rekenen/11   97%
  12:39  stap 152850/170000   90%  1105 ms/st  nog 5u15m   puzzel/2    --
  12:40  stap 152900/170000   90%  1105 ms/st  nog 5u15m   rekenen/12   97%
  12:41  stap 152950/170000   90%  1105 ms/st  nog 5u14m   rekenen/9    --
  12:41  stap 153000/170000   90%  1105 ms/st  nog 5u13m   rekenen/14   94%
  stap 153000 | diepte  34%  diepte2  68%  gemengd  72%  grondslag  68%  ladder  89%   | diepte tot 17 | 343 ms/stap
  12:43  stap 153050/170000   90%  1106 ms/st  nog 5u12m   code/3    --
  12:44  stap 153100/170000   90%  1106 ms/st  nog 5u11m   rekenen/11   98%
  12:45  stap 153150/170000   90%  1106 ms/st  nog 5u10m   rekenen/16    --
  12:45  stap 153200/170000   90%  1106 ms/st  nog 5u09m   rekenen/11  100%
  12:46  stap 153250/170000   90%  1106 ms/st  nog 5u08m   code/2    --
  12:47  stap 153300/170000   90%  1106 ms/st  nog 5u07m   rekenen/12   98%
  12:48  stap 153350/170000   90%  1106 ms/st  nog 5u06m   code/1    --
  12:49  stap 153400/170000   90%  1106 ms/st  nog 5u05m   rekenen/14   97%
  12:50  stap 153450/170000   90%  1105 ms/st  nog 5u04m   rekenen/7    --
  12:51  stap 153500/170000   90%  1105 ms/st  nog 5u03m   puzzel/2  100%
  stap 153500 | diepte  34%  diepte2  69%  gemengd  75%  grondslag  72%  ladder  89%   | diepte tot 17 | 346 ms/stap
  12:52  stap 153550/170000   90%  1106 ms/st  nog 5u03m   rekenen/2    --
  12:53  stap 153600/170000   90%  1106 ms/st  nog 5u02m   puzzel/2  100%
  12:54  stap 153650/170000   90%  1106 ms/st  nog 5u01m   rekenen/7    --
  12:55  stap 153700/170000   90%  1106 ms/st  nog 5u00m   puzzel/3  100%
  12:56  stap 153750/170000   90%  1106 ms/st  nog 4u59m   code/8    --
  12:57  stap 153800/170000   90%  1106 ms/st  nog 4u58m   code/3   97%
  12:57  stap 153850/170000   90%  1105 ms/st  nog 4u57m   rekenen/14    --
  12:58  stap 153900/170000   91%  1105 ms/st  nog 4u56m   rekenen/7  100%
  12:59  stap 153950/170000   91%  1105 ms/st  nog 4u55m   rekenen/11    --
  13:00  stap 154000/170000   91%  1105 ms/st  nog 4u54m   rekenen/3  100%
  stap 154000 | diepte  35%  diepte2  70%  gemengd  73%  grondslag  73%  ladder  89%   | diepte tot 17 | 348 ms/stap
  13:01  stap 154050/170000   91%  1106 ms/st  nog 4u54m   rekenen/1    --
  13:02  stap 154100/170000   91%  1106 ms/st  nog 4u53m   puzzel/4   95%
  13:03  stap 154150/170000   91%  1106 ms/st  nog 4u52m   code/3    --
  13:04  stap 154200/170000   91%  1106 ms/st  nog 4u51m   rekenen/10  100%
  13:05  stap 154250/170000   91%  1106 ms/st  nog 4u50m   code/6    --
  13:06  stap 154300/170000   91%  1106 ms/st  nog 4u49m   rekenen/16   84%
  13:07  stap 154350/170000   91%  1105 ms/st  nog 4u48m   code/2    --
  13:07  stap 154400/170000   91%  1105 ms/st  nog 4u47m   rekenen/1  100%
  13:08  stap 154450/170000   91%  1105 ms/st  nog 4u46m   rekenen/2    --
  13:09  stap 154500/170000   91%  1105 ms/st  nog 4u45m   puzzel/1  100%
  stap 154500 | diepte  36%  diepte2  67%  gemengd  71%  grondslag  71%  ladder  89%   | diepte tot 17 | 351 ms/stap
  13:11  stap 154550/170000   91%  1106 ms/st  nog 4u44m   rekenen/14    --
  13:12  stap 154600/170000   91%  1106 ms/st  nog 4u43m   rekenen/8  100%
  13:12  stap 154650/170000   91%  1106 ms/st  nog 4u42m   rekenen/7    --
  13:13  stap 154700/170000   91%  1106 ms/st  nog 4u41m   rekenen/11   97%
  13:14  stap 154750/170000   91%  1105 ms/st  nog 4u40m   code/1    --
  13:15  stap 154800/170000   91%  1105 ms/st  nog 4u40m   rekenen/8  100%
  13:16  stap 154850/170000   91%  1105 ms/st  nog 4u39m   rekenen/7    --
  13:17  stap 154900/170000   91%  1105 ms/st  nog 4u38m   puzzel/5   84%
  13:17  stap 154950/170000   91%  1105 ms/st  nog 4u37m   rekenen/11    --
  13:18  stap 155000/170000   91%  1105 ms/st  nog 4u36m   puzzel/5   89%
  stap 155000 | diepte  35%  diepte2  69%  gemengd  74%  grondslag  70%  ladder  89%   | diepte tot 17 | 353 ms/stap
  13:20  stap 155050/170000   91%  1106 ms/st  nog 4u35m   code/6    --
  13:21  stap 155100/170000   91%  1106 ms/st  nog 4u34m   rekenen/14   98%
  13:21  stap 155150/170000   91%  1105 ms/st  nog 4u33m   rekenen/10    --
  13:22  stap 155200/170000   91%  1105 ms/st  nog 4u32m   rekenen/17   88%
  13:23  stap 155250/170000   91%  1105 ms/st  nog 4u31m   puzzel/5    --
  13:24  stap 155300/170000   91%  1105 ms/st  nog 4u30m   code/7   95%
  13:25  stap 155350/170000   91%  1105 ms/st  nog 4u29m   rekenen/1    --
  13:26  stap 155400/170000   91%  1105 ms/st  nog 4u28m   puzzel/4   97%
  13:26  stap 155450/170000   91%  1105 ms/st  nog 4u27m   code/3    --
  13:27  stap 155500/170000   91%  1105 ms/st  nog 4u27m   rekenen/2  100%
  stap 155500 | diepte  34%  diepte2  67%  gemengd  75%  grondslag  71%  ladder  89%   | diepte tot 17 | 356 ms/stap
  13:29  stap 155550/170000   92%  1106 ms/st  nog 4u26m   rekenen/3    --
  13:30  stap 155600/170000   92%  1106 ms/st  nog 4u25m   puzzel/3   98%
  13:31  stap 155650/170000   92%  1105 ms/st  nog 4u24m   rekenen/14    --
  13:31  stap 155700/170000   92%  1105 ms/st  nog 4u23m   puzzel/5   89%
  13:32  stap 155750/170000   92%  1105 ms/st  nog 4u22m   code/6    --
  13:33  stap 155800/170000   92%  1105 ms/st  nog 4u21m   rekenen/10   97%
  13:34  stap 155850/170000   92%  1105 ms/st  nog 4u20m   rekenen/14    --
  13:35  stap 155900/170000   92%  1105 ms/st  nog 4u19m   rekenen/9   98%
  13:36  stap 155950/170000   92%  1105 ms/st  nog 4u18m   rekenen/8    --
  13:37  stap 156000/170000   92%  1105 ms/st  nog 4u17m   code/8   97%
  stap 156000 | diepte  35%  diepte2  68%  gemengd  73%  grondslag  69%  ladder  89%   | diepte tot 17 | 358 ms/stap
  13:38  stap 156050/170000   92%  1106 ms/st  nog 4u17m   code/4    --
  13:39  stap 156100/170000   92%  1106 ms/st  nog 4u16m   rekenen/6  100%
  13:40  stap 156150/170000   92%  1105 ms/st  nog 4u15m   code/2    --
  13:41  stap 156200/170000   92%  1105 ms/st  nog 4u14m   rekenen/4  100%
  13:42  stap 156250/170000   92%  1105 ms/st  nog 4u13m   puzzel/3    --
  13:42  stap 156300/170000   92%  1105 ms/st  nog 4u12m   rekenen/14   95%
  13:43  stap 156350/170000   92%  1105 ms/st  nog 4u11m   rekenen/13    --
  13:44  stap 156400/170000   92%  1105 ms/st  nog 4u10m   code/2  100%
  13:45  stap 156450/170000   92%  1105 ms/st  nog 4u09m   rekenen/1    --
  13:46  stap 156500/170000   92%  1105 ms/st  nog 4u08m   rekenen/9   98%
  stap 156500 | diepte  41%  diepte2  69%  gemengd  75%  grondslag  75%  ladder  89%   | diepte tot 17 | 360 ms/stap
  13:47  stap 156550/170000   92%  1106 ms/st  nog 4u07m   puzzel/5    --
  13:48  stap 156600/170000   92%  1106 ms/st  nog 4u06m   puzzel/1  100%
  13:49  stap 156650/170000   92%  1105 ms/st  nog 4u05m   puzzel/2    --
  13:50  stap 156700/170000   92%  1105 ms/st  nog 4u05m   rekenen/17   94%
  13:51  stap 156750/170000   92%  1105 ms/st  nog 4u04m   rekenen/13    --
  13:51  stap 156800/170000   92%  1105 ms/st  nog 4u03m   rekenen/16   94%
  13:52  stap 156850/170000   92%  1105 ms/st  nog 4u02m   rekenen/17    --
  13:53  stap 156900/170000   92%  1105 ms/st  nog 4u01m   code/6  100%
  13:54  stap 156950/170000   92%  1105 ms/st  nog 4u00m   puzzel/1    --
  13:55  stap 157000/170000   92%  1105 ms/st  nog 3u59m   code/4   97%
  stap 157000 | diepte  37%  diepte2  69%  gemengd  74%  grondslag  67%  ladder  89%   | diepte tot 17 | 363 ms/stap
  13:56  stap 157050/170000   92%  1106 ms/st  nog 3u58m   rekenen/2    --
  13:57  stap 157100/170000   92%  1105 ms/st  nog 3u57m   rekenen/2  100%
  13:58  stap 157150/170000   92%  1105 ms/st  nog 3u56m   rekenen/7    --
  13:59  stap 157200/170000   92%  1105 ms/st  nog 3u55m   rekenen/14  100%
  14:00  stap 157250/170000   92%  1105 ms/st  nog 3u54m   puzzel/3    --
  14:01  stap 157300/170000   93%  1105 ms/st  nog 3u53m   rekenen/6  100%
  14:01  stap 157350/170000   93%  1105 ms/st  nog 3u52m   code/2    --
  14:02  stap 157400/170000   93%  1105 ms/st  nog 3u52m   rekenen/7  100%
  14:03  stap 157450/170000   93%  1105 ms/st  nog 3u51m   rekenen/15    --
  14:04  stap 157500/170000   93%  1105 ms/st  nog 3u50m   rekenen/16   95%
  stap 157500 | diepte  39%  diepte2  68%  gemengd  76%  grondslag  72%  ladder  89%   | diepte tot 17 | 365 ms/stap
  14:05  stap 157550/170000   93%  1105 ms/st  nog 3u49m   rekenen/8    --
  14:06  stap 157600/170000   93%  1105 ms/st  nog 3u48m   rekenen/5  100%
  14:07  stap 157650/170000   93%  1105 ms/st  nog 3u47m   code/7    --
  14:08  stap 157700/170000   93%  1105 ms/st  nog 3u46m   code/5   98%
  14:09  stap 157750/170000   93%  1105 ms/st  nog 3u45m   code/6    --
  14:10  stap 157800/170000   93%  1105 ms/st  nog 3u44m   rekenen/5  100%
  14:11  stap 157850/170000   93%  1105 ms/st  nog 3u43m   rekenen/4    --
  14:12  stap 157900/170000   93%  1105 ms/st  nog 3u42m   rekenen/9  100%
  14:12  stap 157950/170000   93%  1105 ms/st  nog 3u41m   code/7    --
  14:13  stap 158000/170000   93%  1105 ms/st  nog 3u40m   rekenen/15  100%
  stap 158000 | diepte  39%  diepte2  68%  gemengd  77%  grondslag  72%  ladder  89%   | diepte tot 17 | 367 ms/stap
  14:15  stap 158050/170000   93%  1105 ms/st  nog 3u40m   rekenen/7    --
  14:16  stap 158100/170000   93%  1105 ms/st  nog 3u39m   puzzel/5   94%
  14:16  stap 158150/170000   93%  1105 ms/st  nog 3u38m   rekenen/4    --
  14:17  stap 158200/170000   93%  1105 ms/st  nog 3u37m   rekenen/2  100%
  14:18  stap 158250/170000   93%  1105 ms/st  nog 3u36m   code/7    --
  14:19  stap 158300/170000   93%  1105 ms/st  nog 3u35m   rekenen/7   98%
  14:20  stap 158350/170000   93%  1105 ms/st  nog 3u34m   puzzel/1    --
  14:21  stap 158400/170000   93%  1105 ms/st  nog 3u33m   rekenen/5  100%
  14:22  stap 158450/170000   93%  1105 ms/st  nog 3u32m   code/8    --
  14:23  stap 158500/170000   93%  1105 ms/st  nog 3u31m   rekenen/1  100%
  stap 158500 | diepte  39%  diepte2  68%  gemengd  75%  grondslag  72%  ladder  88%   | diepte tot 17 | 370 ms/stap
  14:24  stap 158550/170000   93%  1105 ms/st  nog 3u30m   rekenen/12    --
  14:25  stap 158600/170000   93%  1105 ms/st  nog 3u30m   rekenen/1  100%
  14:26  stap 158650/170000   93%  1105 ms/st  nog 3u29m   code/2    --
  14:27  stap 158700/170000   93%  1105 ms/st  nog 3u28m   puzzel/3   97%
  14:27  stap 158750/170000   93%  1105 ms/st  nog 3u27m   rekenen/16    --
  14:28  stap 158800/170000   93%  1105 ms/st  nog 3u26m   code/8   98%
  14:29  stap 158850/170000   93%  1105 ms/st  nog 3u25m   puzzel/3    --
  14:30  stap 158900/170000   93%  1105 ms/st  nog 3u24m   puzzel/1  100%
  14:31  stap 158950/170000   94%  1105 ms/st  nog 3u23m   rekenen/6    --
  14:32  stap 159000/170000   94%  1105 ms/st  nog 3u22m   rekenen/11   97%
  stap 159000 | diepte  35%  diepte2  71%  gemengd  73%  grondslag  72%  ladder  88%   | diepte tot 17 | 372 ms/stap
  14:33  stap 159050/170000   94%  1105 ms/st  nog 3u21m   rekenen/14    --
  14:34  stap 159100/170000   94%  1105 ms/st  nog 3u20m   rekenen/16   94%
  14:35  stap 159150/170000   94%  1105 ms/st  nog 3u19m   rekenen/12    --
  14:36  stap 159200/170000   94%  1105 ms/st  nog 3u18m   code/8  100%
  14:37  stap 159250/170000   94%  1105 ms/st  nog 3u17m   code/7    --
  14:37  stap 159300/170000   94%  1105 ms/st  nog 3u17m   rekenen/1  100%
  14:38  stap 159350/170000   94%  1105 ms/st  nog 3u16m   rekenen/16    --
  14:39  stap 159400/170000   94%  1105 ms/st  nog 3u15m   rekenen/17   92%
  14:40  stap 159450/170000   94%  1105 ms/st  nog 3u14m   code/1    --
  14:41  stap 159500/170000   94%  1105 ms/st  nog 3u13m   rekenen/16   92%
  stap 159500 | diepte  38%  diepte2  70%  gemengd  75%  grondslag  69%  ladder  89%   | diepte tot 17 | 374 ms/stap
  14:42  stap 159550/170000   94%  1105 ms/st  nog 3u12m   rekenen/3    --
  14:43  stap 159600/170000   94%  1105 ms/st  nog 3u11m   rekenen/3  100%
  14:44  stap 159650/170000   94%  1105 ms/st  nog 3u10m   rekenen/17    --
  14:45  stap 159700/170000   94%  1105 ms/st  nog 3u09m   code/7  100%
  14:46  stap 159750/170000   94%  1105 ms/st  nog 3u08m   rekenen/1    --
  14:47  stap 159800/170000   94%  1105 ms/st  nog 3u07m   rekenen/12   98%
  14:48  stap 159850/170000   94%  1105 ms/st  nog 3u06m   rekenen/16    --
  14:48  stap 159900/170000   94%  1105 ms/st  nog 3u06m   rekenen/17   95%
  14:49  stap 159950/170000   94%  1105 ms/st  nog 3u05m   code/7    --
  14:50  stap 160000/170000   94%  1105 ms/st  nog 3u04m   rekenen/5   98%
  stap 160000 | diepte  40%  diepte2  69%  gemengd  73%  grondslag  67%  ladder  89%   | diepte tot 17 | 377 ms/stap
  14:52  stap 160050/170000   94%  1106 ms/st  nog 3u03m   rekenen/4    --
  14:53  stap 160100/170000   94%  1106 ms/st  nog 3u02m   code/1  100%
  14:53  stap 160150/170000   94%  1105 ms/st  nog 3u01m   rekenen/8    --
  14:54  stap 160200/170000   94%  1105 ms/st  nog 3u00m   puzzel/3   98%
  14:55  stap 160250/170000   94%  1105 ms/st  nog 2u59m   code/4    --
  14:56  stap 160300/170000   94%  1105 ms/st  nog 2u58m   rekenen/9  100%
  14:57  stap 160350/170000   94%  1105 ms/st  nog 2u57m   rekenen/8    --
  14:58  stap 160400/170000   94%  1105 ms/st  nog 2u56m   puzzel/3   98%
  14:59  stap 160450/170000   94%  1105 ms/st  nog 2u55m   rekenen/2    --
  15:00  stap 160500/170000   94%  1105 ms/st  nog 2u54m   rekenen/13   97%
  stap 160500 | diepte  38%  diepte2  69%  gemengd  77%  grondslag  73%  ladder  89%   | diepte tot 17 | 379 ms/stap
  15:01  stap 160550/170000   94%  1106 ms/st  nog 2u54m   puzzel/2    --
  15:02  stap 160600/170000   94%  1105 ms/st  nog 2u53m   rekenen/8   98%
  15:03  stap 160650/170000   94%  1105 ms/st  nog 2u52m   rekenen/9    --
  15:03  stap 160700/170000   95%  1105 ms/st  nog 2u51m   code/7  100%
  15:04  stap 160750/170000   95%  1105 ms/st  nog 2u50m   code/7    --
  15:05  stap 160800/170000   95%  1105 ms/st  nog 2u49m   rekenen/15   95%
  15:06  stap 160850/170000   95%  1105 ms/st  nog 2u48m   rekenen/17    --
  15:07  stap 160900/170000   95%  1105 ms/st  nog 2u47m   rekenen/14   98%
  15:08  stap 160950/170000   95%  1105 ms/st  nog 2u46m   code/4    --
  15:08  stap 161000/170000   95%  1105 ms/st  nog 2u45m   code/4   98%
  stap 161000 | diepte  40%  diepte2  68%  gemengd  75%  grondslag  72%  ladder  89%   | diepte tot 17 | 381 ms/stap
  15:10  stap 161050/170000   95%  1105 ms/st  nog 2u44m   code/1    --
  15:11  stap 161100/170000   95%  1105 ms/st  nog 2u43m   code/6   98%
  15:12  stap 161150/170000   95%  1105 ms/st  nog 2u43m   puzzel/2    --
  15:12  stap 161200/170000   95%  1105 ms/st  nog 2u42m   code/4   97%
  15:13  stap 161250/170000   95%  1105 ms/st  nog 2u41m   puzzel/1    --
  15:14  stap 161300/170000   95%  1105 ms/st  nog 2u40m   code/5   97%
  15:15  stap 161350/170000   95%  1105 ms/st  nog 2u39m   code/1    --
  15:16  stap 161400/170000   95%  1105 ms/st  nog 2u38m   rekenen/14   98%
  15:17  stap 161450/170000   95%  1105 ms/st  nog 2u37m   rekenen/16    --
  15:18  stap 161500/170000   95%  1105 ms/st  nog 2u36m   rekenen/5  100%
  stap 161500 | diepte  37%  diepte2  70%  gemengd  79%  grondslag  74%  ladder  89%   | diepte tot 17 | 383 ms/stap
  15:19  stap 161550/170000   95%  1105 ms/st  nog 2u35m   rekenen/8    --
  15:20  stap 161600/170000   95%  1105 ms/st  nog 2u34m   rekenen/9  100%
  15:21  stap 161650/170000   95%  1105 ms/st  nog 2u33m   code/8    --
  15:22  stap 161700/170000   95%  1105 ms/st  nog 2u32m   rekenen/15   94%
  15:22  stap 161750/170000   95%  1105 ms/st  nog 2u31m   rekenen/11    --
  15:23  stap 161800/170000   95%  1105 ms/st  nog 2u30m   rekenen/7   98%
  15:24  stap 161850/170000   95%  1105 ms/st  nog 2u30m   rekenen/5    --
  15:25  stap 161900/170000   95%  1105 ms/st  nog 2u29m   rekenen/9   97%
  15:26  stap 161950/170000   95%  1104 ms/st  nog 2u28m   rekenen/3    --
  15:26  stap 162000/170000   95%  1104 ms/st  nog 2u27m   code/8   97%
  stap 162000 | diepte  32%  diepte2  69%  gemengd  75%  grondslag  71%  ladder  89%   | diepte tot 17 | 385 ms/stap
  15:28  stap 162050/170000   95%  1105 ms/st  nog 2u26m   puzzel/1    --
  15:29  stap 162100/170000   95%  1105 ms/st  nog 2u25m   puzzel/2  100%
  15:30  stap 162150/170000   95%  1105 ms/st  nog 2u24m   code/4    --
  15:30  stap 162200/170000   95%  1105 ms/st  nog 2u23m   rekenen/5   98%
  15:31  stap 162250/170000   95%  1105 ms/st  nog 2u22m   puzzel/4    --
  15:32  stap 162300/170000   95%  1104 ms/st  nog 2u21m   rekenen/6  100%
  15:33  stap 162350/170000   96%  1104 ms/st  nog 2u20m   code/8    --
  15:34  stap 162400/170000   96%  1104 ms/st  nog 2u19m   rekenen/12   98%
  15:35  stap 162450/170000   96%  1104 ms/st  nog 2u18m   rekenen/14    --
  15:36  stap 162500/170000   96%  1104 ms/st  nog 2u18m   code/7   97%
  stap 162500 | diepte  32%  diepte2  69%  gemengd  75%  grondslag  72%  ladder  89%   | diepte tot 17 | 388 ms/stap
  15:37  stap 162550/170000   96%  1105 ms/st  nog 2u17m   rekenen/9    --
  15:38  stap 162600/170000   96%  1105 ms/st  nog 2u16m   rekenen/8   97%
  15:39  stap 162650/170000   96%  1105 ms/st  nog 2u15m   rekenen/5    --
  15:40  stap 162700/170000   96%  1105 ms/st  nog 2u14m   code/4   98%
  15:41  stap 162750/170000   96%  1105 ms/st  nog 2u13m   rekenen/2    --
  15:42  stap 162800/170000   96%  1105 ms/st  nog 2u12m   rekenen/11  100%
  15:42  stap 162850/170000   96%  1105 ms/st  nog 2u11m   puzzel/2    --
  15:43  stap 162900/170000   96%  1105 ms/st  nog 2u10m   code/5  100%
  15:44  stap 162950/170000   96%  1104 ms/st  nog 2u09m   puzzel/3    --
  15:45  stap 163000/170000   96%  1104 ms/st  nog 2u08m   rekenen/7   98%
  stap 163000 | diepte  39%  diepte2  69%  gemengd  76%  grondslag  73%  ladder  89%   | diepte tot 17 | 390 ms/stap
  15:46  stap 163050/170000   96%  1105 ms/st  nog 2u07m   rekenen/9    --
  15:47  stap 163100/170000   96%  1105 ms/st  nog 2u07m   code/2  100%
  15:48  stap 163150/170000   96%  1105 ms/st  nog 2u06m   rekenen/2    --
  15:49  stap 163200/170000   96%  1105 ms/st  nog 2u05m   rekenen/6  100%
  15:50  stap 163250/170000   96%  1105 ms/st  nog 2u04m   code/6    --
  15:51  stap 163300/170000   96%  1105 ms/st  nog 2u03m   rekenen/3  100%
  15:52  stap 163350/170000   96%  1105 ms/st  nog 2u02m   code/5    --
  15:53  stap 163400/170000   96%  1105 ms/st  nog 2u01m   rekenen/5  100%
  15:53  stap 163450/170000   96%  1105 ms/st  nog 2u00m   code/2    --
  15:54  stap 163500/170000   96%  1104 ms/st  nog 1u59m   puzzel/3   97%
  stap 163500 | diepte  33%  diepte2  69%  gemengd  77%  grondslag  72%  ladder  90%   | diepte tot 17 | 392 ms/stap
  15:56  stap 163550/170000   96%  1105 ms/st  nog 1u58m   rekenen/17    --
  15:57  stap 163600/170000   96%  1105 ms/st  nog 1u57m   rekenen/2  100%
  15:57  stap 163650/170000   96%  1105 ms/st  nog 1u56m   rekenen/7    --
  15:58  stap 163700/170000   96%  1105 ms/st  nog 1u55m   rekenen/13   95%
  15:59  stap 163750/170000   96%  1105 ms/st  nog 1u55m   rekenen/10    --
  16:00  stap 163800/170000   96%  1105 ms/st  nog 1u54m   code/8   95%
  16:01  stap 163850/170000   96%  1105 ms/st  nog 1u53m   rekenen/6    --
  16:02  stap 163900/170000   96%  1105 ms/st  nog 1u52m   rekenen/9  100%
  16:03  stap 163950/170000   96%  1105 ms/st  nog 1u51m   rekenen/4    --
  16:03  stap 164000/170000   96%  1104 ms/st  nog 1u50m   rekenen/10  100%
  stap 164000 | diepte  35%  diepte2  69%  gemengd  77%  grondslag  73%  ladder  89%   | diepte tot 17 | 394 ms/stap
  16:05  stap 164050/170000   96%  1105 ms/st  nog 1u49m   rekenen/17    --
  16:06  stap 164100/170000   97%  1105 ms/st  nog 1u48m   rekenen/13   98%
  16:06  stap 164150/170000   97%  1105 ms/st  nog 1u47m   rekenen/1    --
  16:07  stap 164200/170000   97%  1105 ms/st  nog 1u46m   code/6   98%
  16:08  stap 164250/170000   97%  1105 ms/st  nog 1u45m   rekenen/7    --
  16:09  stap 164300/170000   97%  1105 ms/st  nog 1u44m   rekenen/14   98%
  16:10  stap 164350/170000   97%  1104 ms/st  nog 1u44m   code/1    --
  16:11  stap 164400/170000   97%  1104 ms/st  nog 1u43m   puzzel/4   89%
  16:12  stap 164450/170000   97%  1104 ms/st  nog 1u42m   code/6    --
  16:13  stap 164500/170000   97%  1104 ms/st  nog 1u41m   rekenen/11   98%
  stap 164500 | diepte  36%  diepte2  69%  gemengd  74%  grondslag  71%  ladder  89%   | diepte tot 17 | 396 ms/stap
  16:14  stap 164550/170000   97%  1105 ms/st  nog 1u40m   rekenen/13    --
  16:15  stap 164600/170000   97%  1105 ms/st  nog 1u39m   rekenen/17   97%
  16:16  stap 164650/170000   97%  1105 ms/st  nog 1u38m   rekenen/5    --
  16:17  stap 164700/170000   97%  1105 ms/st  nog 1u37m   rekenen/10  100%
  16:17  stap 164750/170000   97%  1105 ms/st  nog 1u36m   rekenen/11    --
  16:18  stap 164800/170000   97%  1104 ms/st  nog 1u35m   code/6  100%
  16:19  stap 164850/170000   97%  1104 ms/st  nog 1u34m   rekenen/5    --
  16:20  stap 164900/170000   97%  1104 ms/st  nog 1u33m   puzzel/5   83%
  16:21  stap 164950/170000   97%  1104 ms/st  nog 1u32m   rekenen/9    --
  16:22  stap 165000/170000   97%  1104 ms/st  nog 1u32m   rekenen/16   89%
  stap 165000 | diepte  35%  diepte2  69%  gemengd  75%  grondslag  74%  ladder  89%   | diepte tot 17 | 398 ms/stap
  16:23  stap 165050/170000   97%  1105 ms/st  nog 1u31m   rekenen/7    --
  16:24  stap 165100/170000   97%  1105 ms/st  nog 1u30m   rekenen/7   98%
  16:25  stap 165150/170000   97%  1105 ms/st  nog 1u29m   code/6    --
  16:26  stap 165200/170000   97%  1105 ms/st  nog 1u28m   code/3  100%
  16:27  stap 165250/170000   97%  1105 ms/st  nog 1u27m   rekenen/13    --
  16:27  stap 165300/170000   97%  1104 ms/st  nog 1u26m   code/4  100%
  16:28  stap 165350/170000   97%  1104 ms/st  nog 1u25m   rekenen/2    --
  16:29  stap 165400/170000   97%  1104 ms/st  nog 1u24m   rekenen/17   94%
  16:30  stap 165450/170000   97%  1104 ms/st  nog 1u23m   puzzel/4    --
  16:31  stap 165500/170000   97%  1104 ms/st  nog 1u22m   puzzel/4   88%
  stap 165500 | diepte  33%  diepte2  71%  gemengd  75%  grondslag  72%  ladder  89%   | diepte tot 17 | 401 ms/stap
  16:32  stap 165550/170000   97%  1105 ms/st  nog 1u21m   rekenen/6    --
  16:33  stap 165600/170000   97%  1105 ms/st  nog 1u21m   rekenen/12   97%
  16:34  stap 165650/170000   97%  1105 ms/st  nog 1u20m   code/8    --
  16:35  stap 165700/170000   97%  1105 ms/st  nog 1u19m   puzzel/5   97%
  16:36  stap 165750/170000   98%  1105 ms/st  nog 1u18m   rekenen/16    --
  16:37  stap 165800/170000   98%  1105 ms/st  nog 1u17m   rekenen/9   97%
  16:38  stap 165850/170000   98%  1105 ms/st  nog 1u16m   rekenen/17    --
  16:39  stap 165900/170000   98%  1105 ms/st  nog 1u15m   rekenen/11  100%
  16:39  stap 165950/170000   98%  1105 ms/st  nog 1u14m   rekenen/13    --
  16:40  stap 166000/170000   98%  1105 ms/st  nog 1u13m   rekenen/11  100%
  stap 166000 | diepte  33%  diepte2  69%  gemengd  75%  grondslag  73%  ladder  89%   | diepte tot 17 | 403 ms/stap
  16:42  stap 166050/170000   98%  1105 ms/st  nog 1u12m   rekenen/5    --
  16:43  stap 166100/170000   98%  1105 ms/st  nog 1u11m   rekenen/9   97%
  16:44  stap 166150/170000   98%  1105 ms/st  nog 1u10m   code/2    --
  16:45  stap 166200/170000   98%  1105 ms/st  nog 1u09m   puzzel/4   98%
  16:45  stap 166250/170000   98%  1105 ms/st  nog 1u09m   code/4    --
  16:46  stap 166300/170000   98%  1105 ms/st  nog 1u08m   code/4   98%
  16:47  stap 166350/170000   98%  1105 ms/st  nog 1u07m   rekenen/11    --
  16:48  stap 166400/170000   98%  1105 ms/st  nog 1u06m   code/1  100%
  16:49  stap 166450/170000   98%  1105 ms/st  nog 1u05m   code/6    --
  16:50  stap 166500/170000   98%  1105 ms/st  nog 1u04m   code/4  100%
  stap 166500 | diepte  36%  diepte2  69%  gemengd  75%  grondslag  73%  ladder  88%   | diepte tot 17 | 405 ms/stap
  16:51  stap 166550/170000   98%  1105 ms/st  nog 1u03m   rekenen/8    --
  16:52  stap 166600/170000   98%  1105 ms/st  nog 1u02m   code/3  100%
  16:53  stap 166650/170000   98%  1105 ms/st  nog 1u01m   rekenen/8    --
  16:54  stap 166700/170000   98%  1105 ms/st  nog 1u00m   rekenen/8  100%
  16:55  stap 166750/170000   98%  1105 ms/st  nog 0u59m   code/3    --
  16:56  stap 166800/170000   98%  1105 ms/st  nog 0u58m   puzzel/2  100%
  16:56  stap 166850/170000   98%  1105 ms/st  nog 0u58m   rekenen/1    --
  16:57  stap 166900/170000   98%  1105 ms/st  nog 0u57m   puzzel/3   98%
  16:58  stap 166950/170000   98%  1105 ms/st  nog 0u56m   rekenen/1    --
  16:59  stap 167000/170000   98%  1105 ms/st  nog 0u55m   puzzel/4   97%
  stap 167000 | diepte  35%  diepte2  69%  gemengd  73%  grondslag  72%  ladder  89%   | diepte tot 17 | 407 ms/stap
  17:00  stap 167050/170000   98%  1105 ms/st  nog 0u54m   rekenen/13    --
  17:01  stap 167100/170000   98%  1105 ms/st  nog 0u53m   code/5   98%
  17:02  stap 167150/170000   98%  1105 ms/st  nog 0u52m   rekenen/3    --
  17:03  stap 167200/170000   98%  1105 ms/st  nog 0u51m   puzzel/1  100%
  17:04  stap 167250/170000   98%  1105 ms/st  nog 0u50m   rekenen/9    --
  17:05  stap 167300/170000   98%  1105 ms/st  nog 0u49m   puzzel/5   86%
  17:05  stap 167350/170000   98%  1105 ms/st  nog 0u48m   rekenen/16    --
  17:06  stap 167400/170000   98%  1105 ms/st  nog 0u47m   code/8  100%
  17:07  stap 167450/170000   98%  1105 ms/st  nog 0u46m   code/2    --
  17:08  stap 167500/170000   99%  1105 ms/st  nog 0u46m   rekenen/3  100%
  stap 167500 | diepte  33%  diepte2  69%  gemengd  75%  grondslag  70%  ladder  89%   | diepte tot 17 | 409 ms/stap
  17:10  stap 167550/170000   99%  1105 ms/st  nog 0u45m   rekenen/5    --
  17:10  stap 167600/170000   99%  1105 ms/st  nog 0u44m   rekenen/4  100%
  17:11  stap 167650/170000   99%  1105 ms/st  nog 0u43m   rekenen/3    --
  17:12  stap 167700/170000   99%  1105 ms/st  nog 0u42m   code/1  100%
  17:13  stap 167750/170000   99%  1105 ms/st  nog 0u41m   puzzel/3    --
  17:14  stap 167800/170000   99%  1105 ms/st  nog 0u40m   rekenen/7  100%
  17:15  stap 167850/170000   99%  1105 ms/st  nog 0u39m   code/8    --
  17:16  stap 167900/170000   99%  1105 ms/st  nog 0u38m   code/1  100%
  17:16  stap 167950/170000   99%  1105 ms/st  nog 0u37m   rekenen/4    --
  17:17  stap 168000/170000   99%  1105 ms/st  nog 0u36m   rekenen/16   95%
  stap 168000 | diepte  37%  diepte2  70%  gemengd  77%  grondslag  69%  ladder  87%   | diepte tot 17 | 411 ms/stap
  17:19  stap 168050/170000   99%  1105 ms/st  nog 0u35m   rekenen/6    --
  17:20  stap 168100/170000   99%  1105 ms/st  nog 0u35m   rekenen/15   95%
  17:21  stap 168150/170000   99%  1105 ms/st  nog 0u34m   rekenen/2    --
  17:22  stap 168200/170000   99%  1105 ms/st  nog 0u33m   rekenen/10  100%
  17:22  stap 168250/170000   99%  1105 ms/st  nog 0u32m   rekenen/7    --
  17:23  stap 168300/170000   99%  1105 ms/st  nog 0u31m   code/7  100%
  17:24  stap 168350/170000   99%  1105 ms/st  nog 0u30m   code/3    --
  17:25  stap 168400/170000   99%  1105 ms/st  nog 0u29m   rekenen/12   97%
  17:26  stap 168450/170000   99%  1105 ms/st  nog 0u28m   rekenen/14    --
  17:27  stap 168500/170000   99%  1105 ms/st  nog 0u27m   rekenen/5  100%
  stap 168500 | diepte  39%  diepte2  71%  gemengd  74%  grondslag  72%  ladder  89%   | diepte tot 17 | 413 ms/stap
  17:28  stap 168550/170000   99%  1105 ms/st  nog 0u26m   puzzel/2    --
  17:29  stap 168600/170000   99%  1105 ms/st  nog 0u25m   rekenen/2  100%
  17:30  stap 168650/170000   99%  1105 ms/st  nog 0u24m   rekenen/14    --
  17:31  stap 168700/170000   99%  1105 ms/st  nog 0u23m   puzzel/4   98%
  17:32  stap 168750/170000   99%  1105 ms/st  nog 0u23m   rekenen/7    --
  17:33  stap 168800/170000   99%  1105 ms/st  nog 0u22m   code/3  100%
  17:33  stap 168850/170000   99%  1105 ms/st  nog 0u21m   rekenen/8    --
  17:34  stap 168900/170000   99%  1105 ms/st  nog 0u20m   rekenen/5  100%
  17:35  stap 168950/170000   99%  1105 ms/st  nog 0u19m   puzzel/1    --
  17:36  stap 169000/170000   99%  1105 ms/st  nog 0u18m   rekenen/13   97%
  stap 169000 | diepte  38%  diepte2  69%  gemengd  75%  grondslag  73%  ladder  89%   | diepte tot 17 | 415 ms/stap
  17:38  stap 169050/170000   99%  1106 ms/st  nog 0u17m   code/3    --
  17:38  stap 169100/170000   99%  1105 ms/st  nog 0u16m   code/3  100%
  17:39  stap 169150/170000  100%  1105 ms/st  nog 0u15m   rekenen/10    --
  17:40  stap 169200/170000  100%  1105 ms/st  nog 0u14m   rekenen/8   98%
  17:41  stap 169250/170000  100%  1105 ms/st  nog 0u13m   code/6    --
  17:42  stap 169300/170000  100%  1105 ms/st  nog 0u12m   rekenen/5  100%
  17:43  stap 169350/170000  100%  1105 ms/st  nog 0u11m   puzzel/5    --
  17:43  stap 169400/170000  100%  1105 ms/st  nog 0u11m   rekenen/3  100%
  17:44  stap 169450/170000  100%  1105 ms/st  nog 0u10m   puzzel/2    --
  17:45  stap 169500/170000  100%  1105 ms/st  nog 0u09m   rekenen/6   98%
  stap 169500 | diepte  35%  diepte2  69%  gemengd  74%  grondslag  71%  ladder  87%   | diepte tot 17 | 417 ms/stap
  17:47  stap 169550/170000  100%  1105 ms/st  nog 0u08m   rekenen/9    --
  17:48  stap 169600/170000  100%  1105 ms/st  nog 0u07m   code/6  100%
  17:48  stap 169650/170000  100%  1105 ms/st  nog 0u06m   rekenen/14    --
  17:49  stap 169700/170000  100%  1105 ms/st  nog 0u05m   puzzel/1  100%
  17:50  stap 169750/170000  100%  1105 ms/st  nog 0u04m   rekenen/17    --
  17:51  stap 169800/170000  100%  1105 ms/st  nog 0u03m   code/2  100%
  17:52  stap 169850/170000  100%  1105 ms/st  nog 0u02m   code/3    --
  17:53  stap 169900/170000  100%  1105 ms/st  nog 0u01m   code/5   98%
  17:54  stap 169950/170000  100%  1105 ms/st  nog 0u00m   puzzel/1    --
  17:54  stap 170000/170000  100%  1105 ms/st  nog 0u00m   puzzel/2  100%
  stap 170000 | diepte  36%  diepte2  70%  gemengd  75%  grondslag  75%  ladder  89%   | diepte tot 17 | 419 ms/stap

========================================================================
| stap | proefwerk diepte | proefwerk diepte2 | proefwerk gemengd | proefwerk grondslag | proefwerk ladder | wereld open tot |
|---:|---:|---:|---:|---:|---:|---:|
| 0 | 37% | 69% | 63% | 59% | 88% | diepte 17 |
| 106000 | 39% | 69% | 72% | 66% | 89% | diepte 17 |
| 106500 | 37% | 67% | 72% | 68% | 90% | diepte 17 |
| 107000 | 40% | 67% | 72% | 71% | 89% | diepte 17 |
| 107500 | 36% | 68% | 72% | 69% | 89% | diepte 17 |
| 108000 | 36% | 69% | 75% | 73% | 90% | diepte 17 |
| 108500 | 41% | 69% | 73% | 69% | 89% | diepte 17 |
| 109000 | 35% | 67% | 73% | 71% | 90% | diepte 17 |
| 109500 | 44% | 69% | 74% | 71% | 89% | diepte 17 |
| 110000 | 41% | 69% | 74% | 69% | 87% | diepte 17 |
| 110500 | 42% | 69% | 73% | 71% | 89% | diepte 17 |
| 111000 | 39% | 69% | 76% | 73% | 90% | diepte 17 |
| 111500 | 35% | 68% | 72% | 68% | 89% | diepte 17 |
| 112000 | 40% | 69% | 73% | 70% | 87% | diepte 17 |
| 112500 | 35% | 69% | 67% | 65% | 89% | diepte 17 |
| 113000 | 36% | 69% | 71% | 71% | 89% | diepte 17 |
| 113500 | 30% | 67% | 72% | 67% | 89% | diepte 17 |
| 114000 | 35% | 66% | 71% | 69% | 90% | diepte 17 |
| 114500 | 33% | 68% | 69% | 69% | 89% | diepte 17 |
| 115000 | 34% | 70% | 72% | 67% | 89% | diepte 17 |
| 115500 | 33% | 67% | 74% | 75% | 89% | diepte 17 |
| 116000 | 34% | 70% | 75% | 71% | 89% | diepte 17 |
| 116500 | 35% | 68% | 74% | 71% | 89% | diepte 17 |
| 117000 | 35% | 69% | 75% | 69% | 90% | diepte 17 |
| 117500 | 33% | 68% | 74% | 72% | 89% | diepte 17 |
| 118000 | 33% | 68% | 75% | 71% | 89% | diepte 17 |
| 118500 | 33% | 69% | 70% | 66% | 89% | diepte 17 |
| 119000 | 30% | 69% | 73% | 71% | 90% | diepte 17 |
| 119500 | 36% | 69% | 75% | 70% | 89% | diepte 17 |
| 120000 | 33% | 71% | 74% | 66% | 89% | diepte 17 |
| 120500 | 35% | 71% | 74% | 65% | 89% | diepte 17 |
| 121000 | 35% | 70% | 76% | 69% | 89% | diepte 17 |
| 121500 | 39% | 70% | 73% | 67% | 89% | diepte 17 |
| 122000 | 39% | 69% | 75% | 69% | 89% | diepte 17 |
| 122500 | 34% | 70% | 73% | 67% | 89% | diepte 17 |
| 123000 | 36% | 70% | 77% | 70% | 89% | diepte 17 |
| 123500 | 31% | 71% | 75% | 71% | 89% | diepte 17 |
| 124000 | 35% | 69% | 72% | 67% | 88% | diepte 17 |
| 124500 | 33% | 69% | 73% | 70% | 88% | diepte 17 |
| 125000 | 37% | 69% | 74% | 67% | 90% | diepte 17 |
| 125500 | 37% | 71% | 74% | 68% | 87% | diepte 17 |
| 126000 | 35% | 70% | 75% | 69% | 87% | diepte 17 |
| 126500 | 36% | 69% | 73% | 72% | 88% | diepte 17 |
| 127000 | 37% | 70% | 73% | 70% | 89% | diepte 17 |
| 127500 | 35% | 71% | 73% | 69% | 89% | diepte 17 |
| 128000 | 36% | 70% | 70% | 67% | 88% | diepte 17 |
| 128500 | 35% | 68% | 74% | 66% | 89% | diepte 17 |
| 129000 | 39% | 69% | 72% | 63% | 89% | diepte 17 |
| 129500 | 39% | 67% | 73% | 66% | 89% | diepte 17 |
| 130000 | 38% | 69% | 69% | 67% | 89% | diepte 17 |
| 130500 | 37% | 71% | 75% | 69% | 89% | diepte 17 |
| 131000 | 39% | 70% | 73% | 73% | 89% | diepte 17 |
| 131500 | 38% | 69% | 75% | 70% | 89% | diepte 17 |
| 132000 | 41% | 70% | 75% | 71% | 89% | diepte 17 |
| 132500 | 39% | 71% | 73% | 71% | 89% | diepte 17 |
| 133000 | 40% | 68% | 72% | 69% | 89% | diepte 17 |
| 133500 | 37% | 69% | 74% | 69% | 90% | diepte 17 |
| 134000 | 37% | 70% | 74% | 70% | 89% | diepte 17 |
| 134500 | 39% | 70% | 73% | 71% | 90% | diepte 17 |
| 135000 | 38% | 70% | 72% | 68% | 89% | diepte 17 |
| 135500 | 45% | 68% | 74% | 73% | 89% | diepte 17 |
| 136000 | 41% | 69% | 73% | 70% | 89% | diepte 17 |
| 136500 | 41% | 69% | 75% | 69% | 89% | diepte 17 |
| 137000 | 39% | 70% | 75% | 71% | 89% | diepte 17 |
| 137500 | 37% | 70% | 75% | 67% | 89% | diepte 17 |
| 138000 | 39% | 71% | 73% | 71% | 89% | diepte 17 |
| 138500 | 33% | 70% | 74% | 73% | 89% | diepte 17 |
| 139000 | 39% | 69% | 77% | 73% | 89% | diepte 17 |
| 139500 | 40% | 69% | 75% | 73% | 88% | diepte 17 |
| 140000 | 37% | 70% | 74% | 71% | 90% | diepte 17 |
| 140500 | 35% | 69% | 75% | 71% | 88% | diepte 17 |
| 141000 | 35% | 69% | 74% | 71% | 90% | diepte 17 |
| 141500 | 37% | 69% | 75% | 71% | 88% | diepte 17 |
| 142000 | 42% | 67% | 74% | 72% | 89% | diepte 17 |
| 142500 | 37% | 68% | 73% | 70% | 88% | diepte 17 |
| 143000 | 37% | 69% | 71% | 71% | 89% | diepte 17 |
| 143500 | 31% | 71% | 77% | 73% | 89% | diepte 17 |
| 144000 | 33% | 68% | 75% | 73% | 89% | diepte 17 |
| 144500 | 37% | 69% | 79% | 73% | 89% | diepte 17 |
| 145000 | 29% | 69% | 76% | 73% | 89% | diepte 17 |
| 145500 | 34% | 70% | 74% | 75% | 89% | diepte 17 |
| 146000 | 35% | 71% | 75% | 72% | 90% | diepte 17 |
| 146500 | 36% | 71% | 75% | 69% | 89% | diepte 17 |
| 147000 | 33% | 69% | 75% | 72% | 89% | diepte 17 |
| 147500 | 36% | 70% | 75% | 69% | 89% | diepte 17 |
| 148000 | 33% | 71% | 73% | 71% | 89% | diepte 17 |
| 148500 | 39% | 70% | 73% | 72% | 89% | diepte 17 |
| 149000 | 38% | 69% | 71% | 68% | 89% | diepte 17 |
| 149500 | 35% | 68% | 71% | 67% | 89% | diepte 17 |
| 150000 | 36% | 70% | 71% | 69% | 89% | diepte 17 |
| 150500 | 36% | 71% | 74% | 71% | 89% | diepte 17 |
| 151000 | 41% | 69% | 74% | 70% | 88% | diepte 17 |
| 151500 | 40% | 69% | 73% | 70% | 87% | diepte 17 |
| 152000 | 38% | 70% | 75% | 73% | 89% | diepte 17 |
| 152500 | 35% | 69% | 75% | 72% | 89% | diepte 17 |
| 153000 | 34% | 68% | 72% | 68% | 89% | diepte 17 |
| 153500 | 34% | 69% | 75% | 72% | 89% | diepte 17 |
| 154000 | 35% | 70% | 73% | 73% | 89% | diepte 17 |
| 154500 | 36% | 67% | 71% | 71% | 89% | diepte 17 |
| 155000 | 35% | 69% | 74% | 70% | 89% | diepte 17 |
| 155500 | 34% | 67% | 75% | 71% | 89% | diepte 17 |
| 156000 | 35% | 68% | 73% | 69% | 89% | diepte 17 |
| 156500 | 41% | 69% | 75% | 75% | 89% | diepte 17 |
| 157000 | 37% | 69% | 74% | 67% | 89% | diepte 17 |
| 157500 | 39% | 68% | 76% | 72% | 89% | diepte 17 |
| 158000 | 39% | 68% | 77% | 72% | 89% | diepte 17 |
| 158500 | 39% | 68% | 75% | 72% | 88% | diepte 17 |
| 159000 | 35% | 71% | 73% | 72% | 88% | diepte 17 |
| 159500 | 38% | 70% | 75% | 69% | 89% | diepte 17 |
| 160000 | 40% | 69% | 73% | 67% | 89% | diepte 17 |
| 160500 | 38% | 69% | 77% | 73% | 89% | diepte 17 |
| 161000 | 40% | 68% | 75% | 72% | 89% | diepte 17 |
| 161500 | 37% | 70% | 79% | 74% | 89% | diepte 17 |
| 162000 | 32% | 69% | 75% | 71% | 89% | diepte 17 |
| 162500 | 32% | 69% | 75% | 72% | 89% | diepte 17 |
| 163000 | 39% | 69% | 76% | 73% | 89% | diepte 17 |
| 163500 | 33% | 69% | 77% | 72% | 90% | diepte 17 |
| 164000 | 35% | 69% | 77% | 73% | 89% | diepte 17 |
| 164500 | 36% | 69% | 74% | 71% | 89% | diepte 17 |
| 165000 | 35% | 69% | 75% | 74% | 89% | diepte 17 |
| 165500 | 33% | 71% | 75% | 72% | 89% | diepte 17 |
| 166000 | 33% | 69% | 75% | 73% | 89% | diepte 17 |
| 166500 | 36% | 69% | 75% | 73% | 88% | diepte 17 |
| 167000 | 35% | 69% | 73% | 72% | 89% | diepte 17 |
| 167500 | 33% | 69% | 75% | 70% | 89% | diepte 17 |
| 168000 | 37% | 70% | 77% | 69% | 87% | diepte 17 |
| 168500 | 39% | 71% | 74% | 72% | 89% | diepte 17 |
| 169000 | 38% | 69% | 75% | 73% | 89% | diepte 17 |
| 169500 | 35% | 69% | 74% | 71% | 87% | diepte 17 |
| 170000 | 36% | 70% | 75% | 75% | 89% | diepte 17 |
========================================================================

Wereld open tot diepte 17. Geheugen: 20000 herinneringen.

Waar ze zelf voor koos, de zes vaakst gekozen onderwerpen:
  puzzel/4: 2261× (1%)
  rekenen/17: 2231× (1%)
  puzzel/5: 2231× (1%)
  rekenen/14: 2197× (1%)
  code/7: 2194× (1%)
  rekenen/15: 2193× (1%)

Verslag: /home/arch/amber-werk/fase1/leven.md
=== klaar om 17:55:40 ===
=== poging 1 — 19:35:44 ===
  geheugen terug: 20,000 herinneringen
HERVAT bij stap 170001. Vorige keer eindigde met 'rust', 100 minuten geleden.
========================================================================
Leven in de wereld
========================================================================
14,368,528 parameters op cuda
170000 stappen, herhaling 37.5%, wereld open tot diepte 17
proefwerk elke 500 stappen, 150 opgaven per stuk

=== poging 1 — 19:36:12 ===
  geheugen terug: 20,000 herinneringen
HERVAT bij stap 170001. Vorige keer eindigde met 'incident', 0 minuten geleden.
========================================================================
Leven in de wereld
========================================================================
14,368,528 parameters op cuda
170000 stappen, herhaling 37.5%, wereld open tot diepte 17
proefwerk elke 500 stappen, 150 opgaven per stuk

  stap     0 | diepte  36%  diepte2  70%  gemengd  75%  grondslag  75%  ladder  89%

========================================================================
| stap | proefwerk diepte | proefwerk diepte2 | proefwerk gemengd | proefwerk grondslag | proefwerk ladder | wereld open tot |
|---:|---:|---:|---:|---:|---:|---:|
| 0 | 36% | 70% | 75% | 75% | 89% | diepte 17 |
========================================================================

Wereld open tot diepte 17. Geheugen: 20000 herinneringen.

Waar ze zelf voor koos, de zes vaakst gekozen onderwerpen:

Verslag: /home/arch/amber-werk/fase1/leven.md
=== klaar om 19:37:02 ===
=== poging 1 — 20:17:20 ===
  geheugen terug: 20,000 herinneringen
HERVAT bij stap 170001. Vorige keer eindigde met 'rust', 40 minuten geleden.
========================================================================
Leven in de wereld
========================================================================
14,368,528 parameters op cuda
320000 stappen, herhaling 37.5%, wereld open tot diepte 17
proefwerk elke 500 stappen, 150 opgaven per stuk

=== poging 1 — 20:17:23 ===
  geheugen terug: 20,000 herinneringen
HERVAT bij stap 170001. Vorige keer eindigde met 'incident', 0 minuten geleden.
========================================================================
Leven in de wereld
========================================================================
14,368,528 parameters op cuda
320000 stappen, herhaling 37.5%, wereld open tot diepte 17
proefwerk elke 500 stappen, 150 opgaven per stuk

  stap     0 | diepte  36%  diepte2  70%  gemengd  75%  grondslag  75%  ladder  89%
  stap 170001 | wereld open: code tot 9, rekenen tot 18, puzzel tot 6
  20:19  stap 170050/320000   53%  1457 ms/st  nog 60u40m   code/9    --
  stap 170056 | wereld open: rekenen tot 19
  stap 170060 | wereld open: code tot 10
  stap 170072 | wereld open: rekenen tot 20
  stap 170076 | wereld open: rekenen tot 21
  20:20  stap 170100/320000   53%  1674 ms/st  nog 69u41m   rekenen/21   47%
  stap 170112 | wereld open: code tot 11
  20:22  stap 170150/320000   53%  1760 ms/st  nog 73u15m   rekenen/11    --
  stap 170196 | wereld open: rekenen tot 22
  20:23  stap 170200/320000   53%  1737 ms/st  nog 72u16m   code/9   61%
  stap 170216 | wereld open: rekenen tot 23
  20:25  stap 170250/320000   53%  1771 ms/st  nog 73u39m   rekenen/16    --
  20:27  stap 170300/320000   53%  1786 ms/st  nog 74u15m   rekenen/10  100%
  stap 170348 | wereld open: rekenen tot 24
  20:28  stap 170350/320000   53%  1767 ms/st  nog 73u26m   code/4    --
  20:30  stap 170400/320000   53%  1779 ms/st  nog 73u56m   rekenen/2  100%
  20:31  stap 170450/320000   53%  1792 ms/st  nog 74u27m   rekenen/18    --
  stap 170468 | wereld open: rekenen tot 25
  20:33  stap 170500/320000   53%  1804 ms/st  nog 74u55m   rekenen/13   97%
  stap 170500 | diepte  40%  diepte2  75%  gemengd  80%  grondslag  76%  ladder  88%   | diepte tot 25 | 6 ms/stap
  20:35  stap 170550/320000   53%  1888 ms/st  nog 78u22m   rekenen/24    --
  20:36  stap 170600/320000   53%  1871 ms/st  nog 77u39m   rekenen/1  100%
  stap 170628 | wereld open: rekenen tot 26
  20:38  stap 170650/320000   53%  1880 ms/st  nog 78u00m   code/9    --
  20:40  stap 170700/320000   53%  1875 ms/st  nog 77u46m   code/10   72%
  20:41  stap 170750/320000   53%  1875 ms/st  nog 77u42m   rekenen/9    --
  20:43  stap 170800/320000   53%  1883 ms/st  nog 78u01m   puzzel/5   70%
  20:45  stap 170850/320000   53%  1896 ms/st  nog 78u33m   code/11    --
  20:46  stap 170900/320000   53%  1901 ms/st  nog 78u44m   rekenen/18   97%
  20:48  stap 170950/320000   53%  1891 ms/st  nog 78u18m   puzzel/3    --
  20:49  stap 171000/320000   53%  1892 ms/st  nog 78u17m   rekenen/26   73%
  stap 171000 | diepte  37%  diepte2  77%  gemengd  81%  grondslag  79%  ladder  89%   | diepte tot 26 | 11 ms/stap
  20:52  stap 171050/320000   53%  1936 ms/st  nog 80u07m   rekenen/20    --
  20:53  stap 171100/320000   53%  1932 ms/st  nog 79u53m   rekenen/9  100%
  20:55  stap 171150/320000   53%  1928 ms/st  nog 79u43m   rekenen/13    --
  20:56  stap 171200/320000   54%  1926 ms/st  nog 79u37m   rekenen/23   89%
  20:58  stap 171250/320000   54%  1923 ms/st  nog 79u27m   puzzel/6    --
  20:59  stap 171300/320000   54%  1913 ms/st  nog 79u00m   code/1  100%
  21:01  stap 171350/320000   54%  1904 ms/st  nog 78u37m   code/3    --
  21:02  stap 171400/320000   54%  1909 ms/st  nog 78u48m   rekenen/15   95%
  21:04  stap 171450/320000   54%  1909 ms/st  nog 78u46m   code/7    --
  21:05  stap 171500/320000   54%  1902 ms/st  nog 78u26m   code/1  100%
  stap 171500 | diepte  37%  diepte2  77%  gemengd  79%  grondslag  79%  ladder  87%   | diepte tot 26 | 17 ms/stap
  21:07  stap 171550/320000   54%  1925 ms/st  nog 79u23m   rekenen/22    --
  21:09  stap 171600/320000   54%  1922 ms/st  nog 79u14m   code/5   97%
  21:11  stap 171650/320000   54%  1922 ms/st  nog 79u12m   rekenen/18    --
  21:12  stap 171700/320000   54%  1921 ms/st  nog 79u09m   code/4   98%
  21:14  stap 171750/320000   54%  1917 ms/st  nog 78u55m   puzzel/4    --
  21:15  stap 171800/320000   54%  1916 ms/st  nog 78u51m   code/1  100%
  21:17  stap 171850/320000   54%  1914 ms/st  nog 78u45m   code/3    --
  21:18  stap 171900/320000   54%  1909 ms/st  nog 78u33m   rekenen/16   98%
  21:20  stap 171950/320000   54%  1906 ms/st  nog 78u22m   puzzel/2    --
  21:21  stap 172000/320000   54%  1906 ms/st  nog 78u21m   rekenen/22   95%
  stap 172000 | diepte  39%  diepte2  79%  gemengd  83%  grondslag  83%  ladder  88%   | diepte tot 26 | 22 ms/stap
  21:24  stap 172050/320000   54%  1929 ms/st  nog 79u17m   code/1    --
  21:25  stap 172100/320000   54%  1931 ms/st  nog 79u20m   code/9   91%
  21:27  stap 172150/320000   54%  1926 ms/st  nog 79u06m   puzzel/1    --
  21:28  stap 172200/320000   54%  1924 ms/st  nog 78u59m   rekenen/5  100%
  21:30  stap 172250/320000   54%  1918 ms/st  nog 78u43m   puzzel/4    --
  21:31  stap 172300/320000   54%  1914 ms/st  nog 78u30m   puzzel/2   97%
  21:33  stap 172350/320000   54%  1911 ms/st  nog 78u23m   rekenen/9    --
  21:34  stap 172400/320000   54%  1910 ms/st  nog 78u17m   code/7   98%
  21:35  stap 172450/320000   54%  1905 ms/st  nog 78u05m   rekenen/22    --
  21:37  stap 172500/320000   54%  1904 ms/st  nog 77u59m   rekenen/10   98%
  stap 172500 | diepte  35%  diepte2  80%  gemengd  84%  grondslag  84%  ladder  87%   | diepte tot 26 | 28 ms/stap
  21:39  stap 172550/320000   54%  1922 ms/st  nog 78u42m   code/5    --
  21:41  stap 172600/320000   54%  1922 ms/st  nog 78u41m   rekenen/18   97%
  21:43  stap 172650/320000   54%  1921 ms/st  nog 78u37m   code/11    --
  21:44  stap 172700/320000   54%  1921 ms/st  nog 78u34m   code/9  100%
  21:45  stap 172750/320000   54%  1916 ms/st  nog 78u21m   puzzel/6    --
  21:47  stap 172800/320000   54%  1915 ms/st  nog 78u17m   rekenen/1  100%
  21:49  stap 172850/320000   54%  1915 ms/st  nog 78u17m   rekenen/3    --
  21:50  stap 172900/320000   54%  1914 ms/st  nog 78u11m   rekenen/10  100%
  21:52  stap 172950/320000   54%  1912 ms/st  nog 78u06m   rekenen/6    --
  21:53  stap 173000/320000   54%  1911 ms/st  nog 78u02m   code/4   97%
  stap 173000 | diepte  36%  diepte2  79%  gemengd  81%  grondslag  83%  ladder  88%   | diepte tot 26 | 33 ms/stap
  21:56  stap 173050/320000   54%  1925 ms/st  nog 78u34m   rekenen/1    --
  21:57  stap 173100/320000   54%  1927 ms/st  nog 78u37m   code/5  100%
  21:59  stap 173150/320000   54%  1924 ms/st  nog 78u29m   code/11    --
  22:00  stap 173200/320000   54%  1923 ms/st  nog 78u25m   rekenen/22   92%
  22:02  stap 173250/320000   54%  1922 ms/st  nog 78u20m   rekenen/22    --
  22:03  stap 173300/320000   54%  1921 ms/st  nog 78u15m   puzzel/4   81%
  22:05  stap 173350/320000   54%  1919 ms/st  nog 78u11m   rekenen/9    --
  22:06  stap 173400/320000   54%  1914 ms/st  nog 77u56m   rekenen/10  100%
  22:08  stap 173450/320000   54%  1911 ms/st  nog 77u47m   rekenen/21    --
  22:09  stap 173500/320000   54%  1911 ms/st  nog 77u46m   rekenen/25   95%
  stap 173500 | diepte  33%  diepte2  78%  gemengd  80%  grondslag  81%  ladder  88%   | diepte tot 26 | 39 ms/stap
  22:12  stap 173550/320000   54%  1924 ms/st  nog 78u15m   code/4    --
  22:13  stap 173600/320000   54%  1923 ms/st  nog 78u13m   puzzel/5   83%
  22:14  stap 173650/320000   54%  1918 ms/st  nog 77u59m   puzzel/1    --
  22:16  stap 173700/320000   54%  1917 ms/st  nog 77u53m   rekenen/19   92%
  22:18  stap 173750/320000   54%  1918 ms/st  nog 77u55m   code/10    --
  22:19  stap 173800/320000   54%  1917 ms/st  nog 77u51m   rekenen/24   89%
  22:21  stap 173850/320000   54%  1915 ms/st  nog 77u44m   rekenen/5    --
  22:22  stap 173900/320000   54%  1913 ms/st  nog 77u37m   code/8  100%
  22:23  stap 173950/320000   54%  1910 ms/st  nog 77u30m   puzzel/6    --
  22:25  stap 174000/320000   54%  1909 ms/st  nog 77u26m   puzzel/6   81%
  stap 174000 | diepte  33%  diepte2  81%  gemengd  86%  grondslag  83%  ladder  89%   | diepte tot 26 | 44 ms/stap
  22:27  stap 174050/320000   54%  1920 ms/st  nog 77u49m   code/11    --
  22:29  stap 174100/320000   54%  1919 ms/st  nog 77u46m   rekenen/16   98%
  22:31  stap 174150/320000   54%  1920 ms/st  nog 77u47m   rekenen/20    --
  22:32  stap 174200/320000   54%  1918 ms/st  nog 77u40m   rekenen/26   77%
  22:33  stap 174250/320000   54%  1917 ms/st  nog 77u36m   code/1    --
  22:35  stap 174300/320000   54%  1915 ms/st  nog 77u30m   puzzel/1   92%
  22:36  stap 174350/320000   54%  1913 ms/st  nog 77u24m   rekenen/26    --
  22:38  stap 174400/320000   55%  1914 ms/st  nog 77u25m   code/9   98%
  22:40  stap 174450/320000   55%  1913 ms/st  nog 77u20m   rekenen/18    --
  22:41  stap 174500/320000   55%  1911 ms/st  nog 77u15m   puzzel/3   88%
  stap 174500 | diepte  35%  diepte2  78%  gemengd  85%  grondslag  87%  ladder  89%   | diepte tot 26 | 50 ms/stap
  22:43  stap 174550/320000   55%  1919 ms/st  nog 77u30m   rekenen/3    --
  22:45  stap 174600/320000   55%  1916 ms/st  nog 77u22m   code/2  100%
  22:46  stap 174650/320000   55%  1914 ms/st  nog 77u16m   code/6    --
  22:47  stap 174700/320000   55%  1912 ms/st  nog 77u09m   code/10   97%
=== poging 1 — 22:49:16 ===
  geheugen terug: 30,000 herinneringen
HERVAT bij stap 174501. Vorige keer eindigde met 'incident', 0 minuten geleden.
========================================================================
Leven in de wereld
========================================================================
14,368,528 parameters op cuda
320000 stappen, herhaling 37.5%, wereld open tot diepte 26
proefwerk elke 500 stappen, 150 opgaven per stuk

  stap     0 | diepte  35%  diepte2  78%  gemengd  85%  grondslag  87%  ladder  89%
  22:51  stap 174550/320000   55%  1530 ms/st  nog 61u48m   rekenen/3    --
  22:52  stap 174600/320000   55%  1636 ms/st  nog 66u05m   code/2  100%
  22:54  stap 174650/320000   55%  1650 ms/st  nog 66u37m   rekenen/6    --
  22:55  stap 174700/320000   55%  1655 ms/st  nog 66u48m   code/10   98%
  22:57  stap 174750/320000   55%  1680 ms/st  nog 67u47m   code/4    --
  22:58  stap 174800/320000   55%  1687 ms/st  nog 68u01m   puzzel/3   86%
  22:59  stap 174850/320000   55%  1696 ms/st  nog 68u23m   rekenen/21    --
  23:01  stap 174900/320000   55%  1690 ms/st  nog 68u07m   rekenen/4  100%
  23:02  stap 174950/320000   55%  1703 ms/st  nog 68u37m   rekenen/16    --
  23:04  stap 175000/320000   55%  1690 ms/st  nog 68u03m   puzzel/4   92%
  stap 175000 | diepte  36%  diepte2  80%  gemengd  85%  grondslag  86%  ladder  89%   | diepte tot 26 | 5 ms/stap
  23:06  stap 175050/320000   55%  1772 ms/st  nog 71u21m   rekenen/24    --
  23:07  stap 175100/320000   55%  1775 ms/st  nog 71u27m   rekenen/22  100%
  23:09  stap 175150/320000   55%  1771 ms/st  nog 71u15m   puzzel/2    --
  23:10  stap 175200/320000   55%  1766 ms/st  nog 71u02m   rekenen/11   98%
  23:12  stap 175250/320000   55%  1771 ms/st  nog 71u13m   rekenen/2    --
  23:13  stap 175300/320000   55%  1765 ms/st  nog 70u55m   rekenen/15  100%
  23:15  stap 175350/320000   55%  1761 ms/st  nog 70u46m   puzzel/2    --
  23:16  stap 175400/320000   55%  1769 ms/st  nog 71u02m   rekenen/9  100%
  23:18  stap 175450/320000   55%  1766 ms/st  nog 70u54m   rekenen/10    --
  23:19  stap 175500/320000   55%  1767 ms/st  nog 70u55m   rekenen/19   97%
  stap 175500 | diepte  35%  diepte2  79%  gemengd  83%  grondslag  83%  ladder  87%   | diepte tot 26 | 10 ms/stap
  23:21  stap 175550/320000   55%  1806 ms/st  nog 72u27m   rekenen/17    --
  23:23  stap 175600/320000   55%  1809 ms/st  nog 72u33m   code/10   92%
  23:24  stap 175650/320000   55%  1804 ms/st  nog 72u20m   rekenen/22    --
  23:26  stap 175700/320000   55%  1801 ms/st  nog 72u11m   rekenen/13   98%
  23:27  stap 175750/320000   55%  1796 ms/st  nog 71u57m   code/3    --
  23:28  stap 175800/320000   55%  1792 ms/st  nog 71u46m   rekenen/7  100%
  23:30  stap 175850/320000   55%  1794 ms/st  nog 71u50m   code/4    --
  23:31  stap 175900/320000   55%  1795 ms/st  nog 71u50m   puzzel/4   73%
  23:33  stap 175950/320000   55%  1794 ms/st  nog 71u47m   rekenen/1    --
  23:34  stap 176000/320000   55%  1792 ms/st  nog 71u40m   puzzel/2  100%
  stap 176000 | diepte  36%  diepte2  80%  gemengd  85%  grondslag  85%  ladder  87%   | diepte tot 26 | 16 ms/stap
  23:36  stap 176050/320000   55%  1817 ms/st  nog 72u38m   code/5    --
  23:38  stap 176100/320000   55%  1811 ms/st  nog 72u24m   rekenen/24   92%
  23:39  stap 176150/320000   55%  1810 ms/st  nog 72u19m   rekenen/11    --
  23:41  stap 176200/320000   55%  1811 ms/st  nog 72u19m   rekenen/15  100%
  23:42  stap 176250/320000   55%  1807 ms/st  nog 72u08m   code/2    --
  23:44  stap 176300/320000   55%  1802 ms/st  nog 71u56m   rekenen/17  100%
  23:45  stap 176350/320000   55%  1798 ms/st  nog 71u45m   puzzel/4    --
  23:47  stap 176400/320000   55%  1800 ms/st  nog 71u46m   rekenen/26   91%
  23:48  stap 176450/320000   55%  1792 ms/st  nog 71u28m   rekenen/25    --
  23:49  stap 176500/320000   55%  1792 ms/st  nog 71u25m   code/4  100%
  stap 176500 | diepte  31%  diepte2  77%  gemengd  86%  grondslag  82%  ladder  85%   | diepte tot 26 | 21 ms/stap
  23:51  stap 176550/320000   55%  1811 ms/st  nog 72u09m   rekenen/22    --
  23:53  stap 176600/320000   55%  1813 ms/st  nog 72u12m   puzzel/1   94%
  23:54  stap 176650/320000   55%  1809 ms/st  nog 72u02m   puzzel/5    --
  23:56  stap 176700/320000   55%  1808 ms/st  nog 71u57m   code/11   97%
  23:57  stap 176750/320000   55%  1804 ms/st  nog 71u46m   code/1    --
  23:59  stap 176800/320000   55%  1804 ms/st  nog 71u45m   rekenen/19   97%
  00:00  stap 176850/320000   55%  1803 ms/st  nog 71u41m   code/4    --
  00:02  stap 176900/320000   55%  1801 ms/st  nog 71u34m   code/5  100%
  00:03  stap 176950/320000   55%  1791 ms/st  nog 71u10m   rekenen/20    --
  00:04  stap 177000/320000   55%  1790 ms/st  nog 71u06m   rekenen/4  100%
  stap 177000 | diepte  35%  diepte2  79%  gemengd  88%  grondslag  85%  ladder  87%   | diepte tot 26 | 26 ms/stap
  00:06  stap 177050/320000   55%  1808 ms/st  nog 71u46m   rekenen/10    --
  00:08  stap 177100/320000   55%  1803 ms/st  nog 71u34m   rekenen/8  100%
  00:09  stap 177150/320000   55%  1798 ms/st  nog 71u21m   code/1    --
  00:10  stap 177200/320000   55%  1794 ms/st  nog 71u09m   code/2  100%
  00:12  stap 177250/320000   55%  1792 ms/st  nog 71u03m   code/7    --
  00:13  stap 177300/320000   55%  1791 ms/st  nog 70u59m   rekenen/24   92%
  00:15  stap 177350/320000   55%  1789 ms/st  nog 70u52m   rekenen/9    --
  00:16  stap 177400/320000   55%  1785 ms/st  nog 70u41m   code/6  100%
  00:17  stap 177450/320000   55%  1785 ms/st  nog 70u40m   rekenen/22    --
  00:19  stap 177500/320000   55%  1782 ms/st  nog 70u31m   rekenen/19   95%
  stap 177500 | diepte  34%  diepte2  79%  gemengd  81%  grondslag  81%  ladder  88%   | diepte tot 26 | 30 ms/stap
  00:21  stap 177550/320000   55%  1797 ms/st  nog 71u06m   rekenen/17    --
  00:22  stap 177600/320000   56%  1797 ms/st  nog 71u04m   rekenen/13   98%
  00:24  stap 177650/320000   56%  1796 ms/st  nog 70u59m   code/4    --
  00:25  stap 177700/320000   56%  1797 ms/st  nog 71u01m   puzzel/6   83%
  00:27  stap 177750/320000   56%  1792 ms/st  nog 70u49m   puzzel/5    --
  00:28  stap 177800/320000   56%  1790 ms/st  nog 70u41m   rekenen/18   94%
  00:29  stap 177850/320000   56%  1787 ms/st  nog 70u34m   rekenen/1    --
  00:31  stap 177900/320000   56%  1787 ms/st  nog 70u31m   rekenen/3  100%
  00:32  stap 177950/320000   56%  1785 ms/st  nog 70u26m   puzzel/6    --
  00:34  stap 178000/320000   56%  1786 ms/st  nog 70u26m   code/7   97%
  stap 178000 | diepte  37%  diepte2  79%  gemengd  85%  grondslag  86%  ladder  88%   | diepte tot 26 | 35 ms/stap
  00:36  stap 178050/320000   56%  1797 ms/st  nog 70u52m   rekenen/17    --
  00:37  stap 178100/320000   56%  1797 ms/st  nog 70u49m   code/8   97%
  00:39  stap 178150/320000   56%  1797 ms/st  nog 70u49m   rekenen/10    --
  00:40  stap 178200/320000   56%  1794 ms/st  nog 70u39m   rekenen/11  100%
  00:42  stap 178250/320000   56%  1794 ms/st  nog 70u37m   rekenen/19    --
  00:43  stap 178300/320000   56%  1792 ms/st  nog 70u32m   rekenen/8  100%
  00:44  stap 178350/320000   56%  1789 ms/st  nog 70u23m   rekenen/20    --
  00:46  stap 178400/320000   56%  1788 ms/st  nog 70u19m   rekenen/1  100%
  00:47  stap 178450/320000   56%  1784 ms/st  nog 70u09m   puzzel/6    --
  00:49  stap 178500/320000   56%  1786 ms/st  nog 70u11m   rekenen/6  100%
  stap 178500 | diepte  37%  diepte2  80%  gemengd  82%  grondslag  82%  ladder  88%   | diepte tot 26 | 40 ms/stap
  00:51  stap 178550/320000   56%  1797 ms/st  nog 70u35m   puzzel/4    --
  00:52  stap 178600/320000   56%  1797 ms/st  nog 70u35m   puzzel/6   83%
  00:54  stap 178650/320000   56%  1797 ms/st  nog 70u33m   rekenen/5    --
  00:55  stap 178700/320000   56%  1797 ms/st  nog 70u31m   code/3  100%
  00:57  stap 178750/320000   56%  1795 ms/st  nog 70u26m   rekenen/2    --
  00:58  stap 178800/320000   56%  1795 ms/st  nog 70u23m   code/10  100%
  00:59  stap 178850/320000   56%  1791 ms/st  nog 70u14m   rekenen/12    --
  01:01  stap 178900/320000   56%  1792 ms/st  nog 70u13m   code/9   98%
  01:02  stap 178950/320000   56%  1790 ms/st  nog 70u08m   code/3    --
  01:04  stap 179000/320000   56%  1789 ms/st  nog 70u04m   rekenen/26   86%
  stap 179000 | diepte  37%  diepte2  79%  gemengd  84%  grondslag  86%  ladder  87%   | diepte tot 26 | 45 ms/stap
  01:06  stap 179050/320000   56%  1799 ms/st  nog 70u25m   rekenen/22    --
  01:08  stap 179100/320000   56%  1800 ms/st  nog 70u25m   rekenen/12  100%
  01:09  stap 179150/320000   56%  1799 ms/st  nog 70u22m   rekenen/15    --
  01:11  stap 179200/320000   56%  1800 ms/st  nog 70u23m   rekenen/14   98%
  01:12  stap 179250/320000   56%  1800 ms/st  nog 70u21m   rekenen/5    --
  01:13  stap 179300/320000   56%  1799 ms/st  nog 70u19m   rekenen/11  100%
  01:15  stap 179350/320000   56%  1799 ms/st  nog 70u17m   rekenen/6    --
  01:16  stap 179400/320000   56%  1797 ms/st  nog 70u10m   code/4  100%
  01:18  stap 179450/320000   56%  1795 ms/st  nog 70u03m   rekenen/16    --
  01:19  stap 179500/320000   56%  1793 ms/st  nog 69u58m   rekenen/12   97%
  stap 179500 | diepte  38%  diepte2  80%  gemengd  83%  grondslag  81%  ladder  88%   | diepte tot 26 | 50 ms/stap
  01:21  stap 179550/320000   56%  1802 ms/st  nog 70u17m   rekenen/19    --
  01:23  stap 179600/320000   56%  1802 ms/st  nog 70u16m   rekenen/18   98%
  01:24  stap 179650/320000   56%  1800 ms/st  nog 70u09m   code/10    --
  01:26  stap 179700/320000   56%  1801 ms/st  nog 70u10m   code/8   98%
  01:27  stap 179750/320000   56%  1800 ms/st  nog 70u08m   code/3    --
  01:29  stap 179800/320000   56%  1801 ms/st  nog 70u07m   code/8   98%
  01:30  stap 179850/320000   56%  1797 ms/st  nog 69u58m   rekenen/14    --
  01:31  stap 179900/320000   56%  1798 ms/st  nog 69u59m   code/9  100%
  01:33  stap 179950/320000   56%  1798 ms/st  nog 69u56m   code/9    --
  01:34  stap 180000/320000   56%  1796 ms/st  nog 69u51m   rekenen/17   98%
  stap 180000 | diepte  37%  diepte2  79%  gemengd  83%  grondslag  84%  ladder  88%   | diepte tot 26 | 55 ms/stap
  01:36  stap 180050/320000   56%  1802 ms/st  nog 70u03m   rekenen/13    --
  01:38  stap 180100/320000   56%  1802 ms/st  nog 70u00m   code/10  100%
  01:39  stap 180150/320000   56%  1801 ms/st  nog 69u56m   code/9    --
  01:41  stap 180200/320000   56%  1800 ms/st  nog 69u52m   rekenen/18   95%
  01:42  stap 180250/320000   56%  1799 ms/st  nog 69u49m   code/8    --
  01:43  stap 180300/320000   56%  1798 ms/st  nog 69u45m   rekenen/10  100%
  01:45  stap 180350/320000   56%  1796 ms/st  nog 69u40m   rekenen/20    --
  01:46  stap 180400/320000   56%  1796 ms/st  nog 69u39m   rekenen/12  100%
  01:47  stap 180450/320000   56%  1794 ms/st  nog 69u32m   rekenen/21    --
  01:49  stap 180500/320000   56%  1793 ms/st  nog 69u27m   rekenen/3  100%
  stap 180500 | diepte  35%  diepte2  77%  gemengd  83%  grondslag  83%  ladder  86%   | diepte tot 26 | 60 ms/stap
  01:51  stap 180550/320000   56%  1799 ms/st  nog 69u41m   rekenen/18    --
  01:53  stap 180600/320000   56%  1800 ms/st  nog 69u41m   rekenen/22   89%
  01:54  stap 180650/320000   56%  1798 ms/st  nog 69u36m   puzzel/3    --
  01:55  stap 180700/320000   56%  1797 ms/st  nog 69u32m   puzzel/3   94%
  01:57  stap 180750/320000   56%  1796 ms/st  nog 69u28m   rekenen/5    --
  01:58  stap 180800/320000   56%  1795 ms/st  nog 69u23m   rekenen/20   98%
  02:00  stap 180850/320000   57%  1795 ms/st  nog 69u22m   rekenen/11    --
  02:01  stap 180900/320000   57%  1795 ms/st  nog 69u21m   code/9   98%
  02:02  stap 180950/320000   57%  1793 ms/st  nog 69u16m   rekenen/1    --
  02:04  stap 181000/320000   57%  1792 ms/st  nog 69u11m   code/6  100%
  stap 181000 | diepte  34%  diepte2  78%  gemengd  87%  grondslag  85%  ladder  89%   | diepte tot 26 | 65 ms/stap
  02:06  stap 181050/320000   57%  1798 ms/st  nog 69u23m   rekenen/25    --
  02:07  stap 181100/320000   57%  1798 ms/st  nog 69u21m   rekenen/1  100%
  02:09  stap 181150/320000   57%  1796 ms/st  nog 69u16m   code/10    --
  02:10  stap 181200/320000   57%  1797 ms/st  nog 69u16m   code/10   97%
  02:12  stap 181250/320000   57%  1796 ms/st  nog 69u12m   puzzel/3    --
  02:13  stap 181300/320000   57%  1796 ms/st  nog 69u11m   rekenen/18   97%
  02:15  stap 181350/320000   57%  1796 ms/st  nog 69u09m   rekenen/19    --
  02:16  stap 181400/320000   57%  1795 ms/st  nog 69u06m   code/2  100%
  02:17  stap 181450/320000   57%  1794 ms/st  nog 69u02m   rekenen/10    --
  02:19  stap 181500/320000   57%  1794 ms/st  nog 69u01m   rekenen/9  100%
  stap 181500 | diepte  34%  diepte2  78%  gemengd  85%  grondslag  83%  ladder  87%   | diepte tot 26 | 69 ms/stap
  02:21  stap 181550/320000   57%  1800 ms/st  nog 69u14m   rekenen/6    --
  02:22  stap 181600/320000   57%  1798 ms/st  nog 69u08m   rekenen/16   97%
  02:24  stap 181650/320000   57%  1796 ms/st  nog 69u02m   rekenen/26    --
  02:25  stap 181700/320000   57%  1797 ms/st  nog 69u01m   rekenen/14   98%
  02:27  stap 181750/320000   57%  1797 ms/st  nog 68u59m   rekenen/4    --
  02:28  stap 181800/320000   57%  1797 ms/st  nog 68u59m   code/11  100%
  02:30  stap 181850/320000   57%  1796 ms/st  nog 68u55m   rekenen/26    --
  02:31  stap 181900/320000   57%  1796 ms/st  nog 68u53m   code/7   98%
  02:32  stap 181950/320000   57%  1795 ms/st  nog 68u50m   code/1    --
  02:34  stap 182000/320000   57%  1795 ms/st  nog 68u47m   code/2  100%
  stap 182000 | diepte  32%  diepte2  77%  gemengd  82%  grondslag  85%  ladder  87%   | diepte tot 26 | 74 ms/stap
  02:36  stap 182050/320000   57%  1802 ms/st  nog 69u02m   rekenen/23    --
  02:38  stap 182100/320000   57%  1802 ms/st  nog 69u01m   rekenen/24   95%
  02:39  stap 182150/320000   57%  1801 ms/st  nog 68u58m   rekenen/3    --
  02:41  stap 182200/320000   57%  1801 ms/st  nog 68u55m   rekenen/14   97%
  02:42  stap 182250/320000   57%  1799 ms/st  nog 68u50m   code/10    --
  02:43  stap 182300/320000   57%  1799 ms/st  nog 68u49m   puzzel/2  100%
  02:45  stap 182350/320000   57%  1799 ms/st  nog 68u47m   rekenen/1    --
  02:46  stap 182400/320000   57%  1799 ms/st  nog 68u45m   rekenen/15   95%
  02:48  stap 182450/320000   57%  1799 ms/st  nog 68u43m   rekenen/6    --
  02:49  stap 182500/320000   57%  1798 ms/st  nog 68u40m   rekenen/19  100%
  stap 182500 | diepte  37%  diepte2  79%  gemengd  83%  grondslag  82%  ladder  89%   | diepte tot 26 | 79 ms/stap
  02:51  stap 182550/320000   57%  1803 ms/st  nog 68u50m   code/6    --
  02:53  stap 182600/320000   57%  1803 ms/st  nog 68u47m   rekenen/7  100%
  02:54  stap 182650/320000   57%  1801 ms/st  nog 68u42m   rekenen/17    --
  02:56  stap 182700/320000   57%  1800 ms/st  nog 68u40m   code/7   98%
  02:57  stap 182750/320000   57%  1800 ms/st  nog 68u37m   rekenen/11    --
  02:59  stap 182800/320000   57%  1801 ms/st  nog 68u37m   code/3  100%
  03:00  stap 182850/320000   57%  1800 ms/st  nog 68u35m   rekenen/12    --
  03:01  stap 182900/320000   57%  1800 ms/st  nog 68u31m   rekenen/3  100%
  03:03  stap 182950/320000   57%  1799 ms/st  nog 68u28m   rekenen/4    --
  03:04  stap 183000/320000   57%  1798 ms/st  nog 68u25m   code/9   97%
  stap 183000 | diepte  38%  diepte2  80%  gemengd  82%  grondslag  82%  ladder  87%   | diepte tot 26 | 84 ms/stap
  03:06  stap 183050/320000   57%  1803 ms/st  nog 68u35m   code/3    --
  03:08  stap 183100/320000   57%  1803 ms/st  nog 68u34m   rekenen/16   95%
  03:09  stap 183150/320000   57%  1803 ms/st  nog 68u31m   rekenen/6    --
  03:11  stap 183200/320000   57%  1803 ms/st  nog 68u31m   rekenen/15   97%
  03:12  stap 183250/320000   57%  1802 ms/st  nog 68u27m   rekenen/2    --
  03:14  stap 183300/320000   57%  1802 ms/st  nog 68u24m   code/4   98%
  03:15  stap 183350/320000   57%  1801 ms/st  nog 68u22m   rekenen/4    --
  03:17  stap 183400/320000   57%  1800 ms/st  nog 68u19m   rekenen/8  100%
  03:18  stap 183450/320000   57%  1801 ms/st  nog 68u17m   code/7    --
  03:19  stap 183500/320000   57%  1799 ms/st  nog 68u12m   rekenen/10  100%
  stap 183500 | diepte  37%  diepte2  79%  gemengd  81%  grondslag  79%  ladder  87%   | diepte tot 26 | 88 ms/stap
  03:22  stap 183550/320000   57%  1804 ms/st  nog 68u22m   code/4    --
  03:23  stap 183600/320000   57%  1803 ms/st  nog 68u18m   rekenen/4  100%
  03:24  stap 183650/320000   57%  1803 ms/st  nog 68u16m   rekenen/11    --
  03:26  stap 183700/320000   57%  1802 ms/st  nog 68u14m   rekenen/20   98%
  03:27  stap 183750/320000   57%  1802 ms/st  nog 68u12m   code/6    --
  03:29  stap 183800/320000   57%  1802 ms/st  nog 68u09m   rekenen/7  100%
  03:30  stap 183850/320000   57%  1801 ms/st  nog 68u06m   rekenen/6    --
  03:32  stap 183900/320000   57%  1801 ms/st  nog 68u05m   puzzel/1   98%
  03:33  stap 183950/320000   57%  1801 ms/st  nog 68u02m   code/6    --
  03:35  stap 184000/320000   57%  1801 ms/st  nog 68u01m   code/8   98%
  stap 184000 | diepte  35%  diepte2  80%  gemengd  83%  grondslag  81%  ladder  88%   | diepte tot 26 | 93 ms/stap
  03:37  stap 184050/320000   58%  1805 ms/st  nog 68u09m   rekenen/24    --
  03:38  stap 184100/320000   58%  1805 ms/st  nog 68u07m   rekenen/24   91%
  03:40  stap 184150/320000   58%  1804 ms/st  nog 68u04m   puzzel/6    --
  03:41  stap 184200/320000   58%  1804 ms/st  nog 68u02m   rekenen/14  100%
  03:43  stap 184250/320000   58%  1804 ms/st  nog 68u00m   puzzel/1    --
  03:44  stap 184300/320000   58%  1803 ms/st  nog 67u57m   rekenen/4  100%
  03:45  stap 184350/320000   58%  1802 ms/st  nog 67u54m   rekenen/17    --
  03:47  stap 184400/320000   58%  1802 ms/st  nog 67u51m   puzzel/2  100%
  03:48  stap 184450/320000   58%  1800 ms/st  nog 67u46m   puzzel/4    --
  03:50  stap 184500/320000   58%  1800 ms/st  nog 67u44m   rekenen/19   97%
  stap 184500 | diepte  38%  diepte2  80%  gemengd  83%  grondslag  83%  ladder  89%   | diepte tot 26 | 98 ms/stap
  03:52  stap 184550/320000   58%  1805 ms/st  nog 67u54m   rekenen/16    --
  03:53  stap 184600/320000   58%  1804 ms/st  nog 67u51m   code/5  100%
  03:55  stap 184650/320000   58%  1804 ms/st  nog 67u48m   code/8    --
  03:56  stap 184700/320000   58%  1804 ms/st  nog 67u47m   puzzel/1   98%
  03:58  stap 184750/320000   58%  1803 ms/st  nog 67u45m   rekenen/23    --
  03:59  stap 184800/320000   58%  1804 ms/st  nog 67u44m   code/8   98%
  04:00  stap 184850/320000   58%  1803 ms/st  nog 67u40m   code/9    --
  04:02  stap 184900/320000   58%  1803 ms/st  nog 67u39m   puzzel/3   94%
  04:03  stap 184950/320000   58%  1802 ms/st  nog 67u36m   rekenen/20    --
  04:05  stap 185000/320000   58%  1802 ms/st  nog 67u33m   code/10   97%
  stap 185000 | diepte  35%  diepte2  78%  gemengd  84%  grondslag  85%  ladder  89%   | diepte tot 26 | 102 ms/stap
  04:07  stap 185050/320000   58%  1805 ms/st  nog 67u40m   code/5    --
  04:08  stap 185100/320000   58%  1804 ms/st  nog 67u36m   rekenen/5  100%
  04:10  stap 185150/320000   58%  1803 ms/st  nog 67u31m   rekenen/6    --
  04:11  stap 185200/320000   58%  1803 ms/st  nog 67u30m   code/8  100%
  04:12  stap 185250/320000   58%  1802 ms/st  nog 67u28m   puzzel/2    --
  04:14  stap 185300/320000   58%  1802 ms/st  nog 67u26m   rekenen/2  100%
  04:15  stap 185350/320000   58%  1802 ms/st  nog 67u23m   rekenen/13    --
  04:17  stap 185400/320000   58%  1801 ms/st  nog 67u20m   rekenen/25   95%
  04:18  stap 185450/320000   58%  1801 ms/st  nog 67u18m   code/1    --
  04:20  stap 185500/320000   58%  1801 ms/st  nog 67u16m   puzzel/3   88%
  stap 185500 | diepte  39%  diepte2  79%  gemengd  85%  grondslag  86%  ladder  90%   | diepte tot 26 | 107 ms/stap
  04:22  stap 185550/320000   58%  1804 ms/st  nog 67u22m   code/8    --
  04:23  stap 185600/320000   58%  1804 ms/st  nog 67u21m   puzzel/1  100%
  04:25  stap 185650/320000   58%  1804 ms/st  nog 67u18m   rekenen/22    --
  04:26  stap 185700/320000   58%  1803 ms/st  nog 67u16m   rekenen/3  100%
  04:28  stap 185750/320000   58%  1803 ms/st  nog 67u13m   rekenen/3    --
  04:29  stap 185800/320000   58%  1802 ms/st  nog 67u10m   code/8   98%
  04:30  stap 185850/320000   58%  1801 ms/st  nog 67u07m   rekenen/24    --
  04:32  stap 185900/320000   58%  1801 ms/st  nog 67u06m   rekenen/19   98%
  04:33  stap 185950/320000   58%  1801 ms/st  nog 67u03m   rekenen/4    --
  04:35  stap 186000/320000   58%  1800 ms/st  nog 67u00m   puzzel/5   88%
  stap 186000 | diepte  35%  diepte2  80%  gemengd  85%  grondslag  81%  ladder  90%   | diepte tot 26 | 112 ms/stap
  04:37  stap 186050/320000   58%  1804 ms/st  nog 67u06m   rekenen/25    --
  04:38  stap 186100/320000   58%  1804 ms/st  nog 67u06m   code/9   97%
  04:40  stap 186150/320000   58%  1803 ms/st  nog 67u02m   rekenen/20    --
  04:41  stap 186200/320000   58%  1803 ms/st  nog 67u00m   rekenen/5  100%
  04:42  stap 186250/320000   58%  1801 ms/st  nog 66u54m   code/10    --
  04:44  stap 186300/320000   58%  1801 ms/st  nog 66u53m   rekenen/23   97%
  04:45  stap 186350/320000   58%  1801 ms/st  nog 66u51m   puzzel/3    --
  04:47  stap 186400/320000   58%  1800 ms/st  nog 66u48m   rekenen/13   97%
  04:48  stap 186450/320000   58%  1800 ms/st  nog 66u45m   rekenen/14    --
  04:49  stap 186500/320000   58%  1800 ms/st  nog 66u44m   rekenen/18   97%
  stap 186500 | diepte  35%  diepte2  79%  gemengd  87%  grondslag  81%  ladder  89%   | diepte tot 26 | 116 ms/stap
  04:52  stap 186550/320000   58%  1803 ms/st  nog 66u50m   rekenen/2    --
  04:53  stap 186600/320000   58%  1803 ms/st  nog 66u49m   code/5   98%
  04:55  stap 186650/320000   58%  1802 ms/st  nog 66u45m   rekenen/16    --
  04:56  stap 186700/320000   58%  1802 ms/st  nog 66u43m   rekenen/14   98%
  04:58  stap 186750/320000   58%  1803 ms/st  nog 66u43m   puzzel/3    --
  04:59  stap 186800/320000   58%  1802 ms/st  nog 66u40m   rekenen/22   95%
  05:00  stap 186850/320000   58%  1801 ms/st  nog 66u37m   rekenen/4    --
  05:02  stap 186900/320000   58%  1801 ms/st  nog 66u35m   rekenen/13  100%
  05:03  stap 186950/320000   58%  1801 ms/st  nog 66u32m   rekenen/16    --
  05:05  stap 187000/320000   58%  1800 ms/st  nog 66u30m   rekenen/1  100%
  stap 187000 | diepte  33%  diepte2  79%  gemengd  86%  grondslag  86%  ladder  89%   | diepte tot 26 | 121 ms/stap
  05:07  stap 187050/320000   58%  1804 ms/st  nog 66u36m   rekenen/16    --
  05:08  stap 187100/320000   58%  1804 ms/st  nog 66u35m   rekenen/15  100%
  05:10  stap 187150/320000   58%  1803 ms/st  nog 66u31m   rekenen/11    --
  05:11  stap 187200/320000   58%  1803 ms/st  nog 66u30m   code/9   97%
  05:13  stap 187250/320000   59%  1802 ms/st  nog 66u27m   rekenen/9    --
  05:14  stap 187300/320000   59%  1803 ms/st  nog 66u27m   rekenen/17   97%
  05:15  stap 187350/320000   59%  1801 ms/st  nog 66u22m   rekenen/2    --
  05:17  stap 187400/320000   59%  1801 ms/st  nog 66u20m   rekenen/21   98%
  05:18  stap 187450/320000   59%  1801 ms/st  nog 66u17m   rekenen/24    --
  05:20  stap 187500/320000   59%  1800 ms/st  nog 66u15m   rekenen/10   98%
  stap 187500 | diepte  34%  diepte2  79%  gemengd  87%  grondslag  85%  ladder  88%   | diepte tot 26 | 125 ms/stap
  05:22  stap 187550/320000   59%  1803 ms/st  nog 66u20m   rekenen/2    --
  05:23  stap 187600/320000   59%  1803 ms/st  nog 66u18m   puzzel/3   95%
  05:24  stap 187650/320000   59%  1802 ms/st  nog 66u14m   puzzel/5    --
  05:26  stap 187700/320000   59%  1801 ms/st  nog 66u11m   rekenen/7  100%
  05:27  stap 187750/320000   59%  1801 ms/st  nog 66u09m   rekenen/19    --
  05:29  stap 187800/320000   59%  1800 ms/st  nog 66u06m   rekenen/3  100%
  05:30  stap 187850/320000   59%  1800 ms/st  nog 66u05m   code/9    --
  05:31  stap 187900/320000   59%  1800 ms/st  nog 66u02m   rekenen/12   98%
  05:33  stap 187950/320000   59%  1798 ms/st  nog 65u58m   puzzel/1    --
  05:34  stap 188000/320000   59%  1798 ms/st  nog 65u56m   puzzel/4   94%
  stap 188000 | diepte  37%  diepte2  79%  gemengd  87%  grondslag  85%  ladder  89%   | diepte tot 26 | 129 ms/stap
  05:36  stap 188050/320000   59%  1801 ms/st  nog 66u01m   rekenen/15    --
  05:38  stap 188100/320000   59%  1801 ms/st  nog 66u00m   puzzel/4   91%
  05:39  stap 188150/320000   59%  1801 ms/st  nog 65u57m   rekenen/19    --
  05:41  stap 188200/320000   59%  1802 ms/st  nog 65u57m   code/6  100%
  05:42  stap 188250/320000   59%  1801 ms/st  nog 65u54m   puzzel/5    --
  05:44  stap 188300/320000   59%  1801 ms/st  nog 65u53m   rekenen/14  100%
  05:45  stap 188350/320000   59%  1800 ms/st  nog 65u50m   rekenen/16    --
  05:47  stap 188400/320000   59%  1800 ms/st  nog 65u48m   rekenen/19  100%
  05:48  stap 188450/320000   59%  1800 ms/st  nog 65u46m   code/11    --
  05:49  stap 188500/320000   59%  1800 ms/st  nog 65u44m   code/2  100%
  stap 188500 | diepte  33%  diepte2  79%  gemengd  85%  grondslag  81%  ladder  89%   | diepte tot 26 | 134 ms/stap
  05:52  stap 188550/320000   59%  1803 ms/st  nog 65u49m   rekenen/24    --
  05:53  stap 188600/320000   59%  1803 ms/st  nog 65u48m   puzzel/6   69%
  05:55  stap 188650/320000   59%  1803 ms/st  nog 65u46m   rekenen/21    --
  05:56  stap 188700/320000   59%  1802 ms/st  nog 65u43m   code/8  100%
  05:57  stap 188750/320000   59%  1801 ms/st  nog 65u39m   rekenen/26    --
  05:59  stap 188800/320000   59%  1801 ms/st  nog 65u38m   rekenen/15   98%
  06:00  stap 188850/320000   59%  1801 ms/st  nog 65u36m   code/1    --
  06:02  stap 188900/320000   59%  1800 ms/st  nog 65u33m   code/11  100%
  06:03  stap 188950/320000   59%  1800 ms/st  nog 65u32m   puzzel/2    --
  06:05  stap 189000/320000   59%  1800 ms/st  nog 65u30m   rekenen/12  100%
  stap 189000 | diepte  31%  diepte2  79%  gemengd  81%  grondslag  79%  ladder  89%   | diepte tot 26 | 138 ms/stap
  06:07  stap 189050/320000   59%  1803 ms/st  nog 65u35m   rekenen/12    --
  06:08  stap 189100/320000   59%  1803 ms/st  nog 65u33m   rekenen/9  100%
  06:10  stap 189150/320000   59%  1803 ms/st  nog 65u31m   code/7    --
  06:11  stap 189200/320000   59%  1803 ms/st  nog 65u30m   code/1  100%
  06:12  stap 189250/320000   59%  1802 ms/st  nog 65u26m   rekenen/14    --
  06:14  stap 189300/320000   59%  1801 ms/st  nog 65u23m   rekenen/7  100%
  06:15  stap 189350/320000   59%  1801 ms/st  nog 65u21m   rekenen/22    --
  06:17  stap 189400/320000   59%  1800 ms/st  nog 65u19m   rekenen/9  100%
  06:18  stap 189450/320000   59%  1800 ms/st  nog 65u16m   rekenen/8    --
  06:19  stap 189500/320000   59%  1800 ms/st  nog 65u14m   code/2  100%
  stap 189500 | diepte  36%  diepte2  79%  gemengd  83%  grondslag  81%  ladder  89%   | diepte tot 26 | 143 ms/stap
  06:22  stap 189550/320000   59%  1802 ms/st  nog 65u18m   code/9    --
  06:23  stap 189600/320000   59%  1802 ms/st  nog 65u16m   code/6   94%
  06:24  stap 189650/320000   59%  1802 ms/st  nog 65u14m   rekenen/4    --
  06:26  stap 189700/320000   59%  1801 ms/st  nog 65u11m   code/9  100%
  06:27  stap 189750/320000   59%  1800 ms/st  nog 65u08m   code/6    --
  06:28  stap 189800/320000   59%  1800 ms/st  nog 65u05m   rekenen/8  100%
  06:30  stap 189850/320000   59%  1799 ms/st  nog 65u02m   code/10    --
  06:31  stap 189900/320000   59%  1799 ms/st  nog 65u00m   rekenen/2  100%
  06:33  stap 189950/320000   59%  1798 ms/st  nog 64u57m   code/4    --
  06:34  stap 190000/320000   59%  1798 ms/st  nog 64u56m   rekenen/21   95%
  stap 190000 | diepte  31%  diepte2  80%  gemengd  85%  grondslag  87%  ladder  89%   | diepte tot 26 | 147 ms/stap
  06:36  stap 190050/320000   59%  1801 ms/st  nog 65u00m   rekenen/13    --
  06:38  stap 190100/320000   59%  1802 ms/st  nog 65u00m   puzzel/6   86%
  06:39  stap 190150/320000   59%  1801 ms/st  nog 64u57m   puzzel/1    --
  06:41  stap 190200/320000   59%  1800 ms/st  nog 64u54m   code/6  100%
  06:42  stap 190250/320000   59%  1800 ms/st  nog 64u53m   rekenen/14    --
  06:44  stap 190300/320000   59%  1800 ms/st  nog 64u50m   rekenen/18   94%
  06:45  stap 190350/320000   59%  1799 ms/st  nog 64u48m   puzzel/4    --
  06:46  stap 190400/320000   60%  1799 ms/st  nog 64u46m   rekenen/22   94%
  06:48  stap 190450/320000   60%  1799 ms/st  nog 64u43m   rekenen/25    --
  06:49  stap 190500/320000   60%  1799 ms/st  nog 64u42m   rekenen/10  100%
  stap 190500 | diepte  35%  diepte2  81%  gemengd  82%  grondslag  85%  ladder  89%   | diepte tot 26 | 151 ms/stap
  06:51  stap 190550/320000   60%  1802 ms/st  nog 64u47m   rekenen/2    --
  06:53  stap 190600/320000   60%  1802 ms/st  nog 64u45m   code/2  100%
  06:54  stap 190650/320000   60%  1802 ms/st  nog 64u44m   code/6    --
  06:56  stap 190700/320000   60%  1801 ms/st  nog 64u42m   puzzel/2  100%
  06:57  stap 190750/320000   60%  1801 ms/st  nog 64u39m   puzzel/5    --
  06:59  stap 190800/320000   60%  1801 ms/st  nog 64u37m   code/6  100%
  07:00  stap 190850/320000   60%  1801 ms/st  nog 64u36m   puzzel/6    --
  07:02  stap 190900/320000   60%  1800 ms/st  nog 64u33m   code/6  100%
  07:03  stap 190950/320000   60%  1800 ms/st  nog 64u31m   code/10    --
  07:05  stap 191000/320000   60%  1800 ms/st  nog 64u30m   rekenen/24   91%
  stap 191000 | diepte  38%  diepte2  81%  gemengd  84%  grondslag  85%  ladder  89%   | diepte tot 26 | 156 ms/stap
  07:07  stap 191050/320000   60%  1803 ms/st  nog 64u34m   code/11    --
  07:08  stap 191100/320000   60%  1803 ms/st  nog 64u33m   rekenen/4  100%
  07:10  stap 191150/320000   60%  1802 ms/st  nog 64u30m   code/9    --
  07:11  stap 191200/320000   60%  1803 ms/st  nog 64u29m   rekenen/23   89%
  07:13  stap 191250/320000   60%  1802 ms/st  nog 64u27m   rekenen/20    --
  07:14  stap 191300/320000   60%  1802 ms/st  nog 64u25m   puzzel/6   81%
  07:15  stap 191350/320000   60%  1801 ms/st  nog 64u22m   rekenen/24    --
Traceback (most recent call last):
  File "/home/arch/amber-werk/fase1/life.py", line 108, in <module>
    result = learner.work(step)
  File "/home/arch/amber-werk/fase1/../kern/learning.py", line 590, in work
    loss = self.learn(chunk)
  File "/home/arch/amber-werk/fase1/../kern/learning.py", line 500, in learn
    losses.append(self._step(chunk))
                  ~~~~~~~~~~^^^^^^^
  File "/home/arch/amber-werk/fase1/../kern/learning.py", line 414, in _step
    return self._step_real(chunk)
           ~~~~~~~~~~~~~~~^^^^^^^
  File "/home/arch/amber-werk/fase1/../kern/learning.py", line 443, in _step_real
    summed = F.cross_entropy(predicted[counts], target[counts],
                             ~~~~~~~~~^^^^^^^^
torch.AcceleratorError: CUDA error: misaligned address
Search for `cudaErrorMisalignedAddress' in https://docs.nvidia.com/cuda/cuda-runtime-api/group__CUDART__TYPES.html for more information.
CUDA kernel errors might be asynchronously reported at some other API call, so the stacktrace below might be incorrect.
For debugging consider passing CUDA_LAUNCH_BLOCKING=1
Compile with `TORCH_USE_CUDA_DSA` to enable device-side assertions.

=== omgevallen, opnieuw over 15 s ===
=== poging 2 — 07:17:38 ===
  geheugen terug: 30,000 herinneringen
HERVAT bij stap 191001. Vorige keer eindigde met 'incident', 0 minuten geleden.
========================================================================
Leven in de wereld
========================================================================
14,368,528 parameters op cuda
320000 stappen, herhaling 37.5%, wereld open tot diepte 26
proefwerk elke 500 stappen, 150 opgaven per stuk

  stap     0 | diepte  38%  diepte2  81%  gemengd  84%  grondslag  85%  ladder  89%
=== poging 1 — 08:23:05 ===
  geheugen terug: 30,000 herinneringen
HERVAT bij stap 191001. Vorige keer eindigde met 'incident', 64 minuten geleden.
========================================================================
Leven in de wereld
========================================================================
14,368,528 parameters op cuda
320000 stappen, herhaling 37.5%, wereld open tot diepte 26
proefwerk elke 500 stappen, 150 opgaven per stuk

=== poging 1 — 08:23:19 ===
  geheugen terug: 30,000 herinneringen
HERVAT bij stap 191001. Vorige keer eindigde met 'incident', 0 minuten geleden.
========================================================================
Leven in de wereld
========================================================================
14,368,528 parameters op cuda
320000 stappen, herhaling 37.5%, wereld open tot diepte 26
proefwerk elke 500 stappen, 150 opgaven per stuk

  stap     0 | diepte  38%  diepte2  81%  gemengd  84%  grondslag  85%  ladder  89%
  08:25  stap 191050/320000   60%  1832 ms/st  nog 65u37m   code/11    --
  08:27  stap 191100/320000   60%  1866 ms/st  nog 66u47m   rekenen/4  100%
  08:28  stap 191150/320000   60%  1791 ms/st  nog 64u05m   code/9    --
  08:30  stap 191200/320000   60%  1821 ms/st  nog 65u08m   rekenen/23   92%
  08:31  stap 191250/320000   60%  1765 ms/st  nog 63u07m   code/10    --
  08:32  stap 191300/320000   60%  1751 ms/st  nog 62u36m   rekenen/18   98%
  08:34  stap 191350/320000   60%  1758 ms/st  nog 62u50m   rekenen/24    --
  08:35  stap 191400/320000   60%  1768 ms/st  nog 63u10m   code/3  100%
  08:37  stap 191450/320000   60%  1762 ms/st  nog 62u54m   code/7    --
  08:38  stap 191500/320000   60%  1756 ms/st  nog 62u41m   rekenen/12  100%
  stap 191500 | diepte  37%  diepte2  80%  gemengd  85%  grondslag  85%  ladder  88%   | diepte tot 26 | 5 ms/stap
  08:41  stap 191550/320000   60%  1860 ms/st  nog 66u21m   rekenen/1    --
  08:42  stap 191600/320000   60%  1865 ms/st  nog 66u31m   code/1  100%
  08:44  stap 191650/320000   60%  1854 ms/st  nog 66u05m   rekenen/7    --
  08:45  stap 191700/320000   60%  1859 ms/st  nog 66u14m   rekenen/24   86%
  08:47  stap 191750/320000   60%  1847 ms/st  nog 65u46m   code/2    --
  08:48  stap 191800/320000   60%  1840 ms/st  nog 65u31m   rekenen/21   97%
  08:49  stap 191850/320000   60%  1824 ms/st  nog 64u55m   code/3    --
  08:51  stap 191900/320000   60%  1821 ms/st  nog 64u47m   rekenen/21   98%
  08:52  stap 191950/320000   60%  1809 ms/st  nog 64u21m   puzzel/5    --
  08:54  stap 192000/320000   60%  1812 ms/st  nog 64u24m   rekenen/23   92%
  stap 192000 | diepte  37%  diepte2  79%  gemengd  81%  grondslag  85%  ladder  89%   | diepte tot 26 | 10 ms/stap
  08:56  stap 192050/320000   60%  1847 ms/st  nog 65u39m   code/5    --
  08:57  stap 192100/320000   60%  1844 ms/st  nog 65u30m   rekenen/14   98%
  08:59  stap 192150/320000   60%  1840 ms/st  nog 65u19m   rekenen/19    --
  09:00  stap 192200/320000   60%  1829 ms/st  nog 64u55m   puzzel/1   98%
  09:02  stap 192250/320000   60%  1826 ms/st  nog 64u47m   rekenen/6    --
  09:03  stap 192300/320000   60%  1828 ms/st  nog 64u51m   rekenen/17   98%
  09:05  stap 192350/320000   60%  1829 ms/st  nog 64u51m   rekenen/8    --
  09:06  stap 192400/320000   60%  1830 ms/st  nog 64u52m   code/3  100%
  09:08  stap 192450/320000   60%  1828 ms/st  nog 64u45m   rekenen/11    --
  09:09  stap 192500/320000   60%  1818 ms/st  nog 64u22m   rekenen/1  100%
  stap 192500 | diepte  35%  diepte2  79%  gemengd  87%  grondslag  87%  ladder  89%   | diepte tot 26 | 14 ms/stap
  09:11  stap 192550/320000   60%  1845 ms/st  nog 65u18m   code/6    --
  09:13  stap 192600/320000   60%  1841 ms/st  nog 65u08m   puzzel/5   89%
  09:14  stap 192650/320000   60%  1841 ms/st  nog 65u08m   rekenen/15    --
  09:16  stap 192700/320000   60%  1836 ms/st  nog 64u56m   rekenen/14   97%
  09:17  stap 192750/320000   60%  1832 ms/st  nog 64u46m   rekenen/10    --
  09:18  stap 192800/320000   60%  1826 ms/st  nog 64u30m   rekenen/19   95%
  09:20  stap 192850/320000   60%  1822 ms/st  nog 64u20m   rekenen/8    --
  09:21  stap 192900/320000   60%  1823 ms/st  nog 64u20m   rekenen/10   98%
  09:23  stap 192950/320000   60%  1821 ms/st  nog 64u15m   code/5    --
  09:24  stap 193000/320000   60%  1814 ms/st  nog 64u00m   rekenen/11   98%
  stap 193000 | diepte  38%  diepte2  80%  gemengd  86%  grondslag  86%  ladder  89%   | diepte tot 26 | 19 ms/stap
  09:26  stap 193050/320000   60%  1833 ms/st  nog 64u38m   puzzel/5    --
  09:28  stap 193100/320000   60%  1835 ms/st  nog 64u40m   puzzel/5   88%
  09:29  stap 193150/320000   60%  1827 ms/st  nog 64u23m   rekenen/4    --
  09:31  stap 193200/320000   60%  1826 ms/st  nog 64u18m   rekenen/11  100%
  09:32  stap 193250/320000   60%  1824 ms/st  nog 64u12m   rekenen/13    --
  09:33  stap 193300/320000   60%  1819 ms/st  nog 64u00m   rekenen/9  100%
  09:35  stap 193350/320000   60%  1819 ms/st  nog 64u00m   rekenen/5    --
  09:36  stap 193400/320000   60%  1819 ms/st  nog 63u57m   rekenen/7  100%
  09:38  stap 193450/320000   60%  1817 ms/st  nog 63u52m   code/1    --
  09:39  stap 193500/320000   60%  1816 ms/st  nog 63u48m   rekenen/2  100%
  stap 193500 | diepte  35%  diepte2  79%  gemengd  86%  grondslag  85%  ladder  89%   | diepte tot 26 | 24 ms/stap
  09:42  stap 193550/320000   60%  1835 ms/st  nog 64u26m   code/7    --
  09:43  stap 193600/320000   60%  1834 ms/st  nog 64u23m   rekenen/18   98%
  09:44  stap 193650/320000   61%  1831 ms/st  nog 64u16m   rekenen/14    --
  09:46  stap 193700/320000   61%  1831 ms/st  nog 64u13m   rekenen/4  100%
  09:47  stap 193750/320000   61%  1828 ms/st  nog 64u07m   rekenen/2    --
  09:49  stap 193800/320000   61%  1825 ms/st  nog 63u58m   rekenen/17   98%
  09:50  stap 193850/320000   61%  1820 ms/st  nog 63u47m   rekenen/25    --
  09:51  stap 193900/320000   61%  1819 ms/st  nog 63u42m   rekenen/11  100%
  09:53  stap 193950/320000   61%  1815 ms/st  nog 63u32m   rekenen/16    --
  09:54  stap 194000/320000   61%  1811 ms/st  nog 63u23m   code/1  100%
  stap 194000 | diepte  33%  diepte2  80%  gemengd  83%  grondslag  83%  ladder  89%   | diepte tot 26 | 28 ms/stap
  09:56  stap 194050/320000   61%  1826 ms/st  nog 63u53m   code/6    --
  09:58  stap 194100/320000   61%  1826 ms/st  nog 63u51m   puzzel/1   98%
  09:59  stap 194150/320000   61%  1824 ms/st  nog 63u45m   code/6    --
  10:01  stap 194200/320000   61%  1824 ms/st  nog 63u44m   rekenen/21   95%
  10:02  stap 194250/320000   61%  1823 ms/st  nog 63u40m   rekenen/22    --
  10:04  stap 194300/320000   61%  1822 ms/st  nog 63u37m   rekenen/11  100%
  10:05  stap 194350/320000   61%  1817 ms/st  nog 63u25m   code/4    --
  10:07  stap 194400/320000   61%  1818 ms/st  nog 63u25m   rekenen/12   98%
  10:08  stap 194450/320000   61%  1817 ms/st  nog 63u21m   code/1    --
  10:09  stap 194500/320000   61%  1816 ms/st  nog 63u17m   rekenen/18   97%
  stap 194500 | diepte  33%  diepte2  79%  gemengd  85%  grondslag  87%  ladder  89%   | diepte tot 26 | 33 ms/stap
  10:12  stap 194550/320000   61%  1829 ms/st  nog 63u43m   rekenen/10    --
  10:13  stap 194600/320000   61%  1827 ms/st  nog 63u38m   rekenen/10  100%
  10:14  stap 194650/320000   61%  1822 ms/st  nog 63u27m   rekenen/22    --
  10:16  stap 194700/320000   61%  1822 ms/st  nog 63u24m   rekenen/7  100%
  10:18  stap 194750/320000   61%  1823 ms/st  nog 63u24m   code/10    --
  10:19  stap 194800/320000   61%  1820 ms/st  nog 63u18m   rekenen/26   92%
  10:20  stap 194850/320000   61%  1821 ms/st  nog 63u18m   puzzel/1    --
  10:22  stap 194900/320000   61%  1821 ms/st  nog 63u15m   rekenen/10  100%
  10:23  stap 194950/320000   61%  1820 ms/st  nog 63u14m   rekenen/14    --
  10:25  stap 195000/320000   61%  1823 ms/st  nog 63u17m   rekenen/11  100%
  stap 195000 | diepte  30%  diepte2  80%  gemengd  83%  grondslag  81%  ladder  89%   | diepte tot 26 | 38 ms/stap
  10:27  stap 195050/320000   61%  1833 ms/st  nog 63u37m   puzzel/2    --
  10:29  stap 195100/320000   61%  1830 ms/st  nog 63u29m   rekenen/21   98%
  10:30  stap 195150/320000   61%  1831 ms/st  nog 63u29m   rekenen/23    --
  10:32  stap 195200/320000   61%  1829 ms/st  nog 63u23m   puzzel/1   98%
  10:33  stap 195250/320000   61%  1827 ms/st  nog 63u18m   rekenen/26    --
  10:34  stap 195300/320000   61%  1826 ms/st  nog 63u14m   rekenen/6  100%
  10:36  stap 195350/320000   61%  1825 ms/st  nog 63u11m   rekenen/1    --
  10:37  stap 195400/320000   61%  1823 ms/st  nog 63u06m   rekenen/3   98%
  10:39  stap 195450/320000   61%  1822 ms/st  nog 63u02m   rekenen/6    --
  10:40  stap 195500/320000   61%  1820 ms/st  nog 62u57m   puzzel/6   89%
  stap 195500 | diepte  32%  diepte2  80%  gemengd  83%  grondslag  83%  ladder  89%   | diepte tot 26 | 42 ms/stap
  10:42  stap 195550/320000   61%  1831 ms/st  nog 63u17m   code/9    --
  10:44  stap 195600/320000   61%  1831 ms/st  nog 63u17m   code/8   98%
  10:45  stap 195650/320000   61%  1830 ms/st  nog 63u13m   puzzel/6    --
  10:47  stap 195700/320000   61%  1829 ms/st  nog 63u08m   rekenen/9   95%
  10:48  stap 195750/320000   61%  1829 ms/st  nog 63u06m   rekenen/23    --
  10:50  stap 195800/320000   61%  1826 ms/st  nog 62u59m   rekenen/4  100%
  10:51  stap 195850/320000   61%  1823 ms/st  nog 62u52m   puzzel/2    --
  10:52  stap 195900/320000   61%  1820 ms/st  nog 62u45m   rekenen/6  100%
  10:54  stap 195950/320000   61%  1819 ms/st  nog 62u41m   puzzel/3    --
  10:55  stap 196000/320000   61%  1819 ms/st  nog 62u40m   code/10   92%
  stap 196000 | diepte  31%  diepte2  80%  gemengd  83%  grondslag  77%  ladder  89%   | diepte tot 26 | 47 ms/stap
  10:57  stap 196050/320000   61%  1826 ms/st  nog 62u53m   rekenen/21    --
  10:59  stap 196100/320000   61%  1828 ms/st  nog 62u54m   rekenen/11  100%
  11:00  stap 196150/320000   61%  1826 ms/st  nog 62u48m   rekenen/10    --
  11:02  stap 196200/320000   61%  1824 ms/st  nog 62u42m   rekenen/18   92%
  11:03  stap 196250/320000   61%  1822 ms/st  nog 62u37m   rekenen/10    --
  11:04  stap 196300/320000   61%  1821 ms/st  nog 62u34m   code/9   98%
  11:06  stap 196350/320000   61%  1817 ms/st  nog 62u25m   rekenen/24    --
  11:07  stap 196400/320000   61%  1817 ms/st  nog 62u23m   rekenen/18   98%
  11:09  stap 196450/320000   61%  1817 ms/st  nog 62u21m   rekenen/17    --
  11:10  stap 196500/320000   61%  1818 ms/st  nog 62u21m   rekenen/22   92%
  stap 196500 | diepte  37%  diepte2  81%  gemengd  85%  grondslag  85%  ladder  88%   | diepte tot 26 | 51 ms/stap
  11:12  stap 196550/320000   61%  1826 ms/st  nog 62u36m   puzzel/1    --
  11:14  stap 196600/320000   61%  1824 ms/st  nog 62u32m   rekenen/13   98%
  11:15  stap 196650/320000   61%  1822 ms/st  nog 62u25m   rekenen/10    --
  11:17  stap 196700/320000   61%  1821 ms/st  nog 62u22m   rekenen/19   97%
  11:18  stap 196750/320000   61%  1818 ms/st  nog 62u15m   rekenen/12    --
  11:19  stap 196800/320000   62%  1816 ms/st  nog 62u09m   code/5   98%
  11:21  stap 196850/320000   62%  1816 ms/st  nog 62u07m   code/6    --
  11:22  stap 196900/320000   62%  1818 ms/st  nog 62u09m   code/8   97%
  11:24  stap 196950/320000   62%  1816 ms/st  nog 62u05m   puzzel/4    --
  11:25  stap 197000/320000   62%  1816 ms/st  nog 62u02m   code/6   95%
  stap 197000 | diepte  31%  diepte2  80%  gemengd  82%  grondslag  81%  ladder  89%   | diepte tot 26 | 56 ms/stap
  11:27  stap 197050/320000   62%  1821 ms/st  nog 62u12m   rekenen/7    --
  11:29  stap 197100/320000   62%  1823 ms/st  nog 62u13m   rekenen/26   92%
  11:30  stap 197150/320000   62%  1821 ms/st  nog 62u07m   rekenen/5    --
  11:32  stap 197200/320000   62%  1822 ms/st  nog 62u09m   puzzel/1  100%
  11:33  stap 197250/320000   62%  1821 ms/st  nog 62u05m   code/3    --
  11:35  stap 197300/320000   62%  1821 ms/st  nog 62u02m   rekenen/4  100%
  11:36  stap 197350/320000   62%  1821 ms/st  nog 62u02m   rekenen/18    --
  11:38  stap 197400/320000   62%  1819 ms/st  nog 61u57m   code/8  100%
  11:39  stap 197450/320000   62%  1819 ms/st  nog 61u55m   code/11    --
  11:41  stap 197500/320000   62%  1819 ms/st  nog 61u52m   rekenen/25   92%
  stap 197500 | diepte  34%  diepte2  81%  gemengd  83%  grondslag  83%  ladder  89%   | diepte tot 26 | 60 ms/stap
  11:43  stap 197550/320000   62%  1824 ms/st  nog 62u02m   code/4    --
  11:44  stap 197600/320000   62%  1824 ms/st  nog 62u01m   code/9   98%
  11:46  stap 197650/320000   62%  1823 ms/st  nog 61u58m   code/4    --
  11:47  stap 197700/320000   62%  1824 ms/st  nog 61u57m   rekenen/6  100%
  11:49  stap 197750/320000   62%  1824 ms/st  nog 61u57m   code/6    --
  11:50  stap 197800/320000   62%  1823 ms/st  nog 61u52m   code/1  100%
  11:52  stap 197850/320000   62%  1821 ms/st  nog 61u48m   code/10    --
  11:53  stap 197900/320000   62%  1819 ms/st  nog 61u42m   rekenen/8  100%
  11:54  stap 197950/320000   62%  1818 ms/st  nog 61u37m   code/6    --
  11:56  stap 198000/320000   62%  1819 ms/st  nog 61u37m   rekenen/25   95%
  stap 198000 | diepte  31%  diepte2  79%  gemengd  84%  grondslag  78%  ladder  89%   | diepte tot 26 | 64 ms/stap
  11:58  stap 198050/320000   62%  1824 ms/st  nog 61u46m   rekenen/19    --
  11:59  stap 198100/320000   62%  1823 ms/st  nog 61u43m   rekenen/17   97%
  12:01  stap 198150/320000   62%  1822 ms/st  nog 61u39m   rekenen/16    --
  12:02  stap 198200/320000   62%  1821 ms/st  nog 61u35m   rekenen/19   95%
  12:04  stap 198250/320000   62%  1821 ms/st  nog 61u34m   puzzel/5    --
  12:05  stap 198300/320000   62%  1821 ms/st  nog 61u33m   code/8   98%
  12:06  stap 198350/320000   62%  1818 ms/st  nog 61u26m   rekenen/5    --
  12:08  stap 198400/320000   62%  1817 ms/st  nog 61u22m   rekenen/16   97%
  12:09  stap 198450/320000   62%  1817 ms/st  nog 61u20m   code/7    --
  12:11  stap 198500/320000   62%  1816 ms/st  nog 61u18m   rekenen/2  100%
  stap 198500 | diepte  36%  diepte2  80%  gemengd  85%  grondslag  82%  ladder  89%   | diepte tot 26 | 69 ms/stap
  12:13  stap 198550/320000   62%  1821 ms/st  nog 61u26m   puzzel/3    --
  12:14  stap 198600/320000   62%  1822 ms/st  nog 61u26m   puzzel/6   83%
  12:16  stap 198650/320000   62%  1820 ms/st  nog 61u20m   code/1    --
  12:17  stap 198700/320000   62%  1819 ms/st  nog 61u18m   puzzel/2  100%
  12:18  stap 198750/320000   62%  1818 ms/st  nog 61u13m   rekenen/8    --
  12:20  stap 198800/320000   62%  1817 ms/st  nog 61u11m   rekenen/18   98%
  12:21  stap 198850/320000   62%  1816 ms/st  nog 61u07m   rekenen/4    --
  12:23  stap 198900/320000   62%  1815 ms/st  nog 61u02m   code/2  100%
  12:24  stap 198950/320000   62%  1813 ms/st  nog 60u58m   rekenen/6    --
  12:25  stap 199000/320000   62%  1813 ms/st  nog 60u57m   puzzel/5   94%
  stap 199000 | diepte  39%  diepte2  81%  gemengd  86%  grondslag  87%  ladder  88%   | diepte tot 26 | 73 ms/stap
  12:27  stap 199050/320000   62%  1817 ms/st  nog 61u03m   rekenen/3    --
  12:29  stap 199100/320000   62%  1817 ms/st  nog 61u02m   code/6   97%
  12:30  stap 199150/320000   62%  1817 ms/st  nog 60u59m   rekenen/5    --
  12:32  stap 199200/320000   62%  1816 ms/st  nog 60u55m   rekenen/9  100%
  12:33  stap 199250/320000   62%  1814 ms/st  nog 60u50m   code/1    --
  12:35  stap 199300/320000   62%  1814 ms/st  nog 60u49m   rekenen/21   95%
  12:36  stap 199350/320000   62%  1814 ms/st  nog 60u46m   puzzel/5    --
  12:37  stap 199400/320000   62%  1813 ms/st  nog 60u44m   rekenen/2  100%
  12:39  stap 199450/320000   62%  1812 ms/st  nog 60u40m   rekenen/18    --
  12:40  stap 199500/320000   62%  1812 ms/st  nog 60u39m   puzzel/6   88%
  stap 199500 | diepte  35%  diepte2  81%  gemengd  81%  grondslag  79%  ladder  87%   | diepte tot 26 | 77 ms/stap
  12:42  stap 199550/320000   62%  1816 ms/st  nog 60u46m   rekenen/22    --
  12:44  stap 199600/320000   62%  1815 ms/st  nog 60u41m   rekenen/23   98%
  12:45  stap 199650/320000   62%  1814 ms/st  nog 60u39m   code/3    --
  12:47  stap 199700/320000   62%  1813 ms/st  nog 60u36m   rekenen/4  100%
  12:48  stap 199750/320000   62%  1813 ms/st  nog 60u33m   rekenen/14    --
  12:50  stap 199800/320000   62%  1813 ms/st  nog 60u32m   rekenen/18   97%
  12:51  stap 199850/320000   62%  1812 ms/st  nog 60u29m   rekenen/12    --
  12:52  stap 199900/320000   62%  1812 ms/st  nog 60u26m   puzzel/4   83%
  12:53  stap 199950/320000   62%  1809 ms/st  nog 60u20m   rekenen/20    --
  12:55  stap 200000/320000   62%  1810 ms/st  nog 60u20m   rekenen/18   97%
  stap 200000 | diepte  35%  diepte2  79%  gemengd  85%  grondslag  85%  ladder  87%   | diepte tot 26 | 82 ms/stap
  12:57  stap 200050/320000   63%  1815 ms/st  nog 60u27m   rekenen/9    --
  12:59  stap 200100/320000   63%  1815 ms/st  nog 60u26m   puzzel/3   89%
  13:00  stap 200150/320000   63%  1814 ms/st  nog 60u22m   rekenen/5    --
  13:02  stap 200200/320000   63%  1813 ms/st  nog 60u19m   rekenen/12  100%
  13:03  stap 200250/320000   63%  1812 ms/st  nog 60u16m   rekenen/14    --
  13:04  stap 200300/320000   63%  1811 ms/st  nog 60u13m   rekenen/6  100%
  13:06  stap 200350/320000   63%  1810 ms/st  nog 60u09m   puzzel/1    --
  13:07  stap 200400/320000   63%  1809 ms/st  nog 60u06m   puzzel/2  100%
  13:08  stap 200450/320000   63%  1808 ms/st  nog 60u02m   rekenen/10    --
  13:10  stap 200500/320000   63%  1808 ms/st  nog 60u00m   rekenen/22   89%
  stap 200500 | diepte  32%  diepte2  75%  gemengd  82%  grondslag  82%  ladder  85%   | diepte tot 26 | 86 ms/stap
  13:12  stap 200550/320000   63%  1812 ms/st  nog 60u07m   rekenen/4    --
  13:14  stap 200600/320000   63%  1812 ms/st  nog 60u06m   rekenen/26   84%
  13:15  stap 200650/320000   63%  1812 ms/st  nog 60u04m   code/1    --
  13:16  stap 200700/320000   63%  1810 ms/st  nog 59u59m   rekenen/8  100%
  13:18  stap 200750/320000   63%  1810 ms/st  nog 59u56m   rekenen/12    --
  13:19  stap 200800/320000   63%  1810 ms/st  nog 59u56m   puzzel/3   89%
  13:21  stap 200850/320000   63%  1809 ms/st  nog 59u52m   puzzel/5    --
  13:22  stap 200900/320000   63%  1809 ms/st  nog 59u50m   rekenen/16  100%
  13:23  stap 200950/320000   63%  1808 ms/st  nog 59u47m   rekenen/23    --
  13:25  stap 201000/320000   63%  1807 ms/st  nog 59u44m   rekenen/3  100%
  stap 201000 | diepte  34%  diepte2  81%  gemengd  86%  grondslag  85%  ladder  90%   | diepte tot 26 | 90 ms/stap
  13:27  stap 201050/320000   63%  1812 ms/st  nog 59u52m   rekenen/4    --
  13:29  stap 201100/320000   63%  1812 ms/st  nog 59u50m   rekenen/12  100%
  13:30  stap 201150/320000   63%  1810 ms/st  nog 59u46m   rekenen/5    --
  13:31  stap 201200/320000   63%  1809 ms/st  nog 59u42m   rekenen/9  100%
  13:33  stap 201250/320000   63%  1809 ms/st  nog 59u40m   rekenen/1    --
  13:34  stap 201300/320000   63%  1809 ms/st  nog 59u39m   rekenen/17  100%
  13:36  stap 201350/320000   63%  1808 ms/st  nog 59u35m   rekenen/16    --
  13:37  stap 201400/320000   63%  1808 ms/st  nog 59u33m   rekenen/16   95%
  13:38  stap 201450/320000   63%  1807 ms/st  nog 59u30m   rekenen/25    --
  13:40  stap 201500/320000   63%  1807 ms/st  nog 59u28m   rekenen/13  100%
  stap 201500 | diepte  33%  diepte2  81%  gemengd  85%  grondslag  85%  ladder  89%   | diepte tot 26 | 94 ms/stap
  13:42  stap 201550/320000   63%  1811 ms/st  nog 59u34m   rekenen/25    --
  13:43  stap 201600/320000   63%  1810 ms/st  nog 59u31m   rekenen/11  100%
  13:45  stap 201650/320000   63%  1810 ms/st  nog 59u29m   rekenen/6    --
  13:46  stap 201700/320000   63%  1809 ms/st  nog 59u25m   rekenen/16   97%
  13:47  stap 201750/320000   63%  1807 ms/st  nog 59u20m   code/5    --
  13:49  stap 201800/320000   63%  1806 ms/st  nog 59u18m   rekenen/21   98%
  13:50  stap 201850/320000   63%  1806 ms/st  nog 59u16m   rekenen/2    --
  13:52  stap 201900/320000   63%  1806 ms/st  nog 59u13m   code/8   98%
  13:53  stap 201950/320000   63%  1805 ms/st  nog 59u12m   rekenen/25    --
  13:55  stap 202000/320000   63%  1805 ms/st  nog 59u10m   code/5  100%
  stap 202000 | diepte  35%  diepte2  80%  gemengd  85%  grondslag  85%  ladder  89%   | diepte tot 26 | 98 ms/stap
  13:57  stap 202050/320000   63%  1808 ms/st  nog 59u15m   rekenen/8    --
  13:58  stap 202100/320000   63%  1808 ms/st  nog 59u13m   code/6   98%
  13:59  stap 202150/320000   63%  1807 ms/st  nog 59u08m   rekenen/23    --
  14:01  stap 202200/320000   63%  1806 ms/st  nog 59u06m   code/2  100%
  14:02  stap 202250/320000   63%  1806 ms/st  nog 59u04m   rekenen/2    --
  14:03  stap 202300/320000   63%  1805 ms/st  nog 59u00m   rekenen/10  100%
  14:05  stap 202350/320000   63%  1804 ms/st  nog 58u57m   rekenen/26    --
  14:06  stap 202400/320000   63%  1805 ms/st  nog 58u56m   rekenen/5  100%
  14:08  stap 202450/320000   63%  1804 ms/st  nog 58u55m   code/2    --
  14:09  stap 202500/320000   63%  1804 ms/st  nog 58u52m   puzzel/4   88%
  stap 202500 | diepte  33%  diepte2  78%  gemengd  86%  grondslag  86%  ladder  89%   | diepte tot 26 | 103 ms/stap
  14:11  stap 202550/320000   63%  1807 ms/st  nog 58u57m   rekenen/24    --
  14:13  stap 202600/320000   63%  1807 ms/st  nog 58u55m   rekenen/9   98%
  14:14  stap 202650/320000   63%  1806 ms/st  nog 58u51m   rekenen/7    --
  14:16  stap 202700/320000   63%  1806 ms/st  nog 58u49m   puzzel/6   84%
  14:17  stap 202750/320000   63%  1806 ms/st  nog 58u48m   rekenen/5    --
  14:19  stap 202800/320000   63%  1806 ms/st  nog 58u46m   code/11  100%
  14:20  stap 202850/320000   63%  1805 ms/st  nog 58u44m   rekenen/5    --
  14:22  stap 202900/320000   63%  1805 ms/st  nog 58u42m   code/10   94%
  14:23  stap 202950/320000   63%  1804 ms/st  nog 58u38m   code/8    --
  14:24  stap 203000/320000   63%  1803 ms/st  nog 58u35m   puzzel/2   98%
  stap 203000 | diepte  33%  diepte2  81%  gemengd  85%  grondslag  86%  ladder  89%   | diepte tot 26 | 107 ms/stap
  14:26  stap 203050/320000   63%  1806 ms/st  nog 58u40m   rekenen/26    --
  14:28  stap 203100/320000   63%  1806 ms/st  nog 58u38m   puzzel/5   81%
  14:29  stap 203150/320000   63%  1806 ms/st  nog 58u36m   code/5    --
  14:31  stap 203200/320000   64%  1805 ms/st  nog 58u32m   puzzel/1   98%
  14:32  stap 203250/320000   64%  1805 ms/st  nog 58u31m   code/7    --
  14:33  stap 203300/320000   64%  1804 ms/st  nog 58u29m   code/5  100%
  14:35  stap 203350/320000   64%  1804 ms/st  nog 58u27m   puzzel/2    --
  14:36  stap 203400/320000   64%  1804 ms/st  nog 58u25m   code/4  100%
  14:38  stap 203450/320000   64%  1803 ms/st  nog 58u21m   rekenen/17    --
  14:39  stap 203500/320000   64%  1802 ms/st  nog 58u19m   code/4  100%
  stap 203500 | diepte  32%  diepte2  81%  gemengd  86%  grondslag  87%  ladder  88%   | diepte tot 26 | 111 ms/stap
  14:41  stap 203550/320000   64%  1805 ms/st  nog 58u24m   puzzel/6    --
  14:43  stap 203600/320000   64%  1804 ms/st  nog 58u20m   rekenen/15   98%
  14:44  stap 203650/320000   64%  1804 ms/st  nog 58u18m   puzzel/6    --
  14:45  stap 203700/320000   64%  1804 ms/st  nog 58u16m   puzzel/5   86%
  14:47  stap 203750/320000   64%  1803 ms/st  nog 58u13m   rekenen/19    --
  14:48  stap 203800/320000   64%  1803 ms/st  nog 58u11m   code/5   98%
  14:49  stap 203850/320000   64%  1802 ms/st  nog 58u07m   rekenen/23    --
  14:51  stap 203900/320000   64%  1801 ms/st  nog 58u04m   code/7  100%
  14:52  stap 203950/320000   64%  1801 ms/st  nog 58u03m   puzzel/4    --
  14:54  stap 204000/320000   64%  1801 ms/st  nog 58u01m   rekenen/18   95%
  stap 204000 | diepte  34%  diepte2  79%  gemengd  89%  grondslag  88%  ladder  87%   | diepte tot 26 | 115 ms/stap
  14:56  stap 204050/320000   64%  1804 ms/st  nog 58u06m   puzzel/1    --
  14:57  stap 204100/320000   64%  1804 ms/st  nog 58u04m   code/4  100%
  14:59  stap 204150/320000   64%  1804 ms/st  nog 58u02m   rekenen/24    --
  15:00  stap 204200/320000   64%  1804 ms/st  nog 58u00m   rekenen/24   95%
  15:02  stap 204250/320000   64%  1804 ms/st  nog 57u59m   rekenen/26    --
  15:03  stap 204300/320000   64%  1802 ms/st  nog 57u55m   rekenen/1  100%
  15:04  stap 204350/320000   64%  1802 ms/st  nog 57u52m   rekenen/16    --
  15:06  stap 204400/320000   64%  1802 ms/st  nog 57u51m   puzzel/2  100%
  15:07  stap 204450/320000   64%  1802 ms/st  nog 57u49m   code/2    --
  15:09  stap 204500/320000   64%  1801 ms/st  nog 57u47m   rekenen/3  100%
  stap 204500 | diepte  37%  diepte2  80%  gemengd  87%  grondslag  88%  ladder  88%   | diepte tot 26 | 119 ms/stap
  15:11  stap 204550/320000   64%  1805 ms/st  nog 57u52m   rekenen/17    --
  15:12  stap 204600/320000   64%  1804 ms/st  nog 57u49m   rekenen/9  100%
  15:14  stap 204650/320000   64%  1803 ms/st  nog 57u46m   puzzel/4    --
  15:15  stap 204700/320000   64%  1803 ms/st  nog 57u44m   rekenen/16  100%
  15:17  stap 204750/320000   64%  1802 ms/st  nog 57u42m   rekenen/18    --
  15:18  stap 204800/320000   64%  1801 ms/st  nog 57u38m   rekenen/9  100%
  15:19  stap 204850/320000   64%  1801 ms/st  nog 57u35m   code/7    --
  15:21  stap 204900/320000   64%  1800 ms/st  nog 57u33m   code/8   98%
  15:22  stap 204950/320000   64%  1801 ms/st  nog 57u32m   puzzel/6    --
  15:24  stap 205000/320000   64%  1800 ms/st  nog 57u30m   rekenen/4  100%
  stap 205000 | diepte  35%  diepte2  81%  gemengd  89%  grondslag  88%  ladder  87%   | diepte tot 26 | 123 ms/stap
  15:26  stap 205050/320000   64%  1802 ms/st  nog 57u33m   code/3    --
  15:27  stap 205100/320000   64%  1802 ms/st  nog 57u31m   rekenen/20   98%
  15:29  stap 205150/320000   64%  1802 ms/st  nog 57u29m   rekenen/26    --
  15:30  stap 205200/320000   64%  1801 ms/st  nog 57u26m   code/2  100%
  15:31  stap 205250/320000   64%  1801 ms/st  nog 57u24m   rekenen/18    --
  15:33  stap 205300/320000   64%  1802 ms/st  nog 57u24m   code/6   95%
  15:34  stap 205350/320000   64%  1801 ms/st  nog 57u22m   rekenen/9    --
  15:36  stap 205400/320000   64%  1801 ms/st  nog 57u20m   puzzel/6   75%
  15:37  stap 205450/320000   64%  1800 ms/st  nog 57u17m   rekenen/25    --
  15:38  stap 205500/320000   64%  1800 ms/st  nog 57u14m   puzzel/1  100%
  stap 205500 | diepte  36%  diepte2  79%  gemengd  87%  grondslag  85%  ladder  88%   | diepte tot 26 | 127 ms/stap
  15:41  stap 205550/320000   64%  1803 ms/st  nog 57u18m   code/10    --
  15:42  stap 205600/320000   64%  1802 ms/st  nog 57u16m   rekenen/3  100%
  15:43  stap 205650/320000   64%  1802 ms/st  nog 57u13m   rekenen/9    --
  15:45  stap 205700/320000   64%  1801 ms/st  nog 57u10m   code/5   98%
  15:46  stap 205750/320000   64%  1801 ms/st  nog 57u08m   rekenen/15    --
  15:48  stap 205800/320000   64%  1800 ms/st  nog 57u06m   code/5   97%
  15:49  stap 205850/320000   64%  1800 ms/st  nog 57u04m   rekenen/6    --
  15:51  stap 205900/320000   64%  1800 ms/st  nog 57u03m   rekenen/25   97%
  15:52  stap 205950/320000   64%  1799 ms/st  nog 57u00m   code/11    --
  15:53  stap 206000/320000   64%  1799 ms/st  nog 56u58m   rekenen/7   98%
  stap 206000 | diepte  35%  diepte2  81%  gemengd  87%  grondslag  89%  ladder  88%   | diepte tot 26 | 131 ms/stap
  15:56  stap 206050/320000   64%  1802 ms/st  nog 57u01m   rekenen/26    --
  15:57  stap 206100/320000   64%  1802 ms/st  nog 57u00m   rekenen/22   98%
  15:58  stap 206150/320000   64%  1802 ms/st  nog 56u58m   code/4    --
  16:00  stap 206200/320000   64%  1802 ms/st  nog 56u56m   rekenen/23   94%
  16:01  stap 206250/320000   64%  1801 ms/st  nog 56u54m   rekenen/19    --
  16:03  stap 206300/320000   64%  1801 ms/st  nog 56u52m   rekenen/17  100%
  16:04  stap 206350/320000   64%  1800 ms/st  nog 56u49m   puzzel/3    --
  16:06  stap 206400/320000   64%  1800 ms/st  nog 56u47m   rekenen/12   95%
  16:07  stap 206450/320000   65%  1799 ms/st  nog 56u44m   puzzel/3    --
  16:08  stap 206500/320000   65%  1799 ms/st  nog 56u42m   rekenen/13   97%
  stap 206500 | diepte  35%  diepte2  79%  gemengd  85%  grondslag  83%  ladder  87%   | diepte tot 26 | 135 ms/stap
  16:10  stap 206550/320000   65%  1801 ms/st  nog 56u45m   rekenen/14    --
  16:12  stap 206600/320000   65%  1801 ms/st  nog 56u43m   rekenen/11   98%
  16:13  stap 206650/320000   65%  1800 ms/st  nog 56u41m   rekenen/15    --
  16:15  stap 206700/320000   65%  1800 ms/st  nog 56u38m   code/4  100%
  16:16  stap 206750/320000   65%  1799 ms/st  nog 56u35m   rekenen/25    --
  16:17  stap 206800/320000   65%  1799 ms/st  nog 56u34m   code/4  100%
  16:19  stap 206850/320000   65%  1799 ms/st  nog 56u33m   rekenen/4    --
  16:20  stap 206900/320000   65%  1799 ms/st  nog 56u31m   puzzel/6   86%
  16:22  stap 206950/320000   65%  1799 ms/st  nog 56u29m   rekenen/3    --
  16:23  stap 207000/320000   65%  1798 ms/st  nog 56u26m   rekenen/7  100%
  stap 207000 | diepte  38%  diepte2  79%  gemengd  86%  grondslag  87%  ladder  89%   | diepte tot 26 | 139 ms/stap
  16:25  stap 207050/320000   65%  1801 ms/st  nog 56u30m   code/3    --
  16:27  stap 207100/320000   65%  1800 ms/st  nog 56u27m   rekenen/2  100%
  16:28  stap 207150/320000   65%  1800 ms/st  nog 56u25m   puzzel/1    --
  16:29  stap 207200/320000   65%  1799 ms/st  nog 56u22m   code/2  100%
  16:31  stap 207250/320000   65%  1799 ms/st  nog 56u20m   code/10    --
  16:32  stap 207300/320000   65%  1798 ms/st  nog 56u17m   rekenen/13  100%
  16:34  stap 207350/320000   65%  1798 ms/st  nog 56u15m   rekenen/13    --
  16:35  stap 207400/320000   65%  1798 ms/st  nog 56u13m   rekenen/19   98%
  16:36  stap 207450/320000   65%  1798 ms/st  nog 56u12m   rekenen/15    --
  16:38  stap 207500/320000   65%  1797 ms/st  nog 56u08m   rekenen/6  100%
  stap 207500 | diepte  40%  diepte2  81%  gemengd  85%  grondslag  87%  ladder  90%   | diepte tot 26 | 143 ms/stap
  16:40  stap 207550/320000   65%  1800 ms/st  nog 56u13m   rekenen/23    --
  16:41  stap 207600/320000   65%  1799 ms/st  nog 56u11m   rekenen/18  100%
  16:43  stap 207650/320000   65%  1799 ms/st  nog 56u09m   rekenen/17    --
  16:44  stap 207700/320000   65%  1799 ms/st  nog 56u07m   rekenen/25   94%
  16:46  stap 207750/320000   65%  1798 ms/st  nog 56u04m   rekenen/21    --
  16:47  stap 207800/320000   65%  1798 ms/st  nog 56u02m   code/3  100%
  16:48  stap 207850/320000   65%  1798 ms/st  nog 55u59m   puzzel/6    --
  16:50  stap 207900/320000   65%  1797 ms/st  nog 55u57m   rekenen/17   98%
  16:51  stap 207950/320000   65%  1797 ms/st  nog 55u55m   rekenen/18    --
  16:53  stap 208000/320000   65%  1796 ms/st  nog 55u53m   rekenen/22   91%
  stap 208000 | diepte  35%  diepte2  80%  gemengd  85%  grondslag  86%  ladder  89%   | diepte tot 26 | 147 ms/stap
  16:55  stap 208050/320000   65%  1799 ms/st  nog 55u56m   code/9    --
  16:56  stap 208100/320000   65%  1799 ms/st  nog 55u54m   rekenen/3  100%
  16:58  stap 208150/320000   65%  1798 ms/st  nog 55u52m   puzzel/6    --
  16:59  stap 208200/320000   65%  1798 ms/st  nog 55u50m   rekenen/6  100%
  17:00  stap 208250/320000   65%  1798 ms/st  nog 55u48m   rekenen/10    --
  17:02  stap 208300/320000   65%  1797 ms/st  nog 55u46m   puzzel/3   91%
  17:03  stap 208350/320000   65%  1797 ms/st  nog 55u43m   rekenen/5    --
  17:05  stap 208400/320000   65%  1797 ms/st  nog 55u42m   code/4   98%
  17:06  stap 208450/320000   65%  1797 ms/st  nog 55u40m   rekenen/16    --
  17:08  stap 208500/320000   65%  1797 ms/st  nog 55u39m   rekenen/25   89%
  stap 208500 | diepte  37%  diepte2  79%  gemengd  84%  grondslag  85%  ladder  89%   | diepte tot 26 | 151 ms/stap
